Filepath,Text,Language
train/hindi/A_image_105_34.jpg,सत्‍यमेव,hindi
train/hindi/A_image_105_35.jpg,जयते,hindi
train/hindi/A_image_1065_0.jpg,नई,hindi
train/hindi/A_image_1065_1.jpg,मुख्यधारा,hindi
train/hindi/A_image_1065_11.jpg,यात्रा,hindi
train/hindi/A_image_1065_12.jpg,असम,hindi
train/hindi/A_image_1065_13.jpg,प्रगति,hindi
train/hindi/A_image_1065_14.jpg,क‍ी,hindi
train/hindi/A_image_1065_15.jpg,की‍,hindi
train/hindi/A_image_1065_16.jpg,साथ ,hindi
train/hindi/A_image_1065_17.jpg,के,hindi
train/hindi/A_image_1065_18.jpg,की,hindi
train/hindi/A_image_1065_2.jpg,राष्ट्र,hindi
train/hindi/A_image_1066_0.jpg,असम,hindi
train/hindi/A_image_1066_1.jpg,साथ ,hindi
train/hindi/A_image_1066_18.jpg,के,hindi
train/hindi/A_image_1066_19.jpg,की,hindi
train/hindi/A_image_1066_2.jpg,मुख्यधारा,hindi
train/hindi/A_image_1066_20.jpg,क‍ी,hindi
train/hindi/A_image_1066_21.jpg,की‍,hindi
train/hindi/A_image_1066_22.jpg,नई,hindi
train/hindi/A_image_1066_23.jpg,प्रगति,hindi
train/hindi/A_image_1066_24.jpg,यात्रा,hindi
train/hindi/A_image_1066_3.jpg,राष्ट्र्र,hindi
train/hindi/A_image_1069_0.jpg,डिब्रुगढ़ ,hindi
train/hindi/A_image_1069_4.jpg,डिब्रुगढ़,hindi
train/hindi/A_image_1157_125.jpg,गेल,hindi
train/hindi/A_image_1157_130.jpg,मनमोहन,hindi
train/hindi/A_image_1157_5.jpg,डा.,hindi
train/hindi/A_image_1157_88.jpg,ऑयल,hindi
train/hindi/A_image_1157_89.jpg,इंडिया,hindi
train/hindi/A_image_1157_90.jpg,लिमिटेड,hindi
train/hindi/A_image_1164_0.jpg,लोकसभा,hindi
train/hindi/A_image_1164_108.jpg,एंडप,hindi
train/hindi/A_image_1164_109.jpg,पॉलीमर,hindi
train/hindi/A_image_1164_110.jpg,लिमिटेड,hindi
train/hindi/A_image_1164_111.jpg,पेट्रोकेमिकल,hindi
train/hindi/A_image_1164_112.jpg,का,hindi
train/hindi/A_image_1164_113.jpg,श्री,hindi
train/hindi/A_image_1164_114.jpg,नरेन्द्र,hindi
train/hindi/A_image_1164_115.jpg,मोदी,hindi
train/hindi/A_image_1164_139.jpg,श्री,hindi
train/hindi/A_image_1164_140.jpg,अनंत,hindi
train/hindi/A_image_1164_141.jpg,कुमार,hindi
train/hindi/A_image_1164_142.jpg,रसायन,hindi
train/hindi/A_image_1164_143.jpg,और,hindi
train/hindi/A_image_1164_145.jpg,गोगोई,hindi
train/hindi/A_image_1164_146.jpg,श्री,hindi
train/hindi/A_image_1164_147.jpg,धर्मेंद्र,hindi
train/hindi/A_image_1164_148.jpg,प्रधान,hindi
train/hindi/A_image_1164_149.jpg,राज्य,hindi
train/hindi/A_image_1164_150.jpg,मंत्री,hindi
train/hindi/A_image_1164_151.jpg,स्वतंत्र,hindi
train/hindi/A_image_1164_152.jpg,प्रभार),hindi
train/hindi/A_image_1164_161.jpg,श्री,hindi
train/hindi/A_image_1164_162.jpg,रामेश्वर,hindi
train/hindi/A_image_1164_163.jpg,श्री,hindi
train/hindi/A_image_1164_164.jpg,गंगाराम,hindi
train/hindi/A_image_1164_165.jpg,श्री,hindi
train/hindi/A_image_1164_166.jpg,माझी,hindi
train/hindi/A_image_1164_167.jpg,लेपेटकटा,hindi
train/hindi/A_image_1164_168.jpg,असम,hindi
train/hindi/A_image_1164_19.jpg,আক সাব,hindi
train/hindi/A_image_1164_199.jpg,सांसद,hindi
train/hindi/A_image_1164_32.jpg,"डिब्रूगढ़,",hindi
train/hindi/A_image_1164_33.jpg,"बीसीपीएल,",hindi
train/hindi/A_image_1164_34.jpg,पृथ्वी,hindi
train/hindi/A_image_1164_35.jpg,अहिर,hindi
train/hindi/A_image_1164_36.jpg,हंसराज,hindi
train/hindi/A_image_1164_37.jpg,तेली,hindi
train/hindi/A_image_1164_42.jpg,सोनोवाल,hindi
train/hindi/A_image_1164_43.jpg,सर्वानन्द,hindi
train/hindi/A_image_1164_44.jpg,श्री,hindi
train/hindi/A_image_1164_46.jpg,सरकार,hindi
train/hindi/A_image_1164_47.jpg,भारत,hindi
train/hindi/A_image_1164_49.jpg,प्राकृतिक,hindi
train/hindi/A_image_1164_50.jpg,एवं,hindi
train/hindi/A_image_1164_51.jpg,पेट्रोलियम,hindi
train/hindi/A_image_1164_52.jpg,असम,hindi
train/hindi/A_image_1164_53.jpg,मुख्यमंत्री,hindi
train/hindi/A_image_1164_54.jpg,तरुण,hindi
train/hindi/A_image_1164_55.jpg,श्री,hindi
train/hindi/A_image_1164_56.jpg,सरकार,hindi
train/hindi/A_image_1164_57.jpg,भारत,hindi
train/hindi/A_image_1164_58.jpg,मंत्री,hindi
train/hindi/A_image_1164_59.jpg,असम,hindi
train/hindi/A_image_1164_60.jpg,राज्यपाल,hindi
train/hindi/A_image_1164_61.jpg,आचार्य,hindi
train/hindi/A_image_1164_62.jpg,बालकृष्णअ,hindi
train/hindi/A_image_1164_63.jpg,पद्‍मनाभ,hindi
train/hindi/A_image_1164_64.jpg,श्री,hindi
train/hindi/A_image_1164_73.jpg,उपस्थिति,hindi
train/hindi/A_image_1164_74.jpg,गरिमामयी,hindi
train/hindi/A_image_1164_81.jpg,द्वारा,hindi
train/hindi/A_image_1164_82.jpg,कमलों,hindi
train/hindi/A_image_1164_83.jpg,कर,hindi
train/hindi/A_image_1164_84.jpg,के,hindi
train/hindi/A_image_1164_85.jpg,प्रधानमंत्री,hindi
train/hindi/A_image_1164_86.jpg,समर्पण,hindi
train/hindi/A_image_1164_87.jpg,को,hindi
train/hindi/A_image_1164_88.jpg,राष्ट्र ,hindi
train/hindi/A_image_1164_89.jpg,कॉम्प्लेक्स,hindi
train/hindi/A_image_1164_90.jpg,क्रैकर,hindi
train/hindi/A_image_1164_91.jpg,ब्रह्मपुत्र,hindi
train/hindi/A_image_1195_0.jpg,तिरुवनंतपुरम,hindi
train/hindi/A_image_1195_2.jpg,कन्याकुमारी,hindi
train/hindi/A_image_1195_3.jpg,डिब्रुगढ़,hindi
train/hindi/A_image_125_10.jpg,श्रीमती,hindi
train/hindi/A_image_125_119.jpg,श्री,hindi
train/hindi/A_image_125_12.jpg,मंत्री,hindi
train/hindi/A_image_125_120.jpg,नरेन्द्र,hindi
train/hindi/A_image_125_121.jpg,प्रधान,hindi
train/hindi/A_image_125_123.jpg,सम्पन्न,hindi
train/hindi/A_image_125_124.jpg,किया,hindi
train/hindi/A_image_125_125.jpg,उपस्थिति,hindi
train/hindi/A_image_125_126.jpg,श्री,hindi
train/hindi/A_image_125_127.jpg,"पि,",hindi
train/hindi/A_image_125_128.jpg,वालकृष्ण,hindi
train/hindi/A_image_125_129.jpg,आच,hindi
train/hindi/A_image_125_13.jpg,असम,hindi
train/hindi/A_image_125_130.jpg,श्री,hindi
train/hindi/A_image_125_131.jpg,तरुण,hindi
train/hindi/A_image_125_132.jpg,गोगोई,hindi
train/hindi/A_image_125_133.jpg,मुख्‍य,hindi
train/hindi/A_image_125_135.jpg,श्री,hindi
train/hindi/A_image_125_136.jpg,शरत,hindi
train/hindi/A_image_125_137.jpg,बरकोतोक,hindi
train/hindi/A_image_125_138.jpg,"शिक्षा,",hindi
train/hindi/A_image_125_14.jpg,राज्यपाल,hindi
train/hindi/A_image_125_140.jpg,जनवरी,hindi
train/hindi/A_image_125_16.jpg,संस्था,hindi
train/hindi/A_image_125_17.jpg,प्रौद्योगिकी,hindi
train/hindi/A_image_125_18.jpg,भारतीय,hindi
train/hindi/A_image_125_2.jpg,लोक,hindi
train/hindi/A_image_125_3.jpg,और,hindi
train/hindi/A_image_125_4.jpg,पेंशन,hindi
train/hindi/A_image_125_5.jpg,विकास,hindi
train/hindi/A_image_125_6.jpg,संसाधन,hindi
train/hindi/A_image_125_7.jpg,मानव,hindi
train/hindi/A_image_125_8.jpg,जूविन,hindi
train/hindi/A_image_125_9.jpg,स्मृति,hindi
train/hindi/A_image_129_16.jpg,प्रबंधक,hindi
train/hindi/A_image_129_17.jpg,लीगांव,hindi
train/hindi/A_image_129_19.jpg,सेवा,hindi
train/hindi/A_image_129_6.jpg,धर्मः,hindi
train/hindi/A_image_129_7.jpg,परमो,hindi
train/hindi/A_image_162_0.jpg,सत्यमेव,hindi
train/hindi/A_image_162_9.jpg,जयते,hindi
train/hindi/A_image_19_2.jpg,प्रस्थान,hindi
train/hindi/A_image_19_5.jpg,प्रवेश,hindi
train/hindi/A_image_20_14.jpg,द्वार,hindi
train/hindi/A_image_20_16.jpg,द्वार,hindi
train/hindi/A_image_20_7.jpg,द्वार,hindi
train/hindi/A_image_20_9.jpg,द्वार,hindi
train/hindi/A_image_2145_0.jpg,गुवाहा,hindi
train/hindi/A_image_2145_3.jpg,जोरहाट,hindi
train/hindi/A_image_2145_6.jpg,टाउन,hindi
train/hindi/A_image_2145_7.jpg,पू.सी.N.F. 02614,hindi
train/hindi/A_image_22_37.jpg,पावरग्रिड,hindi
train/hindi/A_image_23_29.jpg,पावरग्रिड,hindi
train/hindi/A_image_2395_20.jpg,(इंडियनऑयल),hindi
train/hindi/A_image_24_17.jpg,पावरग्रिड,hindi
train/hindi/A_image_2405_1.jpg,ग्रन्थागार,hindi
train/hindi/A_image_2408_15.jpg,राष्ट्रीय,hindi
train/hindi/A_image_2408_17.jpg,जोरहाट,hindi
train/hindi/A_image_2408_3.jpg,जोरहाट,hindi
train/hindi/A_image_2408_4.jpg,संस्थान,hindi
train/hindi/A_image_244_10.jpg,आधारशिला,hindi
train/hindi/A_image_244_11.jpg,अंतर्गत),hindi
train/hindi/A_image_244_12.jpg,योजना,hindi
train/hindi/A_image_244_13.jpg,स्वास्थ्य,hindi
train/hindi/A_image_244_14.jpg,(प्रधान,hindi
train/hindi/A_image_244_15.jpg,"संस्थान,",hindi
train/hindi/A_image_244_16.jpg,भारतीय,hindi
train/hindi/A_image_244_17.jpg,करकमलों,hindi
train/hindi/A_image_244_18.jpg,जी,hindi
train/hindi/A_image_244_19.jpg,मोदी,hindi
train/hindi/A_image_244_20.jpg,नरेन्द्र,hindi
train/hindi/A_image_244_21.jpg,श्री,hindi
train/hindi/A_image_244_22.jpg,सरकार,hindi
train/hindi/A_image_244_23.jpg,मंत्रालय,hindi
train/hindi/A_image_244_24.jpg,कल्याण,hindi
train/hindi/A_image_244_25.jpg,परिवार,hindi
train/hindi/A_image_244_26.jpg,स्वास्थ्य,hindi
train/hindi/A_image_244_3.jpg,कुलालं,hindi
train/hindi/A_image_244_4.jpg,फग्गन सिं,hindi
train/hindi/A_image_244_48.jpg,और,hindi
train/hindi/A_image_244_49.jpg,भारत,hindi
train/hindi/A_image_244_5.jpg,असम,hindi
train/hindi/A_image_244_50.jpg,प्रधान,hindi
train/hindi/A_image_244_51.jpg,मंत्री,hindi
train/hindi/A_image_244_52.jpg,के,hindi
train/hindi/A_image_244_53.jpg,द्वारा,hindi
train/hindi/A_image_244_54.jpg,अखिल,hindi
train/hindi/A_image_244_56.jpg,गुवाहाटी,hindi
train/hindi/A_image_244_57.jpg,मंत्री,hindi
train/hindi/A_image_244_58.jpg,सुरक्षा,hindi
train/hindi/A_image_244_59.jpg,ना के,hindi
train/hindi/A_image_244_6.jpg,पुरोहित,hindi
train/hindi/A_image_244_60.jpg,की,hindi
train/hindi/A_image_244_61.jpg,रखी,hindi
train/hindi/A_image_244_62.jpg,गई,hindi
train/hindi/A_image_244_63.jpg,श्री,hindi
train/hindi/A_image_244_64.jpg,"राज्यपाल,",hindi
train/hindi/A_image_244_66.jpg,न सिंह कु,hindi
train/hindi/A_image_244_7.jpg,बनवारीलाल,hindi
train/hindi/A_image_244_8.jpg,उपस्थिति,hindi
train/hindi/A_image_244_9.jpg,गरिमामयी,hindi
train/hindi/A_image_248_10.jpg,उपभोक्ता,hindi
train/hindi/A_image_248_15.jpg,पासवान,hindi
train/hindi/A_image_248_16.jpg,सरकार,hindi
train/hindi/A_image_248_20.jpg,विभाग,hindi
train/hindi/A_image_248_26.jpg,मामले,hindi
train/hindi/A_image_248_27.jpg,उपभोक्ता,hindi
train/hindi/A_image_248_3.jpg,भारत,hindi
train/hindi/A_image_248_32.jpg,गुवाहाटी,hindi
train/hindi/A_image_248_33.jpg,राष्ट्रीय,hindi
train/hindi/A_image_248_37.jpg,जयते,hindi
train/hindi/A_image_248_38.jpg,सत्यमेव,hindi
train/hindi/A_image_248_40.jpg,भवन,hindi
train/hindi/A_image_248_41.jpg,प्रयोगशाला,hindi
train/hindi/A_image_248_42.jpg,सह,hindi
train/hindi/A_image_248_46.jpg,उद्‌घाटन,hindi
train/hindi/A_image_248_50.jpg,कार्यालय,hindi
train/hindi/A_image_248_51.jpg,परीक्षण,hindi
train/hindi/A_image_248_52.jpg,शाला,hindi
train/hindi/A_image_248_53.jpg,खाद्य,hindi
train/hindi/A_image_248_54.jpg,एवं,hindi
train/hindi/A_image_248_55.jpg,सार्वजनिक,hindi
train/hindi/A_image_248_56.jpg,वितरण,hindi
train/hindi/A_image_248_57.jpg,मंत्रालय,hindi
train/hindi/A_image_248_61.jpg,उपभोक्ता,hindi
train/hindi/A_image_248_62.jpg,मामले,hindi
train/hindi/A_image_248_63.jpg,भारत,hindi
train/hindi/A_image_248_66.jpg,मुख्य,hindi
train/hindi/A_image_248_67.jpg,अतिथि,hindi
train/hindi/A_image_248_68.jpg,श्री,hindi
train/hindi/A_image_248_69.jpg,रामविलास,hindi
train/hindi/A_image_248_71.jpg,माननीय,hindi
train/hindi/A_image_248_72.jpg,मंत्री,hindi
train/hindi/A_image_248_73.jpg,खाद्य,hindi
train/hindi/A_image_248_74.jpg,एवं,hindi
train/hindi/A_image_248_75.jpg,सार्वजनिक,hindi
train/hindi/A_image_248_76.jpg,वितरण,hindi
train/hindi/A_image_248_8.jpg,मंत्रालय,hindi
train/hindi/A_image_248_9.jpg,मामले,hindi
train/hindi/A_image_2585_11.jpg,सिलचर,hindi
train/hindi/A_image_2586_1.jpg,शिलचर,hindi
train/hindi/A_image_2586_2.jpg,स्टेशन,hindi
train/hindi/A_image_2586_3.jpg,शहीद,hindi
train/hindi/A_image_2586_5.jpg,भाषा,hindi
train/hindi/A_image_2589_14.jpg,इंडिया,hindi
train/hindi/A_image_2589_24.jpg,नाइटेड,hindi
train/hindi/A_image_2589_25.jpg,बैंक,hindi
train/hindi/A_image_2589_26.jpg,ऑफ़,hindi
train/hindi/A_image_26_55.jpg,-अंतराष्ट्रीय,hindi
train/hindi/A_image_26_56.jpg,जाँच-,hindi
train/hindi/A_image_26_57.jpg,सुरक्षा,hindi
train/hindi/A_image_26_59.jpg,-अंतर्देशीय,hindi
train/hindi/A_image_26_60.jpg,सुरक्षा,hindi
train/hindi/A_image_26_62.jpg,चेक-इन,hindi
train/hindi/A_image_26_67.jpg,जाँच-,hindi
train/hindi/A_image_26_75.jpg,प्रसाधन /,hindi
train/hindi/A_image_26_76.jpg,पेय जल,hindi
train/hindi/A_image_2628_0.jpg,आगमन,hindi
train/hindi/A_image_2893_1.jpg,शिलचर,hindi
train/hindi/A_image_2893_2.jpg,स्टेशन,hindi
train/hindi/A_image_2893_5.jpg,सिलचर,hindi
train/hindi/A_image_2893_7.jpg,शहीद,hindi
train/hindi/A_image_2893_8.jpg,भाषा,hindi
train/hindi/A_image_2895_2.jpg,शिलचर,hindi
train/hindi/A_image_2897_2.jpg,शिलचर ,hindi
train/hindi/A_image_2899_0.jpg,आगमन,hindi
train/hindi/A_image_2899_4.jpg,सिलचर,hindi
train/hindi/A_image_2899_5.jpg,विमानपत्तन,hindi
train/hindi/A_image_2903_3.jpg,ए टी एम,hindi
train/hindi/A_image_2903_32.jpg,शिलचर,hindi
train/hindi/A_image_2904_3.jpg,बैंक,hindi
train/hindi/A_image_2904_58.jpg,एटीएम,hindi
train/hindi/A_image_2904_6.jpg,शिलचर,hindi
train/hindi/A_image_2906_12.jpg,स‍र,hindi
train/hindi/A_image_2906_13.jpg,जमशेदजी,hindi
train/hindi/A_image_2906_14.jpg,टाटा,hindi
train/hindi/A_image_2906_15.jpg,व्यापार ,hindi
train/hindi/A_image_2906_16.jpg,प्रबन्धन,hindi
train/hindi/A_image_2906_17.jpg,विस्तार,hindi
train/hindi/A_image_2906_4.jpg,भवन,hindi
train/hindi/A_image_2952_9.jpg,शहीद,hindi
train/hindi/A_image_2956_8.jpg,डॆनि,hindi
train/hindi/A_image_3178_1.jpg,महिषासन,hindi
train/hindi/A_image_3178_2.jpg,करिमगंज,hindi
train/hindi/A_image_3178_3.jpg,शिलचर,hindi
train/hindi/A_image_3423_2.jpg,प्रत्नकीर्तिमपासृणु,hindi
train/hindi/A_image_3478_12.jpg,केदारमल,hindi
train/hindi/A_image_3478_13.jpg,चेरिटेबुल,hindi
train/hindi/A_image_3478_14.jpg,ट्रस्ट,hindi
train/hindi/A_image_3478_15.jpg,दारा,hindi
train/hindi/A_image_3478_16.jpg,निर्मित,hindi
train/hindi/A_image_3478_17.jpg,इस,hindi
train/hindi/A_image_3478_18.jpg,द्याट,hindi
train/hindi/A_image_3478_19.jpg,का,hindi
train/hindi/A_image_3478_20.jpg,उद्घाटन,hindi
train/hindi/A_image_3478_21.jpg,दिनांक,hindi
train/hindi/A_image_3478_23.jpg,अगस्त,hindi
train/hindi/A_image_3478_25.jpg,को,hindi
train/hindi/A_image_3478_4.jpg,गया,hindi
train/hindi/A_image_3478_5.jpg,किया,hindi
train/hindi/A_image_3478_7.jpg,बगड़िया,hindi
train/hindi/A_image_3478_8.jpg,बद्रीनारायण,hindi
train/hindi/A_image_3478_9.jpg,श्री,hindi
train/hindi/A_image_3516_136.jpg,प्रधानमंत्री,hindi
train/hindi/A_image_3516_137.jpg,आरोग्य,hindi
train/hindi/A_image_3545_10.jpg,प्रत्नकीर्तिमपावृणु,hindi
train/hindi/A_image_3545_8.jpg,जयते,hindi
train/hindi/A_image_3545_9.jpg,सत्यमेव ज,hindi
train/hindi/A_image_3584_5.jpg,मठ,hindi
train/hindi/A_image_3584_6.jpg,तेजपुर,hindi
train/hindi/A_image_368_10.jpg,राज्य,hindi
train/hindi/A_image_368_11.jpg,बीमा ,hindi
train/hindi/A_image_368_12.jpg,निगम,hindi
train/hindi/A_image_368_13.jpg,मॉडल:,hindi
train/hindi/A_image_368_14.jpg,"बेलतोला,",hindi
train/hindi/A_image_368_17.jpg,शिलान्यास,hindi
train/hindi/A_image_368_4.jpg,के,hindi
train/hindi/A_image_368_5.jpg,(असम),hindi
train/hindi/A_image_368_6.jpg,गुवाहाटी,hindi
train/hindi/A_image_368_7.jpg,"अस्पताल,",hindi
train/hindi/A_image_368_8.jpg,ईएसआईसी,hindi
train/hindi/A_image_368_9.jpg,कर्मचारी,hindi
train/hindi/A_image_391_11.jpg,श्रीश्री,hindi
train/hindi/A_image_391_12.jpg,अश्वक्लानता,hindi
train/hindi/A_image_391_13.jpg,देवालय,hindi
train/hindi/A_image_391_14.jpg,में,hindi
train/hindi/A_image_391_15.jpg,स्वागत,hindi
train/hindi/A_image_391_6.jpg,है,hindi
train/hindi/A_image_3950_10.jpg,मानसिक,hindi
train/hindi/A_image_3950_11.jpg,बरदले,hindi
train/hindi/A_image_3950_12.jpg,गोपीनाथ,hindi
train/hindi/A_image_3950_13.jpg,लोकप्रिय,hindi
train/hindi/A_image_3950_15.jpg,क्षेत्रीय,hindi
train/hindi/A_image_3950_8.jpg,प्रतिष्ठान,hindi
train/hindi/A_image_3950_9.jpg,स्वास्थ्य,hindi
train/hindi/A_image_4383_0.jpg,मन्दिर,hindi
train/hindi/A_image_4383_1.jpg,बाघेश्वरी,hindi
train/hindi/A_image_4383_3.jpg,मा,hindi
train/hindi/A_image_4482_34.jpg,जयते,hindi
train/hindi/A_image_4482_35.jpg,सत्यमेव,hindi
train/hindi/A_image_4536_2.jpg,धुबड़ी,hindi
train/hindi/A_image_4545_0.jpg,धुबरी,hindi
train/hindi/A_image_461_11.jpg,गुवाहाटी,hindi
train/hindi/A_image_461_15.jpg,इंडियन,hindi
train/hindi/A_image_461_16.jpg,ऑयल,hindi
train/hindi/A_image_461_8.jpg,रिफाइनरी,hindi
train/hindi/A_image_4891_5.jpg,प्रस्थान,hindi
train/hindi/A_image_5113_14.jpg,ॐ,hindi
train/hindi/A_image_5202_14.jpg,जीवन,hindi
train/hindi/A_image_5202_19.jpg,बीमा,hindi
train/hindi/A_image_5202_2.jpg,निगम,hindi
train/hindi/A_image_5202_4.jpg,जीवन,hindi
train/hindi/A_image_5202_5.jpg,भारतीय,hindi
train/hindi/A_image_5202_9.jpg,भारतीय,hindi
train/hindi/A_image_5314_1.jpg,होजाई,hindi
train/hindi/A_image_5409_1.jpg,मन्टरडिसा,hindi
train/hindi/A_image_5415_10.jpg,जं.,hindi
train/hindi/A_image_5415_9.jpg,मरियानी,hindi
train/hindi/A_image_5507_10.jpg,डाक,hindi
train/hindi/A_image_5507_11.jpg,भारतीय,hindi
train/hindi/A_image_5507_7.jpg,कमलाबारी,hindi
train/hindi/A_image_5562_2.jpg,श्रीश्रीमाहे,hindi
train/hindi/A_image_5562_4.jpg,मलमफरदम,hindi
train/hindi/A_image_5562_6.jpg,श्री श्रीस्वर्ग,hindi
train/hindi/A_image_5562_7.jpg,देवश्रीराजेरव,hindi
train/hindi/A_image_5600_8.jpg,भारतीय,hindi
train/hindi/A_image_5740_3.jpg,दिफू,hindi
train/hindi/A_image_5741_2.jpg,दिफू,hindi
train/hindi/A_image_5742_1.jpg,एक्सप्रेस ,hindi
train/hindi/A_image_5742_7.jpg,असम,hindi
train/hindi/A_image_5742_8.jpg,अवध ,hindi
train/hindi/A_image_5991_2.jpg,वन्दरखाल ,hindi
train/hindi/A_image_5992_1.jpg,बन्दरखाल,hindi
train/hindi/A_image_5995_3.jpg,गहपुर,hindi
train/hindi/A_image_678_16.jpg,महाप्रभु,hindi
train/hindi/A_image_678_17.jpg,शुक्रेश्वर,hindi
train/hindi/A_image_678_18.jpg,देवालय,hindi
train/hindi/A_image_678_5.jpg,श्री,hindi
train/hindi/A_image_678_6.jpg,श्री,hindi
train/hindi/A_image_695_23.jpg,शराईघाट,hindi
train/hindi/A_image_695_24.jpg,पुल,hindi
train/hindi/A_image_716_11.jpg,राजधानी,hindi
train/hindi/A_image_716_12.jpg,एक्सप्रेस,hindi
train/hindi/A_image_716_4.jpg,सामान,hindi
train/hindi/A_image_716_8.jpg,पूसी,hindi
train/hindi/A_image_72_2.jpg,देवालय,hindi
train/hindi/A_image_72_3.jpg,जनार्दन,hindi
train/hindi/A_image_72_8.jpg,श्री,hindi
train/hindi/A_image_72_9.jpg,श्री,hindi
train/hindi/A_image_776_13.jpg,प्रसार,hindi
train/hindi/A_image_776_14.jpg,भारती,hindi
train/hindi/A_image_776_15.jpg,भारतीय,hindi
train/hindi/A_image_776_16.jpg,प्रसारण,hindi
train/hindi/A_image_776_17.jpg,निगम),hindi
train/hindi/A_image_776_4.jpg,डिब्रूगढ़,hindi
train/hindi/A_image_776_5.jpg,आकाशवाणी,hindi
train/hindi/A_image_781_10.jpg,गेस,hindi
train/hindi/A_image_781_11.jpg,संयंत्र,hindi
train/hindi/A_image_781_12.jpg,शक्ति,hindi
train/hindi/A_image_781_13.jpg,नीपको,hindi
train/hindi/A_image_781_20.jpg,आधारित,hindi
train/hindi/A_image_781_3.jpg,बकुलनि,hindi
train/hindi/A_image_781_9.jpg,असम,hindi
train/hindi/A_image_785_1.jpg,डब्ल्यू डी पी 4,hindi
train/hindi/A_image_785_4.jpg,डिब्रुगढ़,hindi
train/hindi/A_image_827_5.jpg,डिब्रुगढ़ ,hindi
train/hindi/A_image_827_7.jpg,जी,hindi
train/hindi/A_image_895_2.jpg,डिबुगढ़,hindi
train/hindi/A_image_899_1.jpg,डिब्रुगढ,hindi
train/hindi/A_image_903_33.jpg,नियतं कुरूकर्म,hindi
train/hindi/A_image_906_3.jpg,डिब्रूगढ़,hindi
train/hindi/A_image_909_11.jpg,डिब्रूगढ़,hindi
train/hindi/A_image_909_12.jpg,केन्द्र,hindi
train/hindi/A_image_909_13.jpg,दूरदर्शन,hindi
train/hindi/A_image_909_14.jpg,प्रसारण,hindi
train/hindi/A_image_909_15.jpg,भारतीय,hindi
train/hindi/A_image_909_16.jpg,भारती,hindi
train/hindi/A_image_909_17.jpg,प्रसार,hindi
train/hindi/A_image_909_18.jpg,निगम,hindi
train/hindi/A_image_909_27.jpg,दूरदर्शन,hindi
train/hindi/A_image_909_28.jpg,सत्यम्,hindi
train/hindi/A_image_909_29.jpg,शिवम्,hindi
train/hindi/A_image_909_30.jpg,सुन्दरम्,hindi
train/hindi/B_image_104_10.jpg,প্যালেস ,hindi
train/hindi/B_image_11_0.jpg,प्लेटफार्म,hindi
train/hindi/B_image_123_1.jpg,किया‌,hindi
train/hindi/B_image_123_10.jpg,भी,hindi
train/hindi/B_image_123_100.jpg,दुर्लभ,hindi
train/hindi/B_image_123_101.jpg,टिकट,hindi
train/hindi/B_image_123_102.jpg,रेलवे,hindi
train/hindi/B_image_123_103.jpg,विभिन्न,hindi
train/hindi/B_image_123_104.jpg,के,hindi
train/hindi/B_image_123_105.jpg,कवरों,hindi
train/hindi/B_image_123_106.jpg,प्रमुखता,hindi
train/hindi/B_image_123_107.jpg,साथ,hindi
train/hindi/B_image_123_108.jpg,गये,hindi
train/hindi/B_image_123_109.jpg,डाक,hindi
train/hindi/B_image_123_11.jpg,साक्षी,hindi
train/hindi/B_image_123_110.jpg,वाष्प,hindi
train/hindi/B_image_123_111.jpg,तथा,hindi
train/hindi/B_image_123_112.jpg,लोकोमोटिवों,hindi
train/hindi/B_image_123_113.jpg,से,hindi
train/hindi/B_image_123_114.jpg,हैं,hindi
train/hindi/B_image_123_115.jpg,डाक,hindi
train/hindi/B_image_123_116.jpg,की,hindi
train/hindi/B_image_123_117.jpg,में,hindi
train/hindi/B_image_123_118.jpg,एक,hindi
train/hindi/B_image_123_119.jpg,संग्रह,hindi
train/hindi/B_image_123_12.jpg,इतिहास,hindi
train/hindi/B_image_123_120.jpg,है,hindi
train/hindi/B_image_123_121.jpg,प्राचीन,hindi
train/hindi/B_image_123_122.jpg,दस्तावेज,hindi
train/hindi/B_image_123_123.jpg,इस्तहार,hindi
train/hindi/B_image_123_124.jpg,भारत,hindi
train/hindi/B_image_123_125.jpg,रेलवे,hindi
train/hindi/B_image_123_126.jpg,सम्पन्न,hindi
train/hindi/B_image_123_127.jpg,वि‍स्‍तृत,hindi
train/hindi/B_image_123_128.jpg,के‌,hindi
train/hindi/B_image_123_13.jpg,एवं,hindi
train/hindi/B_image_123_130.jpg,रुप,hindi
train/hindi/B_image_123_131.jpg,में,hindi
train/hindi/B_image_123_132.jpg,आज,hindi
train/hindi/B_image_123_133.jpg,मौजुद है,hindi
train/hindi/B_image_123_134.jpg,समय,hindi
train/hindi/B_image_123_135.jpg,परीक्षा,hindi
train/hindi/B_image_123_136.jpg,में,hindi
train/hindi/B_image_123_137.jpg,इन,hindi
train/hindi/B_image_123_138.jpg,को,hindi
train/hindi/B_image_123_139.jpg,रेलवे,hindi
train/hindi/B_image_123_14.jpg,की,hindi
train/hindi/B_image_123_140.jpg,मूल्यवान,hindi
train/hindi/B_image_123_141.jpg,के‌,hindi
train/hindi/B_image_123_142.jpg,में,hindi
train/hindi/B_image_123_143.jpg,संरक्षित,hindi
train/hindi/B_image_123_144.jpg,है,hindi
train/hindi/B_image_123_15.jpg,में,hindi
train/hindi/B_image_123_16.jpg,पूर्वी,hindi
train/hindi/B_image_123_17.jpg,तथा,hindi
train/hindi/B_image_123_18.jpg,कुछ,hindi
train/hindi/B_image_123_19.jpg,अनोखा,hindi
train/hindi/B_image_123_2.jpg,रुप,hindi
train/hindi/B_image_123_20.jpg,यह,hindi
train/hindi/B_image_123_21.jpg,दु‍निया,hindi
train/hindi/B_image_123_22.jpg,टिकटों,hindi
train/hindi/B_image_123_23.jpg,और‍,hindi
train/hindi/B_image_123_24.jpg,संबंधित,hindi
train/hindi/B_image_123_25.jpg,विद्धुत,hindi
train/hindi/B_image_123_26.jpg,डीजल,hindi
train/hindi/B_image_123_27.jpg,टिकटें,hindi
train/hindi/B_image_123_28.jpg,ये,hindi
train/hindi/B_image_123_29.jpg,हैं,hindi
train/hindi/B_image_123_3.jpg,धरोहर,hindi
train/hindi/B_image_123_30.jpg,दर्शाये,hindi
train/hindi/B_image_123_31.jpg,के‌,hindi
train/hindi/B_image_123_32.jpg,काे,hindi
train/hindi/B_image_123_33.jpg,विशेष,hindi
train/hindi/B_image_123_34.jpg,कार्यक्रमों,hindi
train/hindi/B_image_123_35.jpg,पर‍,hindi
train/hindi/B_image_123_36.jpg,तथा,hindi
train/hindi/B_image_123_37.jpg,डाक,hindi
train/hindi/B_image_123_38.jpg,पर‍,hindi
train/hindi/B_image_123_39.jpg,में,hindi
train/hindi/B_image_123_4.jpg,ने,hindi
train/hindi/B_image_123_40.jpg,रेल,hindi
train/hindi/B_image_123_41.jpg,इस,hindi
train/hindi/B_image_123_5.jpg,पूर्व,hindi
train/hindi/B_image_123_6.jpg,दस्तावेजों,hindi
train/hindi/B_image_123_7.jpg,उत्तीर्ण,hindi
train/hindi/B_image_123_8.jpg,‍की,hindi
train/hindi/B_image_123_9.jpg,है।,hindi
train/hindi/B_image_123_97.jpg,स्मृतियां,hindi
train/hindi/B_image_123_98.jpg,संग्रहालय,hindi
train/hindi/B_image_123_99.jpg,रेलवे,hindi
train/hindi/B_image_125_102.jpg,निर्माण,hindi
train/hindi/B_image_125_103.jpg,में,hindi
train/hindi/B_image_125_105.jpg,किया,hindi
train/hindi/B_image_125_106.jpg,कटवा,hindi
train/hindi/B_image_125_107.jpg,तथा,hindi
train/hindi/B_image_125_108.jpg,सेक्शन,hindi
train/hindi/B_image_125_109.jpg,किया,hindi
train/hindi/B_image_125_110.jpg,था‍,hindi
train/hindi/B_image_125_111.jpg,परिचालन,hindi
train/hindi/B_image_125_113.jpg,क‍र,hindi
train/hindi/B_image_125_114.jpg,गया,hindi
train/hindi/B_image_125_17.jpg,दिया,hindi
train/hindi/B_image_125_18.jpg,बंद,hindi
train/hindi/B_image_125_19.jpg,में,hindi
train/hindi/B_image_125_20.jpg,वर्ष,hindi
train/hindi/B_image_125_21.jpg,इसका,hindi
train/hindi/B_image_125_22.jpg,गया‍,hindi
train/hindi/B_image_125_23.jpg,में,hindi
train/hindi/B_image_125_24.jpg,अहमदपुर,hindi
train/hindi/B_image_125_25.jpg,बर्द्धमान,hindi
train/hindi/B_image_125_26.jpg,रेल,hindi
train/hindi/B_image_125_27.jpg,में,hindi
train/hindi/B_image_125_28.jpg,वर्ष,hindi
train/hindi/B_image_125_29.jpg,इंगलैण्ड,hindi
train/hindi/B_image_125_49.jpg,बी,hindi
train/hindi/B_image_125_50.jpg,वाष्प,hindi
train/hindi/B_image_125_51.jpg,डब्ल्यू.,hindi
train/hindi/B_image_125_53.jpg,गेज,hindi
train/hindi/B_image_125_54.jpg,स्ट्राफोर्ड,hindi
train/hindi/B_image_125_55.jpg,कम्‍पनी,hindi
train/hindi/B_image_125_56.jpg,द्वारा,hindi
train/hindi/B_image_125_57.jpg,जी.बागनाल,hindi
train/hindi/B_image_125_58.jpg,एण्ड,hindi
train/hindi/B_image_125_59.jpg,श्रेणी,hindi
train/hindi/B_image_125_60.jpg,इंजन,hindi
train/hindi/B_image_125_61.jpg,‍‌‍‍का,hindi
train/hindi/B_image_125_62.jpg,डेल्टा,hindi
train/hindi/B_image_125_63.jpg,इस,hindi
train/hindi/B_image_125_64.jpg,का‍,hindi
train/hindi/B_image_125_65.jpg,उपयोग,hindi
train/hindi/B_image_125_66.jpg,नैरो,hindi
train/hindi/B_image_125_67.jpg,गेज,hindi
train/hindi/B_image_125_68.jpg,इंजन,hindi
train/hindi/B_image_125_69.jpg,था,hindi
train/hindi/B_image_125_70.jpg,इस,hindi
train/hindi/B_image_125_71.jpg,गया,hindi
train/hindi/B_image_125_72.jpg,कटवा,hindi
train/hindi/B_image_125_80.jpg,नेरो,hindi
train/hindi/B_image_125_81.jpg,इंजन,hindi
train/hindi/B_image_125_82.jpg,के‌,hindi
train/hindi/B_image_126_139.jpg,हेरिटेज,hindi
train/hindi/B_image_126_140.jpg,हाॅल,hindi
train/hindi/B_image_126_141.jpg,ऑफ,hindi
train/hindi/B_image_126_142.jpg,की सम्पन्न,hindi
train/hindi/B_image_126_143.jpg,अविस्मरणीय,hindi
train/hindi/B_image_126_184.jpg,ऑफ,hindi
train/hindi/B_image_126_185.jpg,हेरिटेज,hindi
train/hindi/B_image_126_186.jpg,इंडियन,hindi
train/hindi/B_image_126_187.jpg,तथा,hindi
train/hindi/B_image_126_188.jpg,स्टेशन,hindi
train/hindi/B_image_126_189.jpg,‌की,hindi
train/hindi/B_image_126_190.jpg,फोटोग्राफों,hindi
train/hindi/B_image_126_191.jpg,घटनाओं,hindi
train/hindi/B_image_126_192.jpg,झलक,hindi
train/hindi/B_image_126_193.jpg,दुर्लभ,hindi
train/hindi/B_image_126_194.jpg,है।,hindi
train/hindi/B_image_126_195.jpg,का‍,hindi
train/hindi/B_image_126_196.jpg,हावड़ा,hindi
train/hindi/B_image_126_197.jpg,भवन,hindi
train/hindi/B_image_126_198.jpg,प्रतिरुप,hindi
train/hindi/B_image_126_199.jpg,भवन,hindi
train/hindi/B_image_126_200.jpg,अंदर,hindi
train/hindi/B_image_126_201.jpg,कुटियों,hindi
train/hindi/B_image_126_202.jpg,फोटोग्राफों,hindi
train/hindi/B_image_126_203.jpg,माध्यम,hindi
train/hindi/B_image_126_204.jpg,ईआईआर,hindi
train/hindi/B_image_126_205.jpg,हावड़ा,hindi
train/hindi/B_image_126_206.jpg,‍का‍,hindi
train/hindi/B_image_126_207.jpg,संजोये,hindi
train/hindi/B_image_126_208.jpg,दिवालों,hindi
train/hindi/B_image_126_209.jpg,पूर्व,hindi
train/hindi/B_image_126_210.jpg,वि‍रासत,hindi
train/hindi/B_image_126_211.jpg,विभिन्न,hindi
train/hindi/B_image_126_212.jpg,प‍र,hindi
train/hindi/B_image_126_213.jpg,दर्शाये,hindi
train/hindi/B_image_126_214.jpg,हैं।,hindi
train/hindi/B_image_126_215.jpg,है,hindi
train/hindi/B_image_126_216.jpg,मॉडलें,hindi
train/hindi/B_image_126_217.jpg,अन्य,hindi
train/hindi/B_image_126_218.jpg,लैम्प,hindi
train/hindi/B_image_126_219.jpg,जो,hindi
train/hindi/B_image_126_220.jpg,समय,hindi
train/hindi/B_image_126_221.jpg,दौरान,hindi
train/hindi/B_image_126_222.jpg,होता,hindi
train/hindi/B_image_126_223.jpg,दो,hindi
train/hindi/B_image_126_224.jpg,के‌,hindi
train/hindi/B_image_126_225.jpg,में,hindi
train/hindi/B_image_126_226.jpg,रेलवे,hindi
train/hindi/B_image_126_227.jpg,विभिन्न,hindi
train/hindi/B_image_126_228.jpg,व,hindi
train/hindi/B_image_126_229.jpg,वस्तु,hindi
train/hindi/B_image_126_230.jpg,रखे,hindi
train/hindi/B_image_126_231.jpg,हैं।,hindi
train/hindi/B_image_126_51.jpg,हुए,hindi
train/hindi/B_image_126_52.jpg,यादगार,hindi
train/hindi/B_image_126_53.jpg,स्मारक,hindi
train/hindi/B_image_126_54.jpg,के‌‌,hindi
train/hindi/B_image_126_55.jpg,पूर्व,hindi
train/hindi/B_image_126_56.jpg,आलमारी,hindi
train/hindi/B_image_126_57.jpg,शीशे,hindi
train/hindi/B_image_126_58.jpg,था‍,hindi
train/hindi/B_image_126_59.jpg,उपयोग,hindi
train/hindi/B_image_126_60.jpg,के‌,hindi
train/hindi/B_image_126_61.jpg,विगत,hindi
train/hindi/B_image_126_62.jpg,फोन,hindi
train/hindi/B_image_126_63.jpg,दुर्लभ,hindi
train/hindi/B_image_126_64.jpg,तथा,hindi
train/hindi/B_image_126_65.jpg,कार्यरत,hindi
train/hindi/B_image_126_66.jpg,इनमें,hindi
train/hindi/B_image_126_67.jpg,गये,hindi
train/hindi/B_image_126_68.jpg,चि‍त्र,hindi
train/hindi/B_image_126_69.jpg,विषय,hindi
train/hindi/B_image_126_70.jpg,के‌,hindi
train/hindi/B_image_126_71.jpg,रेलवे,hindi
train/hindi/B_image_126_72.jpg,पर‍,hindi
train/hindi/B_image_126_73.jpg,हैं।,hindi
train/hindi/B_image_126_74.jpg,इतिहास,hindi
train/hindi/B_image_126_75.jpg,स्टेशन,hindi
train/hindi/B_image_126_76.jpg,तथा,hindi
train/hindi/B_image_126_77.jpg,से‍,hindi
train/hindi/B_image_126_78.jpg,के‌,hindi
train/hindi/B_image_126_79.jpg,में,hindi
train/hindi/B_image_126_80.jpg,दो,hindi
train/hindi/B_image_126_81.jpg,के‌,hindi
train/hindi/B_image_126_82.jpg,है।,hindi
train/hindi/B_image_126_83.jpg,‍का‍,hindi
train/hindi/B_image_126_84.jpg,स्टेशन,hindi
train/hindi/B_image_126_85.jpg,भवन,hindi
train/hindi/B_image_126_86.jpg,हॉल,hindi
train/hindi/B_image_126_87.jpg,यह,hindi
train/hindi/B_image_126_88.jpg,संग्रह,hindi
train/hindi/B_image_126_89.jpg,‍का‍,hindi
train/hindi/B_image_126_90.jpg,‍की,hindi
train/hindi/B_image_126_91.jpg,एवं,hindi
train/hindi/B_image_126_92.jpg,ऎतिहासिक,hindi
train/hindi/B_image_126_93.jpg,भवन,hindi
train/hindi/B_image_126_94.jpg,हावड़ा,hindi
train/hindi/B_image_126_95.jpg,रेलवे,hindi
train/hindi/B_image_126_96.jpg,ईस्ट,hindi
train/hindi/B_image_126_97.jpg,हाॅल,hindi
train/hindi/B_image_127_0.jpg,जाता,hindi
train/hindi/B_image_127_1.jpg,के‍,hindi
train/hindi/B_image_127_10.jpg,लैम्पं,hindi
train/hindi/B_image_127_11.jpg,पूराने,hindi
train/hindi/B_image_127_12.jpg,लैम्प,hindi
train/hindi/B_image_127_13.jpg,पूराना,hindi
train/hindi/B_image_127_2.jpg,प्रदान,hindi
train/hindi/B_image_127_3.jpg,में,hindi
train/hindi/B_image_127_4.jpg,सीमावर्ती,hindi
train/hindi/B_image_127_5.jpg,तथा,hindi
train/hindi/B_image_127_57.jpg,गैस,hindi
train/hindi/B_image_127_58.jpg,इस,hindi
train/hindi/B_image_127_59.jpg,गैस,hindi
train/hindi/B_image_127_6.jpg,स्टेशन,hindi
train/hindi/B_image_127_60.jpg,‍का‍,hindi
train/hindi/B_image_127_61.jpg,बिना,hindi
train/hindi/B_image_127_62.jpg,वाले,hindi
train/hindi/B_image_127_63.jpg,प्लेटफॉर्मों,hindi
train/hindi/B_image_127_64.jpg,परिसर,hindi
train/hindi/B_image_127_65.jpg,अन्य,hindi
train/hindi/B_image_127_66.jpg,क्षेत्र,hindi
train/hindi/B_image_127_67.jpg,लाइट,hindi
train/hindi/B_image_127_68.jpg,करने,hindi
train/hindi/B_image_127_69.jpg,लिए,hindi
train/hindi/B_image_127_7.jpg,में,hindi
train/hindi/B_image_127_8.jpg,बिजली,hindi
train/hindi/B_image_127_9.jpg,उपयोग,hindi
train/hindi/B_image_128_0.jpg,था‍,hindi
train/hindi/B_image_128_1.jpg,के‌,hindi
train/hindi/B_image_128_10.jpg,कार्यालयों,hindi
train/hindi/B_image_128_100.jpg,अपरिमेय,hindi
train/hindi/B_image_128_101.jpg,वस्तु,hindi
train/hindi/B_image_128_102.jpg,यह,hindi
train/hindi/B_image_128_103.jpg,महाप्रबंधक,hindi
train/hindi/B_image_128_104.jpg,रेलवे,hindi
train/hindi/B_image_128_105.jpg,कक्ष,hindi
train/hindi/B_image_128_106.jpg,में,hindi
train/hindi/B_image_128_11.jpg,के‍,hindi
train/hindi/B_image_128_12.jpg,में,hindi
train/hindi/B_image_128_13.jpg,विगत,hindi
train/hindi/B_image_128_14.jpg,के‌,hindi
train/hindi/B_image_128_15.jpg,उपयोग,hindi
train/hindi/B_image_128_16.jpg,टेलीफोन,hindi
train/hindi/B_image_128_17.jpg,इस,hindi
train/hindi/B_image_128_18.jpg,पूराना,hindi
train/hindi/B_image_128_2.jpg,पूर्व,hindi
train/hindi/B_image_128_3.jpg,टेलीफोन,hindi
train/hindi/B_image_128_4.jpg,है,hindi
train/hindi/B_image_128_5.jpg,हेरिटेज,hindi
train/hindi/B_image_128_6.jpg,कार्य,hindi
train/hindi/B_image_128_7.jpg,तथा,hindi
train/hindi/B_image_128_8.jpg,यह,hindi
train/hindi/B_image_128_89.jpg,टेलीफोन,hindi
train/hindi/B_image_128_9.jpg,होता,hindi
train/hindi/B_image_128_90.jpg,का,hindi
train/hindi/B_image_128_91.jpg,आजादी,hindi
train/hindi/B_image_128_92.jpg,पहले,hindi
train/hindi/B_image_128_93.jpg,समय,hindi
train/hindi/B_image_128_94.jpg,रेलवे,hindi
train/hindi/B_image_128_95.jpg,विभिन्न,hindi
train/hindi/B_image_128_96.jpg,में,hindi
train/hindi/B_image_128_97.jpg,था‍,hindi
train/hindi/B_image_128_98.jpg,जटिलतापूर्ण,hindi
train/hindi/B_image_128_99.jpg,डिजाइन,hindi
train/hindi/B_image_131_0.jpg,जयचण्डी पहाड़  ,hindi
train/hindi/B_image_132_0.jpg,जयचण्डीपहाड़,hindi
train/hindi/B_image_135_1.jpg,जंः,hindi
train/hindi/B_image_135_4.jpg,करीमगंज,hindi
train/hindi/B_image_136_2.jpg,इंडिया,hindi
train/hindi/B_image_136_26.jpg,वां,hindi
train/hindi/B_image_136_3.jpg,बैंक,hindi
train/hindi/B_image_141_6.jpg,कोलकाता,hindi
train/hindi/B_image_142_12.jpg,कोलकाता,hindi
train/hindi/B_image_142_20.jpg,कोलकाता,hindi
train/hindi/B_image_145_5.jpg,बर्द्वमान,hindi
train/hindi/B_image_146_1.jpg,कोलकाता,hindi
train/hindi/B_image_155_0.jpg,विमानपत्तन,hindi
train/hindi/B_image_155_2.jpg,लीलाबारी,hindi
train/hindi/B_image_169_46.jpg,কবি-,hindi
train/hindi/B_image_17_1.jpg,वाममोर्चा,hindi
train/hindi/B_image_17_2.jpg,इस,hindi
train/hindi/B_image_17_46.jpg,बार,hindi
train/hindi/B_image_17_47.jpg,चाहिये,hindi
train/hindi/B_image_172_8.jpg,प्रत्नकीर्तिमपावृणु,hindi
train/hindi/B_image_173_1.jpg,मुराडी,hindi
train/hindi/B_image_173_3.jpg,पू त रे ,hindi
train/hindi/B_image_174_1.jpg,मुराडी,hindi
train/hindi/B_image_175_1.jpg,मुराडी,hindi
train/hindi/B_image_177_3.jpg,मुराडी,hindi
train/hindi/B_image_177_4.jpg,मुराडी,hindi
train/hindi/B_image_178_1.jpg,मुराडी,hindi
train/hindi/B_image_179_3.jpg,नबद्वीप,hindi
train/hindi/B_image_179_8.jpg,धाम,hindi
train/hindi/B_image_180_2.jpg,धाम,hindi
train/hindi/B_image_180_5.jpg,नबद्वीप,hindi
train/hindi/B_image_181_0.jpg,धाम,hindi
train/hindi/B_image_181_11.jpg,नबद्वीप ,hindi
train/hindi/B_image_181_6.jpg,धाम,hindi
train/hindi/B_image_181_7.jpg,नबद्वीप,hindi
train/hindi/B_image_182_0.jpg,धाम,hindi
train/hindi/B_image_182_13.jpg,नबद्वीप ,hindi
train/hindi/B_image_182_2.jpg,धाम ,hindi
train/hindi/B_image_182_7.jpg,नबद्वीप,hindi
train/hindi/B_image_182_8.jpg,धाम,hindi
train/hindi/B_image_183_1.jpg,নবদ্বীপ ,hindi
train/hindi/B_image_183_10.jpg,नबद्वीप,hindi
train/hindi/B_image_183_8.jpg,धाम,hindi
train/hindi/B_image_185_2.jpg,धाम,hindi
train/hindi/B_image_185_5.jpg,नबद्वीप,hindi
train/hindi/B_image_186_0.jpg,नबद्वीप,hindi
train/hindi/B_image_186_11.jpg,नबद्वीप,hindi
train/hindi/B_image_186_13.jpg,धाम,hindi
train/hindi/B_image_186_15.jpg,इंटरलॉकिंग,hindi
train/hindi/B_image_186_2.jpg,हम,hindi
train/hindi/B_image_186_5.jpg,नबद्वीप,hindi
train/hindi/B_image_186_6.jpg,धाम,hindi
train/hindi/B_image_187_5.jpg,धाम,hindi
train/hindi/B_image_187_8.jpg,नबद्वीप,hindi
train/hindi/B_image_188_1.jpg,धाम,hindi
train/hindi/B_image_188_10.jpg,नबद्वीप,hindi
train/hindi/B_image_188_11.jpg,धाम,hindi
train/hindi/B_image_188_15.jpg,नबद्वीप,hindi
train/hindi/B_image_189_1.jpg,धाम,hindi
train/hindi/B_image_189_11.jpg,नबद्वीप,hindi
train/hindi/B_image_189_15.jpg,नबद्वीप,hindi
train/hindi/B_image_189_8.jpg,धाम,hindi
train/hindi/B_image_19_3.jpg,तमलुक,hindi
train/hindi/B_image_19_4.jpg,तमलूक,hindi
train/hindi/B_image_190_13.jpg,नबद्वीप,hindi
train/hindi/B_image_190_17.jpg,धाम,hindi
train/hindi/B_image_190_24.jpg,धाम,hindi
train/hindi/B_image_190_6.jpg,नबद्वीप,hindi
train/hindi/B_image_191_0.jpg,इन्टरलॉकिग,hindi
train/hindi/B_image_191_12.jpg,धाम,hindi
train/hindi/B_image_191_14.jpg,धाम,hindi
train/hindi/B_image_191_20.jpg,पैनल,hindi
train/hindi/B_image_191_3.jpg,नबद्वीप,hindi
train/hindi/B_image_191_7.jpg,नबद्वीप,hindi
train/hindi/B_image_191_9.jpg,नबद्वीप,hindi
train/hindi/B_image_192_1.jpg,धाम,hindi
train/hindi/B_image_192_4.jpg,नबद्वीप,hindi
train/hindi/B_image_193_1.jpg,धाम,hindi
train/hindi/B_image_193_4.jpg,नबद्वीप,hindi
train/hindi/B_image_195_10.jpg,धाम,hindi
train/hindi/B_image_195_8.jpg,धाम,hindi
train/hindi/B_image_196_0.jpg,धाम,hindi
train/hindi/B_image_196_1.jpg,नबद्वीप,hindi
train/hindi/B_image_196_11.jpg,धाम,hindi
train/hindi/B_image_196_4.jpg,नबद्वीप,hindi
train/hindi/B_image_196_6.jpg,नबद्वीप,hindi
train/hindi/B_image_196_9.jpg,धाम,hindi
train/hindi/B_image_197_1.jpg,धाम,hindi
train/hindi/B_image_197_10.jpg,नबद्वीप,hindi
train/hindi/B_image_197_3.jpg,नबद्वीप,hindi
train/hindi/B_image_197_4.jpg,नबद्वीप,hindi
train/hindi/B_image_197_6.jpg,धाम,hindi
train/hindi/B_image_197_8.jpg,धाम,hindi
train/hindi/B_image_198_0.jpg,पुरुष,hindi
train/hindi/B_image_198_10.jpg,धाम,hindi
train/hindi/B_image_198_11.jpg,नबद्वीप,hindi
train/hindi/B_image_198_15.jpg,नबद्वीप,hindi
train/hindi/B_image_198_18.jpg,नबद्वीप ,hindi
train/hindi/B_image_198_2.jpg,धाम,hindi
train/hindi/B_image_198_5.jpg,धाम,hindi
train/hindi/B_image_199_1.jpg,धाम,hindi
train/hindi/B_image_199_11.jpg,नबद्वीप,hindi
train/hindi/B_image_199_5.jpg,नबद्वीप,hindi
train/hindi/B_image_199_8.jpg,धाम,hindi
train/hindi/B_image_200_10.jpg,नबद्वीप ,hindi
train/hindi/B_image_200_3.jpg,धाम,hindi
train/hindi/B_image_200_6.jpg,नबद्वीप,hindi
train/hindi/B_image_200_8.jpg,धाम,hindi
train/hindi/B_image_201_12.jpg,धाम,hindi
train/hindi/B_image_201_16.jpg,नबद्वीप,hindi
train/hindi/B_image_201_2.jpg,धाम,hindi
train/hindi/B_image_201_8.jpg,नबद्वीप,hindi
train/hindi/B_image_201_9.jpg,नबद्वीपधाम,hindi
train/hindi/B_image_202_10.jpg,संस्थान,hindi
train/hindi/B_image_202_11.jpg,राष्ट्रीय,hindi
train/hindi/B_image_202_12.jpg,होम्योपैथी,hindi
train/hindi/B_image_204_1.jpg,करिमगंज,hindi
train/hindi/B_image_216_3.jpg,इन्टरलॉकिंग,hindi
train/hindi/B_image_216_7.jpg,पैनल,hindi
train/hindi/B_image_216_8.jpg,रुम,hindi
train/hindi/B_image_217_3.jpg,पैनल,hindi
train/hindi/B_image_217_6.jpg,रुम,hindi
train/hindi/B_image_217_8.jpg,इन्टरलॉकिंग,hindi
train/hindi/B_image_224_156.jpg,लाला,hindi
train/hindi/B_image_224_157.jpg,लाल,hindi
train/hindi/B_image_250_3.jpg,(মনু),hindi
train/hindi/B_image_261_39.jpg,कैंसर,hindi
train/hindi/B_image_261_40.jpg,कवर,hindi
train/hindi/B_image_264_10.jpg,काशीपुर,hindi
train/hindi/B_image_264_23.jpg,कर्मचारी,hindi
train/hindi/B_image_264_24.jpg,शेल,hindi
train/hindi/B_image_264_25.jpg,एण्ड ,hindi
train/hindi/B_image_264_31.jpg,युनियन,hindi
train/hindi/B_image_264_43.jpg,दमदम,hindi
train/hindi/B_image_267_0.jpg,"रोड,",hindi
train/hindi/B_image_267_14.jpg,कलकत्ता,hindi
train/hindi/B_image_267_15.jpg,काशीपुर,hindi
train/hindi/B_image_267_16.jpg,काशीपुर,hindi
train/hindi/B_image_267_3.jpg,रजिः,hindi
train/hindi/B_image_267_4.jpg,युनियन,hindi
train/hindi/B_image_268_1.jpg,घर,hindi
train/hindi/B_image_268_10.jpg,महिला,hindi
train/hindi/B_image_270_0.jpg,हरे हरे,hindi
train/hindi/B_image_270_10.jpg,कृष्ण,hindi
train/hindi/B_image_270_2.jpg,हरे,hindi
train/hindi/B_image_270_20.jpg,हरे,hindi
train/hindi/B_image_270_21.jpg,हरे,hindi
train/hindi/B_image_270_22.jpg,कृष्णकृष्ण,hindi
train/hindi/B_image_270_23.jpg,हरे,hindi
train/hindi/B_image_270_26.jpg,हरे राम,hindi
train/hindi/B_image_270_27.jpg,हरेहरे,hindi
train/hindi/B_image_270_28.jpg,कृष्‍ण,hindi
train/hindi/B_image_270_29.jpg,कृष्णकृष्ण,hindi
train/hindi/B_image_270_3.jpg,हरे,hindi
train/hindi/B_image_270_4.jpg,राम राम,hindi
train/hindi/B_image_270_8.jpg,हरे,hindi
train/hindi/B_image_270_9.jpg,कृष्ण,hindi
train/hindi/B_image_275_0.jpg,समय,hindi
train/hindi/B_image_275_1.jpg,र्दशन,hindi
train/hindi/B_image_275_3.jpg,लिंग,hindi
train/hindi/B_image_275_4.jpg,शिव,hindi
train/hindi/B_image_275_64.jpg,काशीपुर,hindi
train/hindi/B_image_275_67.jpg,नर्मदेश्वर,hindi
train/hindi/B_image_275_69.jpg,मन्दिर,hindi
train/hindi/B_image_275_7.jpg,कैलाश,hindi
train/hindi/B_image_275_70.jpg,का,hindi
train/hindi/B_image_276_5.jpg,गGAधाR,hindi
train/hindi/B_image_276_7.jpg,कल,hindi
train/hindi/B_image_283_2.jpg,शालबनी,hindi
train/hindi/B_image_285_10.jpg,जीवन,hindi
train/hindi/B_image_285_14.jpg,इंश्योरेंस,hindi
train/hindi/B_image_285_15.jpg,"रहित,",hindi
train/hindi/B_image_285_16.jpg,"नॉन-लिंक्ड,",hindi
train/hindi/B_image_285_17.jpg,कैंसर,hindi
train/hindi/B_image_285_18.jpg,एलआईसी,hindi
train/hindi/B_image_285_25.jpg,बीमा,hindi
train/hindi/B_image_285_26.jpg,भारतीय,hindi
train/hindi/B_image_285_42.jpg,जीवन,hindi
train/hindi/B_image_285_43.jpg,निगम,hindi
train/hindi/B_image_285_50.jpg,की,hindi
train/hindi/B_image_285_51.jpg,कवर,hindi
train/hindi/B_image_285_52.jpg,लाभ,hindi
train/hindi/B_image_285_53.jpg,हेल्थ,hindi
train/hindi/B_image_285_54.jpg,प्लान,hindi
train/hindi/B_image_285_57.jpg,भारतीय,hindi
train/hindi/B_image_285_58.jpg,बीमा,hindi
train/hindi/B_image_285_9.jpg,निगम,hindi
train/hindi/B_image_286_10.jpg,निगम,hindi
train/hindi/B_image_286_11.jpg,जीवन,hindi
train/hindi/B_image_286_14.jpg,इश्योरेंस,hindi
train/hindi/B_image_286_15.jpg,"रहि‍त,",hindi
train/hindi/B_image_286_16.jpg,"नॉन-लिंक्ड,",hindi
train/hindi/B_image_286_17.jpg,कैंसर,hindi
train/hindi/B_image_286_18.jpg,एलआईसी,hindi
train/hindi/B_image_286_21.jpg,निगम,hindi
train/hindi/B_image_286_22.jpg,भारतीय,hindi
train/hindi/B_image_286_38.jpg,बीमा,hindi
train/hindi/B_image_286_42.jpg,की‌,hindi
train/hindi/B_image_286_43.jpg,कवर,hindi
train/hindi/B_image_286_44.jpg,लाभ,hindi
train/hindi/B_image_286_45.jpg,हेल्‍थ,hindi
train/hindi/B_image_286_46.jpg,प्लान,hindi
train/hindi/B_image_286_48.jpg,भारतीय,hindi
train/hindi/B_image_286_49.jpg,बीमा,hindi
train/hindi/B_image_287_20.jpg,मेट्रो,hindi
train/hindi/B_image_287_21.jpg,अजी,hindi
train/hindi/B_image_287_23.jpg,श्यामबाजार,hindi
train/hindi/B_image_287_4.jpg,श्री,hindi
train/hindi/B_image_296_1.jpg,दासग,hindi
train/hindi/B_image_296_48.jpg,सुशील,hindi
train/hindi/B_image_296_49.jpg,सितम्बर,hindi
train/hindi/B_image_300_3.jpg,विद्यया९मृतमश्रुते,hindi
train/hindi/B_image_303_2.jpg,तेजपुर,hindi
train/hindi/B_image_40_11.jpg, प्रत्नकीर्तिमपावृणु,hindi
train/hindi/B_image_58_4.jpg,काँथि,hindi
train/hindi/B_image_67_14.jpg,पंजाब ,hindi
train/hindi/B_image_67_32.jpg,नैशनल,hindi
train/hindi/B_image_70_14.jpg,बड़ौदा,hindi
train/hindi/B_image_70_6.jpg,बैंक,hindi
train/hindi/B_image_70_7.jpg,ऑफ़,hindi
train/hindi/B_image_73_4.jpg,दिफू,hindi
train/hindi/C_image_100_1.jpg,पालनपुर,hindi
train/hindi/C_image_1084_3.jpg,जयते,hindi
train/hindi/C_image_1084_4.jpg,सत्‍यमेव,hindi
train/hindi/C_image_11034_1.jpg,आगमनं,hindi
train/hindi/C_image_11150_15.jpg,बीमा,hindi
train/hindi/C_image_11150_16.jpg,भारतीय,hindi
train/hindi/C_image_11150_49.jpg,जीवन,hindi
train/hindi/C_image_11150_50.jpg,निगम,hindi
train/hindi/C_image_11153_25.jpg,भारतीय,hindi
train/hindi/C_image_11153_26.jpg,बीमा,hindi
train/hindi/C_image_11153_6.jpg,निगम,hindi
train/hindi/C_image_11153_7.jpg,जीवन,hindi
train/hindi/C_image_11466_0.jpg,ॐ,hindi
train/hindi/C_image_11466_1.jpg,सुंदरम्,hindi
train/hindi/C_image_11466_4.jpg,ૐ,hindi
train/hindi/C_image_115_0.jpg,रतनाल,hindi
train/hindi/C_image_11642_18.jpg,जुबां,hindi
train/hindi/C_image_11642_3.jpg,लाे,hindi
train/hindi/C_image_11642_4.jpg,केसरी,hindi
train/hindi/C_image_117_0.jpg,संजान,hindi
train/hindi/C_image_11886_2.jpg,राजकोट-जं.,hindi
train/hindi/C_image_11891_11.jpg,स्वास्थ्य,hindi
train/hindi/C_image_11891_12.jpg,ओटोमेटीक,hindi
train/hindi/C_image_11891_13.jpg,नेपकिन,hindi
train/hindi/C_image_11891_14.jpg,मशीन,hindi
train/hindi/C_image_11891_2.jpg,वेंडिंग,hindi
train/hindi/C_image_11891_3.jpg,सेनेटरी,hindi
train/hindi/C_image_11891_4.jpg,सुविधा,hindi
train/hindi/C_image_11891_7.jpg,महिला,hindi
train/hindi/C_image_11891_8.jpg,प्रतीक्षालय,hindi
train/hindi/C_image_11891_9.jpg,बाहर,hindi
train/hindi/C_image_11892_2.jpg,राजकोट,hindi
train/hindi/C_image_11892_3.jpg,राजकोट,hindi
train/hindi/C_image_11898_0.jpg,राज,hindi
train/hindi/C_image_11898_2.jpg,जं॒,hindi
train/hindi/C_image_121_2.jpg,सामाख्याली,hindi
train/hindi/C_image_121_4.jpg,जंक्शन,hindi
train/hindi/C_image_12658_0.jpg,पेलेट,hindi
train/hindi/C_image_12658_1.jpg,इण्डष्ट्रिज,hindi
train/hindi/C_image_12658_2.jpg,एंग्रोमिक्स,hindi
train/hindi/C_image_12658_3.jpg,फिड,hindi
train/hindi/C_image_12658_4.jpg,दॉनी,hindi
train/hindi/C_image_12658_5.jpg,प्रगति,hindi
train/hindi/C_image_12658_6.jpg,एग्रो,hindi
train/hindi/C_image_12658_7.jpg,उत्पादक,hindi
train/hindi/C_image_12658_8.jpg,फिड,hindi
train/hindi/C_image_12833_4.jpg,શ્રી,hindi
train/hindi/C_image_13622_2.jpg,શ્રી,hindi
train/hindi/C_image_13766_5.jpg,अधीक्षक,hindi
train/hindi/C_image_13766_6.jpg,स्टेशन,hindi
train/hindi/C_image_13770_3.jpg,नगर,hindi
train/hindi/C_image_13771_0.jpg,जामनगर,hindi
train/hindi/C_image_14548_15.jpg,उतारें,hindi
train/hindi/C_image_14548_16.jpg,जूता,hindi
train/hindi/C_image_14548_17.jpg,उतारें,hindi
train/hindi/C_image_14548_18.jpg,चप्पल,hindi
train/hindi/C_image_14548_21.jpg,महादेव,hindi
train/hindi/C_image_14548_22.jpg,श्री,hindi
train/hindi/C_image_14548_24.jpg,ज्यॊतिर्लिंग,hindi
train/hindi/C_image_14548_25.jpg,द्वादश,hindi
train/hindi/C_image_14548_26.jpg,ॐ,hindi
train/hindi/C_image_14548_27.jpg,नागॆश्वर,hindi
train/hindi/C_image_14548_29.jpg,यहां,hindi
train/hindi/C_image_14548_31.jpg,जूता,hindi
train/hindi/C_image_14548_32.jpg,यहो,hindi
train/hindi/C_image_14548_33.jpg,चप्पल,hindi
train/hindi/C_image_14548_35.jpg,श्री,hindi
train/hindi/C_image_14548_5.jpg,श्री,hindi
train/hindi/C_image_14735_1.jpg,श्री,hindi
train/hindi/C_image_14943_6.jpg,गांधी,hindi
train/hindi/C_image_14943_8.jpg,स्टोर,hindi
train/hindi/C_image_14953_0.jpg,घर,hindi
train/hindi/C_image_14953_14.jpg,बरामदा,hindi
train/hindi/C_image_14953_17.jpg,कस्तुरबाका,hindi
train/hindi/C_image_14953_3.jpg,श्रीमती,hindi
train/hindi/C_image_14968_100.jpg,सन्,hindi
train/hindi/C_image_14968_101.jpg,मंजीला,hindi
train/hindi/C_image_14968_102.jpg,गया,hindi
train/hindi/C_image_14968_103.jpg,सुशोभीत,hindi
train/hindi/C_image_14968_104.jpg,चित्रो,hindi
train/hindi/C_image_14968_105.jpg,दीवारो,hindi
train/hindi/C_image_14968_106.jpg,कक्षो,hindi
train/hindi/C_image_14968_107.jpg,यह,hindi
train/hindi/C_image_14968_108.jpg,निवासी,hindi
train/hindi/C_image_14968_109.jpg,दो,hindi
train/hindi/C_image_14968_110.jpg,मकान,hindi
train/hindi/C_image_14968_111.jpg,थ‍े,hindi
train/hindi/C_image_14968_112.jpg,जहां,hindi
train/hindi/C_image_14968_115.jpg,प‍र,hindi
train/hindi/C_image_14968_116.jpg,ईस,hindi
train/hindi/C_image_14968_117.jpg,वही,hindi
train/hindi/C_image_14968_121.jpg,जन्म,hindi
train/hindi/C_image_14968_124.jpg,जहां,hindi
train/hindi/C_image_14968_125.jpg,मकान,hindi
train/hindi/C_image_14968_126.jpg,वह,hindi
train/hindi/C_image_14968_127.jpg,जन्मे,hindi
train/hindi/C_image_14968_128.jpg,थे‍,hindi
train/hindi/C_image_14968_129.jpg,गांद्यीजी,hindi
train/hindi/C_image_14968_130.jpg,महात्मा,hindi
train/hindi/C_image_14968_135.jpg,महात्मा,hindi
train/hindi/C_image_14968_136.jpg,द्वारा,hindi
train/hindi/C_image_14968_137.jpg,करके,hindi
train/hindi/C_image_14968_138.jpg,कुछ,hindi
train/hindi/C_image_14968_142.jpg,के‍,hindi
train/hindi/C_image_14968_143.jpg,समय,hindi
train/hindi/C_image_14968_148.jpg,गांद्यीजी,hindi
train/hindi/C_image_14968_149.jpg,जन्मे,hindi
train/hindi/C_image_14968_150.jpg,वह,hindi
train/hindi/C_image_14968_151.jpg,स्थानीक,hindi
train/hindi/C_image_14968_152.jpg,मकान,hindi
train/hindi/C_image_14968_153.jpg,‍को,hindi
train/hindi/C_image_14968_154.jpg,अकतुबर,hindi
train/hindi/C_image_14968_155.jpg,‍की,hindi
train/hindi/C_image_14968_156.jpg,को‍,hindi
train/hindi/C_image_14968_157.jpg,से‍,hindi
train/hindi/C_image_14968_158.jpg,कीया,hindi
train/hindi/C_image_14968_159.jpg,हैं,hindi
train/hindi/C_image_14968_160.jpg,बनाया,hindi
train/hindi/C_image_14968_161.jpg,माणबाई,hindi
train/hindi/C_image_14968_162.jpg,से‍,hindi
train/hindi/C_image_14968_163.jpg,खरीदा,hindi
train/hindi/C_image_14968_164.jpg,मकान,hindi
train/hindi/C_image_14968_165.jpg,तीन,hindi
train/hindi/C_image_14968_166.jpg,था‍,hindi
train/hindi/C_image_14968_167.jpg,मेे,hindi
train/hindi/C_image_14968_168.jpg,गांधीजी,hindi
train/hindi/C_image_14968_169.jpg,गलीयारा,hindi
train/hindi/C_image_14968_170.jpg,ईस,hindi
train/hindi/C_image_14968_171.jpg,कक्ष,hindi
train/hindi/C_image_14968_172.jpg,उनके,hindi
train/hindi/C_image_14968_174.jpg,श्री,hindi
train/hindi/C_image_14968_175.jpg,हरजीवनजी,hindi
train/hindi/C_image_14968_176.jpg,रहीदासजी,hindi
train/hindi/C_image_14968_177.jpg,पितामहश्री,hindi
train/hindi/C_image_14968_178.jpg,ओर‍,hindi
train/hindi/C_image_14968_179.jpg,ईस,hindi
train/hindi/C_image_14968_180.jpg,कुछ,hindi
train/hindi/C_image_14968_181.jpg,हुई,hindi
train/hindi/C_image_14968_182.jpg,प्रकार,hindi
train/hindi/C_image_14968_183.jpg,परिवर्तन,hindi
train/hindi/C_image_14968_187.jpg,मां,hindi
train/hindi/C_image_14968_81.jpg,गांधीजी,hindi
train/hindi/C_image_14968_82.jpg,उतमचंदजीने,hindi
train/hindi/C_image_14968_83.jpg,वृध्धी,hindi
train/hindi/C_image_14968_84.jpg,गांधी,hindi
train/hindi/C_image_14968_85.jpg,मंजील,hindi
train/hindi/C_image_14968_86.jpg,सहीत,hindi
train/hindi/C_image_14968_87.jpg,है.,hindi
train/hindi/C_image_14968_89.jpg,‍की,hindi
train/hindi/C_image_14968_90.jpg,में,hindi
train/hindi/C_image_14968_91.jpg,क‍े,hindi
train/hindi/C_image_14968_92.jpg,और,hindi
train/hindi/C_image_14968_93.jpg,एक‌,hindi
train/hindi/C_image_14968_94.jpg,मंजीला,hindi
train/hindi/C_image_14968_95.jpg,मेे,hindi
train/hindi/C_image_14968_96.jpg,१७७७,hindi
train/hindi/C_image_14968_97.jpg,कालान्तर,hindi
train/hindi/C_image_14968_98.jpg,था‍,hindi
train/hindi/C_image_14968_99.jpg,गया,hindi
train/hindi/C_image_14973_1.jpg,संग्रह,hindi
train/hindi/C_image_14973_11.jpg,स्थान,hindi
train/hindi/C_image_14973_3.jpg,बाल,hindi
train/hindi/C_image_14973_4.jpg,कस्तुर,hindi
train/hindi/C_image_14973_5.jpg,गांधी,hindi
train/hindi/C_image_14973_6.jpg,पुस्तकालय,hindi
train/hindi/C_image_14973_8.jpg,पूज्य,hindi
train/hindi/C_image_14973_9.jpg,मंदिर,hindi
train/hindi/C_image_14975_10.jpg,पुस्तकालय,hindi
train/hindi/C_image_14975_11.jpg,कस्तुर,hindi
train/hindi/C_image_14975_12.jpg,बा,hindi
train/hindi/C_image_14975_2.jpg,स्थान,hindi
train/hindi/C_image_14975_3.jpg,पूज्य,hindi
train/hindi/C_image_14975_4.jpg,गांधी,hindi
train/hindi/C_image_14975_5.jpg,बाल,hindi
train/hindi/C_image_14975_6.jpg,मंदिर,hindi
train/hindi/C_image_14975_7.jpg,संग्रह,hindi
train/hindi/C_image_14980_5.jpg,गांधी,hindi
train/hindi/C_image_14980_6.jpg,स्टोर,hindi
train/hindi/C_image_14980_7.jpg,श्री,hindi
train/hindi/C_image_14986_27.jpg,बोस,hindi
train/hindi/C_image_14987_0.jpg,कुल्फी,hindi
train/hindi/C_image_14987_1.jpg,मधुबन,hindi
train/hindi/C_image_14987_8.jpg,माटला,hindi
train/hindi/C_image_14995_11.jpg,शीतला,hindi
train/hindi/C_image_14995_12.jpg,चौक,hindi
train/hindi/C_image_14995_18.jpg,गांधी,hindi
train/hindi/C_image_14995_21.jpg,सर्वेक्षण,hindi
train/hindi/C_image_14995_22.jpg,भारतीय,hindi
train/hindi/C_image_14995_24.jpg,पोरबंदर,hindi
train/hindi/C_image_14995_26.jpg,सरकार,hindi
train/hindi/C_image_14995_27.jpg,प्रितेश,hindi
train/hindi/C_image_14995_31.jpg,भारत,hindi
train/hindi/C_image_14995_34.jpg,बेरा,hindi
train/hindi/C_image_14995_36.jpg,मात्स्यिकी,hindi
train/hindi/C_image_14995_39.jpg,कस्तुरबा,hindi
train/hindi/C_image_14995_43.jpg,३६०५०५,hindi
train/hindi/C_image_14995_46.jpg,पोरबंदर,hindi
train/hindi/C_image_15018_2.jpg,श्री,hindi
train/hindi/C_image_15018_6.jpg,रोकड़ीया,hindi
train/hindi/C_image_15026_8.jpg,सवारी,hindi
train/hindi/C_image_15032_7.jpg,वारा,hindi
train/hindi/C_image_15033_1.jpg,बाल,hindi
train/hindi/C_image_15033_2.jpg,मंदिर,hindi
train/hindi/C_image_15033_3.jpg,पुस्तकालय,hindi
train/hindi/C_image_15033_4.jpg,गांधी,hindi
train/hindi/C_image_15033_5.jpg,बा,hindi
train/hindi/C_image_15033_6.jpg,ज्य,hindi
train/hindi/C_image_15033_7.jpg,कस्तुर,hindi
train/hindi/C_image_15033_8.jpg,संग्रह स्थान,hindi
train/hindi/C_image_15035_0.jpg,पुस्तक,hindi
train/hindi/C_image_15035_1.jpg,कस्तुर,hindi
train/hindi/C_image_15035_10.jpg,गांधी,hindi
train/hindi/C_image_15035_11.jpg,बा,hindi
train/hindi/C_image_15035_12.jpg,पूज्य,hindi
train/hindi/C_image_15035_16.jpg,गांधीजी,hindi
train/hindi/C_image_15035_6.jpg,का‍,hindi
train/hindi/C_image_15035_7.jpg,जन्मस्थान,hindi
train/hindi/C_image_15035_8.jpg,महात्मा,hindi
train/hindi/C_image_15035_9.jpg,पूज्य,hindi
train/hindi/C_image_15085_0.jpg,मंदिर,hindi
train/hindi/C_image_15085_1.jpg,पुस्तकालय,hindi
train/hindi/C_image_15085_2.jpg,बाल,hindi
train/hindi/C_image_15223_0.jpg,बा,hindi
train/hindi/C_image_15223_2.jpg,कस्तुर,hindi
train/hindi/C_image_15223_4.jpg,पुस्तकालय,hindi
train/hindi/C_image_15223_5.jpg,बाल,hindi
train/hindi/C_image_15223_6.jpg,मंदिर,hindi
train/hindi/C_image_15223_7.jpg,पूज्य,hindi
train/hindi/C_image_15400_2.jpg,ॐ,hindi
train/hindi/C_image_156_3.jpg,पू म रे,hindi
train/hindi/C_image_156_4.jpg,उदवाडा,hindi
train/hindi/C_image_15707_1.jpg,ૐ,hindi
train/hindi/C_image_162_3.jpg,उसरा,hindi
train/hindi/C_image_164_2.jpg,उत्त्त्राण,hindi
train/hindi/C_image_166_2.jpg,वडोदरा जं.,hindi
train/hindi/C_image_169_2.jpg,मीटर,hindi
train/hindi/C_image_169_3.jpg,उँचाई,hindi
train/hindi/C_image_169_4.jpg,तल‍,hindi
train/hindi/C_image_169_5.jpg,वलसाड,hindi
train/hindi/C_image_169_6.jpg,समुद्र,hindi
train/hindi/C_image_169_7.jpg,से‍,hindi
train/hindi/C_image_173_0.jpg,वापी,hindi
train/hindi/C_image_174_0.jpg,वापी,hindi
train/hindi/C_image_174_3.jpg,पायलट,hindi
train/hindi/C_image_174_4.jpg,यहाँ,hindi
train/hindi/C_image_174_5.jpg,के‍,hindi
train/hindi/C_image_174_7.jpg,कोच,hindi
train/hindi/C_image_174_8.jpg,लोको,hindi
train/hindi/C_image_174_9.jpg,रूकिए,hindi
train/hindi/C_image_175_12.jpg,पार्किंग,hindi
train/hindi/C_image_175_16.jpg,रेलवे,hindi
train/hindi/C_image_175_20.jpg,वेरावल,hindi
train/hindi/C_image_175_3.jpg,मजदूर,hindi
train/hindi/C_image_175_4.jpg,वेस्टर्न,hindi
train/hindi/C_image_175_8.jpg,नो,hindi
train/hindi/C_image_180_1.jpg,वघई,hindi
train/hindi/C_image_180_3.jpg,वद्यई,hindi
train/hindi/C_image_18049_0.jpg,रेल,hindi
train/hindi/C_image_18049_3.jpg,भुज,hindi
train/hindi/C_image_18049_6.jpg,भारतीय,hindi
train/hindi/C_image_18050_9.jpg,भुज,hindi
train/hindi/C_image_18149_2.jpg,ॐ,hindi
train/hindi/C_image_18256_0.jpg,भिलाड,hindi
train/hindi/C_image_18264_2.jpg,पु‍रूष,hindi
train/hindi/C_image_18264_4.jpg,वलसाड,hindi
train/hindi/C_image_18266_0.jpg,वलसाड,hindi
train/hindi/C_image_18266_4.jpg,वलसाड,hindi
train/hindi/C_image_18269_2.jpg,वलसाड,hindi
train/hindi/C_image_185_10.jpg,मध्यप्रदेश,hindi
train/hindi/C_image_185_11.jpg,मध्‍यप्रदेश,hindi
train/hindi/C_image_185_26.jpg,परिवहन,hindi
train/hindi/C_image_185_27.jpg,परिवहन,hindi
train/hindi/C_image_185_28.jpg,दाहोद,hindi
train/hindi/C_image_185_8.jpg,वड़वानी,hindi
train/hindi/C_image_185_9.jpg,बड़वानी,hindi
train/hindi/C_image_18596_0.jpg,नं,hindi
train/hindi/C_image_18596_1.jpg,प्याकिङ्गको,hindi
train/hindi/C_image_18596_10.jpg,छ,hindi
train/hindi/C_image_18596_11.jpg,पनि,hindi
train/hindi/C_image_18596_12.jpg,सम्पर्क,hindi
train/hindi/C_image_18596_2.jpg,व्यवस्था,hindi
train/hindi/C_image_18596_3.jpg,होम,hindi
train/hindi/C_image_18596_4.jpg,।खाजा,hindi
train/hindi/C_image_18596_5.jpg,तुच्चा,hindi
train/hindi/C_image_18596_6.jpg,ॐ,hindi
train/hindi/C_image_18596_9.jpg,घर।,hindi
train/hindi/C_image_1972_22.jpg,श्री,hindi
train/hindi/C_image_1972_24.jpg,॥राम॥,hindi
train/hindi/C_image_1982_2.jpg,श्री,hindi
train/hindi/C_image_1983_2.jpg,शिवम,hindi
train/hindi/C_image_19854_0.jpg,प्रति प्याक,hindi
train/hindi/C_image_19854_1.jpg,बालकुमारी,hindi
train/hindi/C_image_19854_10.jpg,जरिवाना,hindi
train/hindi/C_image_19854_14.jpg,रु,hindi
train/hindi/C_image_19854_18.jpg,महादेव,hindi
train/hindi/C_image_19854_2.jpg,अपिल,hindi
train/hindi/C_image_19854_30.jpg,संखेश्वर,hindi
train/hindi/C_image_19854_31.jpg,मात्र,hindi
train/hindi/C_image_19854_34.jpg,रु.,hindi
train/hindi/C_image_19854_38.jpg,राम,hindi
train/hindi/C_image_19854_39.jpg,वर्कशप,hindi
train/hindi/C_image_19854_4.jpg,बाल,hindi
train/hindi/C_image_19854_40.jpg,लारनेंद,hindi
train/hindi/C_image_19854_41.jpg,गाडी,hindi
train/hindi/C_image_19854_42.jpg,लान,hindi
train/hindi/C_image_19854_43.jpg,मनाही,hindi
train/hindi/C_image_19854_44.jpg,लगेमा,hindi
train/hindi/C_image_19854_45.jpg,सेन्टर,hindi
train/hindi/C_image_19854_46.jpg,कुमारी,hindi
train/hindi/C_image_19854_47.jpg,सार्वजनिक,hindi
train/hindi/C_image_19854_49.jpg,प्रति खिल्ली,hindi
train/hindi/C_image_19854_5.jpg,रू-१०००/-,hindi
train/hindi/C_image_19854_6.jpg,भित्र,hindi
train/hindi/C_image_19854_8.jpg,भित्र,hindi
train/hindi/C_image_208_10.jpg,७,hindi
train/hindi/C_image_21439_6.jpg,ૐ,hindi
train/hindi/C_image_2157_13.jpg,प्रशिक्षण,hindi
train/hindi/C_image_2157_14.jpg,मानसिंह,hindi
train/hindi/C_image_2157_15.jpg,विकास,hindi
train/hindi/C_image_2157_16.jpg,राष्‍ट्रीय,hindi
train/hindi/C_image_2157_18.jpg,डेरी,hindi
train/hindi/C_image_2157_19.jpg,बोर्ड,hindi
train/hindi/C_image_2157_20.jpg,संस्थान,hindi
train/hindi/C_image_2406_2.jpg,कबूतरखाना,hindi
train/hindi/C_image_264_0.jpg,मों,hindi
train/hindi/C_image_264_13.jpg,ग्रीन,hindi
train/hindi/C_image_2673_1.jpg,मस्जिद,hindi
train/hindi/C_image_2673_4.jpg,बवामन,hindi
train/hindi/C_image_2702_1.jpg,शहरी,hindi
train/hindi/C_image_2702_4.jpg,दरवाजा,hindi
train/hindi/C_image_2728_8.jpg,डस्टबीन,hindi
train/hindi/C_image_2730_0.jpg,श्रीशारदापीठम्,hindi
train/hindi/C_image_2730_2.jpg,ङराचार्य  ,hindi
train/hindi/C_image_2798_2.jpg,कुंडलित,hindi
train/hindi/C_image_2798_3.jpg,कुआँ,hindi
train/hindi/C_image_2798_6.jpg,हेलिकल,hindi
train/hindi/C_image_2855_2.jpg,बारादरी,hindi
train/hindi/C_image_2855_3.jpg,कबूतरखाना,hindi
train/hindi/C_image_2889_4.jpg,२ऽ,hindi
train/hindi/C_image_2889_7.jpg,करन,hindi
train/hindi/C_image_2953_2.jpg,दारुकावन,hindi
train/hindi/C_image_2953_3.jpg,ज्योतिर्लिंग,hindi
train/hindi/C_image_2953_4.jpg,द्वादश,hindi
train/hindi/C_image_2953_5.jpg,ॐ,hindi
train/hindi/C_image_2953_6.jpg,ॐ,hindi
train/hindi/C_image_2953_7.jpg,ॐ,hindi
train/hindi/C_image_2971_1.jpg,मस्जिद,hindi
train/hindi/C_image_2971_4.jpg,नगीना,hindi
train/hindi/C_image_3007_4.jpg,क‍ी,hindi
train/hindi/C_image_3007_5.jpg,मस्जिद,hindi
train/hindi/C_image_315_2.jpg,प्रस्थान,hindi
train/hindi/C_image_324_1.jpg,अहमदाबाद,hindi
train/hindi/C_image_3266_1.jpg,कवीनाम,hindi
train/hindi/C_image_3267_7.jpg,कवीना,hindi
train/hindi/C_image_3316_10.jpg,स्टेट,hindi
train/hindi/C_image_3316_11.jpg,बैंक,hindi
train/hindi/C_image_3316_8.jpg,द्वारका,hindi
train/hindi/C_image_3316_9.jpg,भारतीय,hindi
train/hindi/C_image_3439_13.jpg,बचाओ,hindi
train/hindi/C_image_3439_16.jpg,भारों,hindi
train/hindi/C_image_3439_18.jpg,पढाओ,hindi
train/hindi/C_image_3439_22.jpg,बेटी,hindi
train/hindi/C_image_3439_27.jpg,बेटी,hindi
train/hindi/C_image_3444_0.jpg,प.रे.,hindi
train/hindi/C_image_40_1.jpg,जंक्शन,hindi
train/hindi/C_image_40_5.jpg,आणंद,hindi
train/hindi/C_image_4044_12.jpg,ૐ,hindi
train/hindi/C_image_41_0.jpg,आणंदजं.,hindi
train/hindi/C_image_4103_1.jpg,वि,hindi
train/hindi/C_image_4103_6.jpg,विकिपीडिया,hindi
train/hindi/C_image_42488_3.jpg,ૐ,hindi
train/hindi/C_image_42492_11.jpg,बंद,hindi
train/hindi/C_image_42492_12.jpg,प्रवेश,hindi
train/hindi/C_image_42492_13.jpg,अन्दर,hindi
train/hindi/C_image_42492_14.jpg,करके,hindi
train/hindi/C_image_42492_19.jpg,करें,hindi
train/hindi/C_image_42492_25.jpg,શ્રી,hindi
train/hindi/C_image_42492_6.jpg,श्री,hindi
train/hindi/C_image_43_2.jpg,अतुल,hindi
train/hindi/C_image_43146_0.jpg,व्हेंबर,hindi
train/hindi/C_image_43435_0.jpg,वडनगर,hindi
train/hindi/C_image_43436_1.jpg,वडनगर,hindi
train/hindi/C_image_43437_1.jpg,वडनगर,hindi
train/hindi/C_image_43710_13.jpg,पकोडी,hindi
train/hindi/C_image_43710_14.jpg,सेन्ट,hindi
train/hindi/C_image_44530_1.jpg,विकिपीडिया,hindi
train/hindi/C_image_44532_2.jpg,गुजराती,hindi
train/hindi/C_image_44561_21.jpg,३१०,hindi
train/hindi/C_image_44602_0.jpg,एा,hindi
train/hindi/C_image_44617_0.jpg,व,hindi
train/hindi/C_image_44640_0.jpg,राठवा,hindi
train/hindi/C_image_44920_0.jpg,ल,hindi
train/hindi/C_image_44924_0.jpg,३०,hindi
train/hindi/C_image_45_4.jpg,भरुच,hindi
train/hindi/C_image_45_5.jpg,जंक्शन,hindi
train/hindi/C_image_46_1.jpg,भरुच,hindi
train/hindi/C_image_4730_6.jpg,માં,hindi
train/hindi/C_image_48_0.jpg,निषेध,hindi
train/hindi/C_image_48_1.jpg,प्रवेश,hindi
train/hindi/C_image_48_14.jpg,स्टेशन,hindi
train/hindi/C_image_48_15.jpg,भरुच,hindi
train/hindi/C_image_48_16.jpg,रेलवे,hindi
train/hindi/C_image_48_25.jpg,पश्चिम,hindi
train/hindi/C_image_48_5.jpg,रेलवे,hindi
train/hindi/C_image_48_8.jpg,भरुच,hindi
train/hindi/C_image_49_1.jpg,रेल,hindi
train/hindi/C_image_49_3.jpg,पश्चिम,hindi
train/hindi/C_image_49_5.jpg,भरुच,hindi
train/hindi/C_image_49_7.jpg,रेलवे,hindi
train/hindi/C_image_49_9.jpg,भारतीय,hindi
train/hindi/C_image_4932_6.jpg,त्रा,hindi
train/hindi/C_image_5059_0.jpg,फ,hindi
train/hindi/C_image_5193_1.jpg,ओफीस्,hindi
train/hindi/C_image_5249_2.jpg,ऑफीस,hindi
train/hindi/C_image_5261_0.jpg,ओफीस,hindi
train/hindi/C_image_5476_2.jpg,कालुपुर,hindi
train/hindi/C_image_56_1.jpg,यादरा,hindi
train/hindi/C_image_5872_2.jpg,वस्त्राल,hindi
train/hindi/C_image_5872_3.jpg,गाम,hindi
train/hindi/C_image_5872_6.jpg,वस्त्राल,hindi
train/hindi/C_image_61_1.jpg,गांधीधाम,hindi
train/hindi/C_image_61_4.jpg,जं.,hindi
train/hindi/C_image_62_3.jpg,जंक्शन,hindi
train/hindi/C_image_62_7.jpg,गांधीधाम,hindi
train/hindi/C_image_63_3.jpg,पिटल,hindi
train/hindi/C_image_63_5.jpg,गांधीनगर,hindi
train/hindi/C_image_6341_0.jpg,वस्त्राल,hindi
train/hindi/C_image_6826_1.jpg,थलतेज,hindi
train/hindi/C_image_72_1.jpg,गोंडल,hindi
train/hindi/C_image_7338_5.jpg,माधुपुरा,hindi
train/hindi/C_image_7413_1.jpg,ट्रावेलर्स,hindi
train/hindi/C_image_7413_7.jpg,हाउस,hindi
train/hindi/C_image_7638_1.jpg,सूरत,hindi
train/hindi/C_image_7638_2.jpg,अड़ा,hindi
train/hindi/C_image_7638_5.jpg,દશર્દ્,hindi
train/hindi/C_image_78_1.jpg,જ્ઞામનગર,hindi
train/hindi/C_image_81_1.jpg,महिलाऐ,hindi
train/hindi/C_image_81_10.jpg,जेतलसर जं.,hindi
train/hindi/C_image_81_2.jpg,पुरुष,hindi
train/hindi/C_image_81_3.jpg,काेच,hindi
train/hindi/C_image_81_5.jpg,नं॰,hindi
train/hindi/C_image_81_6.jpg,शौचालय,hindi
train/hindi/C_image_82_4.jpg,जेतलसर जं.,hindi
train/hindi/C_image_829_0.jpg,‍जी,hindi
train/hindi/C_image_829_1.jpg,प्रेमी,hindi
train/hindi/C_image_829_10.jpg,श्री,hindi
train/hindi/C_image_829_21.jpg,कथा,hindi
train/hindi/C_image_829_24.jpg,ॐ,hindi
train/hindi/C_image_829_25.jpg,ॐ,hindi
train/hindi/C_image_829_28.jpg,श्रीमद्,hindi
train/hindi/C_image_829_29.jpg,भागवत,hindi
train/hindi/C_image_829_54.jpg,गिरि,hindi
train/hindi/C_image_83_5.jpg,जेतलसरजं,hindi
train/hindi/C_image_830_6.jpg,भागवत,hindi
train/hindi/C_image_830_9.jpg,ૐ,hindi
train/hindi/C_image_84_2.jpg,जंतलसर जं.,hindi
train/hindi/C_image_93_12.jpg,ओवर,hindi
train/hindi/C_image_93_13.jpg,फुट,hindi
train/hindi/C_image_93_14.jpg,ब्रीज,hindi
train/hindi/C_image_93_16.jpg,स्टेशन,hindi
train/hindi/C_image_93_18.jpg,कार्यालय,hindi
train/hindi/C_image_93_21.jpg,वुकिंग,hindi
train/hindi/C_image_93_5.jpg,टिकट,hindi
train/hindi/C_image_93_9.jpg,तरफ,hindi
train/hindi/C_image_94_3.jpg,नवसारी,hindi
train/hindi/D_image_1_2.jpg,रेशबाग़,hindi
train/hindi/D_image_1_3.jpg,जंक्शन,hindi
train/hindi/D_image_10_0.jpg,या8,hindi
train/hindi/D_image_10_11.jpg,सं.,hindi
train/hindi/D_image_10_12.jpg,न.,hindi
train/hindi/D_image_10_14.jpg,।वाँ,hindi
train/hindi/D_image_10_15.jpg,उँ,hindi
train/hindi/D_image_10_18.jpg,द्यी,hindi
train/hindi/D_image_10_19.jpg,स,hindi
train/hindi/D_image_10_2.jpg,कसा 8 या,hindi
train/hindi/D_image_10_24.jpg,कसा 8,hindi
train/hindi/D_image_10_26.jpg,कसा 8,hindi
train/hindi/D_image_10_27.jpg,वस्र.,hindi
train/hindi/D_image_10_28.jpg,मघिलानी,hindi
train/hindi/D_image_10_29.jpg,नाम,hindi
train/hindi/D_image_10_3.jpg,मां,hindi
train/hindi/D_image_10_30.jpg,डाल,hindi
train/hindi/D_image_10_5.jpg,ञवूज्ञ,hindi
train/hindi/D_image_10_6.jpg,स.,hindi
train/hindi/D_image_10_7.jpg,नं,hindi
train/hindi/D_image_10_9.jpg,व,hindi
train/hindi/D_image_1003_0.jpg,शिखर,hindi
train/hindi/D_image_1003_1.jpg,शिखर,hindi
train/hindi/D_image_1003_12.jpg,दिल्ली,hindi
train/hindi/D_image_1003_13.jpg,नई,hindi
train/hindi/D_image_1003_2.jpg,भी‍,hindi
train/hindi/D_image_1003_21.jpg,का,hindi
train/hindi/D_image_1003_22.jpg,बेहतरीन,hindi
train/hindi/D_image_1003_23.jpg,अनुभव,hindi
train/hindi/D_image_1003_24.jpg,पर,hindi
train/hindi/D_image_1003_3.jpg,जगहों,hindi
train/hindi/D_image_1003_4.jpg,वीरान।,hindi
train/hindi/D_image_1003_5.jpg,एक,hindi
train/hindi/D_image_1003_6.jpg,खरीददारी,hindi
train/hindi/D_image_1004_0.jpg,पर,hindi
train/hindi/D_image_1004_1.jpg,जगहों,hindi
train/hindi/D_image_1004_14.jpg,दिल्ली,hindi
train/hindi/D_image_1004_15.jpg,नई,hindi
train/hindi/D_image_1004_16.jpg,खरीददारी,hindi
train/hindi/D_image_1004_3.jpg,अनुभव,hindi
train/hindi/D_image_1004_5.jpg,एकां,hindi
train/hindi/D_image_1004_6.jpg,का,hindi
train/hindi/D_image_1005_0.jpg,पोस्ट,hindi
train/hindi/D_image_1005_15.jpg,दिल्ली,hindi
train/hindi/D_image_1005_16.jpg,नई,hindi
train/hindi/D_image_1005_2.jpg,शिखर,hindi
train/hindi/D_image_1005_24.jpg,खरीददारी,hindi
train/hindi/D_image_1005_25.jpg,का,hindi
train/hindi/D_image_1005_26.jpg,एक,hindi
train/hindi/D_image_1005_27.jpg,वीरान,hindi
train/hindi/D_image_1005_28.jpg,जगहों।,hindi
train/hindi/D_image_1005_29.jpg,भी,hindi
train/hindi/D_image_1005_3.jpg,पर,hindi
train/hindi/D_image_1005_30.jpg,शिखर,hindi
train/hindi/D_image_1005_32.jpg,रे.सु.बल,hindi
train/hindi/D_image_1005_4.jpg,अनुभव,hindi
train/hindi/D_image_1005_5.jpg,बेहतरीन,hindi
train/hindi/D_image_1006_0.jpg,पोस्ट,hindi
train/hindi/D_image_1006_1.jpg,शिखर,hindi
train/hindi/D_image_1006_15.jpg,दिल्ली,hindi
train/hindi/D_image_1006_16.jpg,नई,hindi
train/hindi/D_image_1006_18.jpg,खरीददारी,hindi
train/hindi/D_image_1006_19.jpg,एक,hindi
train/hindi/D_image_1006_20.jpg,अनुभव,hindi
train/hindi/D_image_1006_21.jpg,जगहों,hindi
train/hindi/D_image_1006_22.jpg,श्री,hindi
train/hindi/D_image_1006_26.jpg,रे.सु.बल,hindi
train/hindi/D_image_1006_3.jpg,८०आ६००,hindi
train/hindi/D_image_1006_5.jpg,प‍‍र,hindi
train/hindi/D_image_1006_6.jpg,वीरान,hindi
train/hindi/D_image_1006_7.jpg,बेहतरीन,hindi
train/hindi/D_image_1006_8.jpg,‍का,hindi
train/hindi/D_image_1007_3.jpg,दिल्ली,hindi
train/hindi/D_image_1007_4.jpg,नई,hindi
train/hindi/D_image_1008_1.jpg,भारत,hindi
train/hindi/D_image_1008_2.jpg,स्वच्छ ,hindi
train/hindi/D_image_1008_7.jpg,दिल्ली,hindi
train/hindi/D_image_1008_8.jpg,नई,hindi
train/hindi/D_image_1009_1.jpg,मी.,hindi
train/hindi/D_image_1009_10.jpg,नई,hindi
train/hindi/D_image_1009_11.jpg,दिल्ली,hindi
train/hindi/D_image_1009_6.jpg,ऊचाँई,hindi
train/hindi/D_image_1009_7.jpg,से‍,hindi
train/hindi/D_image_1009_8.jpg,तल‍,hindi
train/hindi/D_image_1009_9.jpg,समुद्र,hindi
train/hindi/D_image_1012_2.jpg,दिल्ली,hindi
train/hindi/D_image_1012_3.jpg,नई,hindi
train/hindi/D_image_1013_10.jpg,नोटबंदी,hindi
train/hindi/D_image_1013_11.jpg,स्लीपर,hindi
train/hindi/D_image_1013_12.jpg,प्रतीक्षालय,hindi
train/hindi/D_image_1013_14.jpg,नई,hindi
train/hindi/D_image_1013_15.jpg,दिल्ली,hindi
train/hindi/D_image_1013_20.jpg,रेलवे,hindi
train/hindi/D_image_1013_3.jpg,दिल्‍ली,hindi
train/hindi/D_image_1013_4.jpg,लेन,hindi
train/hindi/D_image_1013_5.jpg,टैक्सी,hindi
train/hindi/D_image_1013_6.jpg,प्री-पेड,hindi
train/hindi/D_image_1013_7.jpg,‍का‍,hindi
train/hindi/D_image_1013_9.jpg,प्‍लेट,hindi
train/hindi/D_image_1015_3.jpg,नई,hindi
train/hindi/D_image_1015_4.jpg,दिल्ली,hindi
train/hindi/D_image_1015_8.jpg,प्रवेश,hindi
train/hindi/D_image_1016_1.jpg,पार्किंग,hindi
train/hindi/D_image_1016_2.jpg,नई,hindi
train/hindi/D_image_1016_3.jpg,दिल्ली,hindi
train/hindi/D_image_1016_7.jpg,स्कूटर,hindi
train/hindi/D_image_1017_0.jpg,नई,hindi
train/hindi/D_image_1017_1.jpg,दिल्ली,hindi
train/hindi/D_image_1021_2.jpg,नई दिल्ली,hindi
train/hindi/D_image_1023_3.jpg,नई दिल्ली,hindi
train/hindi/D_image_1027_8.jpg,नई,hindi
train/hindi/D_image_1027_9.jpg,दिल्ली,hindi
train/hindi/D_image_1031_1.jpg,के,hindi
train/hindi/D_image_1031_10.jpg,उतरते,hindi
train/hindi/D_image_1031_11.jpg,सम,hindi
train/hindi/D_image_1031_12.jpg,पीली,hindi
train/hindi/D_image_1031_13.jpg,रेखा,hindi
train/hindi/D_image_1031_14.jpg,पार,hindi
train/hindi/D_image_1031_15.jpg,करे,hindi
train/hindi/D_image_1031_16.jpg,निकास,hindi
train/hindi/D_image_1031_3.jpg,प्रतीक्षा,hindi
train/hindi/D_image_1031_4.jpg,कीजिए,hindi
train/hindi/D_image_1031_5.jpg,केवल,hindi
train/hindi/D_image_1031_7.jpg,कोच,hindi
train/hindi/D_image_1031_8.jpg,पर,hindi
train/hindi/D_image_1031_9.jpg,चलते,hindi
train/hindi/D_image_1032_0.jpg,सामाजिक,hindi
train/hindi/D_image_1032_1.jpg,दूरी,hindi
train/hindi/D_image_1032_2.jpg,सुनिश्चित,hindi
train/hindi/D_image_1032_3.jpg,करें,hindi
train/hindi/D_image_1033_0.jpg,केे,hindi
train/hindi/D_image_1033_1.jpg,लिए,hindi
train/hindi/D_image_1033_10.jpg,कोविड,hindi
train/hindi/D_image_1033_11.jpg,मदद,hindi
train/hindi/D_image_1033_2.jpg,रोकने,hindi
train/hindi/D_image_1033_3.jpg,काे,hindi
train/hindi/D_image_1033_4.jpg,१९ ,hindi
train/hindi/D_image_1033_5.jpg,करें ।,hindi
train/hindi/D_image_1033_6.jpg,कृपया,hindi
train/hindi/D_image_1033_7.jpg,यहाँ,hindi
train/hindi/D_image_1033_8.jpg,न,hindi
train/hindi/D_image_1033_9.jpg,बैठें।,hindi
train/hindi/D_image_1035_2.jpg,पास,hindi
train/hindi/D_image_1035_3.jpg,अनुभाग,hindi
train/hindi/D_image_1036_0.jpg,बिबट्यांचे,hindi
train/hindi/D_image_1036_1.jpg,म्हा,hindi
train/hindi/D_image_1036_2.jpg,राष्ट्री,hindi
train/hindi/D_image_1036_3.jpg,गांधी,hindi
train/hindi/D_image_1036_4.jpg,संजय,hindi
train/hindi/D_image_1036_5.jpg,आपल्या,hindi
train/hindi/D_image_1036_6.jpg,म,hindi
train/hindi/D_image_1038_0.jpg,निर्माण,hindi
train/hindi/D_image_1038_1.jpg,विहार,hindi
train/hindi/D_image_1050_0.jpg,जयते,hindi
train/hindi/D_image_1050_1.jpg,सत्यमेव,hindi
train/hindi/D_image_1051_0.jpg,प्रा,hindi
train/hindi/D_image_1051_1.jpg,रा,hindi
train/hindi/D_image_1051_2.jpg,रा,hindi
train/hindi/D_image_1051_3.jpg,भा,hindi
train/hindi/D_image_1051_6.jpg,भारतीय,hindi
train/hindi/D_image_1051_7.jpg,राष्टीय,hindi
train/hindi/D_image_1051_8.jpg,राजमार्ग,hindi
train/hindi/D_image_1051_9.jpg,प्राधिकरण,hindi
train/hindi/D_image_1054_3.jpg,गंगे,hindi
train/hindi/D_image_1054_4.jpg,नमामि,hindi
train/hindi/D_image_1060_3.jpg,पोत,hindi
train/hindi/D_image_1060_6.jpg,मंत्रालय,hindi
train/hindi/D_image_1060_7.jpg,परिवहन,hindi
train/hindi/D_image_1068_5.jpg,मंत्रालय,hindi
train/hindi/D_image_1068_6.jpg,परिवहन,hindi
train/hindi/D_image_1068_7.jpg,पोत,hindi
train/hindi/D_image_1071_0.jpg,आदित्यनाथ,hindi
train/hindi/D_image_1078_0.jpg,रोजगार,hindi
train/hindi/D_image_1078_1.jpg,एवं,hindi
train/hindi/D_image_1078_2.jpg,श्रम,hindi
train/hindi/D_image_1078_3.jpg,मंत्रालय,hindi
train/hindi/D_image_108_0.jpg,उपरे,hindi
train/hindi/D_image_108_2.jpg,असावती,hindi
train/hindi/D_image_109_2.jpg,असावती,hindi
train/hindi/D_image_1091_1.jpg,कारपोरेशन,hindi
train/hindi/D_image_1091_2.jpg,ऑप,hindi
train/hindi/D_image_1094_2.jpg,पोत,hindi
train/hindi/D_image_1094_3.jpg,परिवह,hindi
train/hindi/D_image_1099_6.jpg,गंगे,hindi
train/hindi/D_image_1099_7.jpg,नमामि,hindi
train/hindi/D_image_11_0.jpg,पड़ोसी,hindi
train/hindi/D_image_11_1.jpg,अपने,hindi
train/hindi/D_image_11_10.jpg,अपने,hindi
train/hindi/D_image_11_100.jpg,बहाउ्ल्लाइ,hindi
train/hindi/D_image_11_11.jpg,से,hindi
train/hindi/D_image_11_110.jpg,।३८,hindi
train/hindi/D_image_11_116.jpg,धर्म,hindi
train/hindi/D_image_11_117.jpg,लोगों।,hindi
train/hindi/D_image_11_118.jpg,हमने,hindi
train/hindi/D_image_11_119.jpg,तुम्हें,hindi
train/hindi/D_image_11_12.jpg,मन-प्राण,hindi
train/hindi/D_image_11_120.jpg,एक,hindi
train/hindi/D_image_11_121.jpg,मर्द,hindi
train/hindi/D_image_11_122.jpg,ओर,hindi
train/hindi/D_image_11_123.jpg,एक,hindi
train/hindi/D_image_11_124.jpg,औरत,hindi
train/hindi/D_image_11_125.jpg,से,hindi
train/hindi/D_image_11_126.jpg,पैदा,hindi
train/hindi/D_image_11_127.jpg,किया,hindi
train/hindi/D_image_11_128.jpg,हैं,hindi
train/hindi/D_image_11_129.jpg,ताकि,hindi
train/hindi/D_image_11_13.jpg,तुम,hindi
train/hindi/D_image_11_130.jpg,तुम,hindi
train/hindi/D_image_11_131.jpg,एक,hindi
train/hindi/D_image_11_132.jpg,दूसरे,hindi
train/hindi/D_image_11_133.jpg,कॊ,hindi
train/hindi/D_image_11_134.jpg,जान,hindi
train/hindi/D_image_11_135.jpg,सको,hindi
train/hindi/D_image_11_136.jpg,"सच,",hindi
train/hindi/D_image_11_137.jpg,अल्लाह,hindi
train/hindi/D_image_11_138.jpg,की,hindi
train/hindi/D_image_11_140.jpg,मे ,hindi
train/hindi/D_image_11_141.jpg,तुममे,hindi
train/hindi/D_image_11_142.jpg,से,hindi
train/hindi/D_image_11_143.jpg,सबसे,hindi
train/hindi/D_image_11_144.jpg,खबर,hindi
train/hindi/D_image_11_145.jpg,रखने,hindi
train/hindi/D_image_11_146.jpg,वाला,hindi
train/hindi/D_image_11_147.jpg,है।,hindi
train/hindi/D_image_11_174.jpg,प्रेम,hindi
train/hindi/D_image_11_175.jpg,करो,hindi
train/hindi/D_image_11_176.jpg,यह,hindi
train/hindi/D_image_11_177.jpg,पहला,hindi
train/hindi/D_image_11_178.jpg,और,hindi
train/hindi/D_image_11_179.jpg,महान,hindi
train/hindi/D_image_11_180.jpg,धर्मादेश,hindi
train/hindi/D_image_11_181.jpg,है,hindi
train/hindi/D_image_11_182.jpg,और,hindi
train/hindi/D_image_11_183.jpg,आदेश,hindi
train/hindi/D_image_11_184.jpg,"है,",hindi
train/hindi/D_image_11_185.jpg,तुम,hindi
train/hindi/D_image_11_186.jpg,अपनी,hindi
train/hindi/D_image_11_187.jpg,तरह,hindi
train/hindi/D_image_11_188.jpg,प्रेम,hindi
train/hindi/D_image_11_189.jpg,करोगे,hindi
train/hindi/D_image_11_190.jpg,"बायबल,",hindi
train/hindi/D_image_11_191.jpg,मैथ्यू,hindi
train/hindi/D_image_11_2.jpg,दूसरा,hindi
train/hindi/D_image_11_3.jpg,तरह,hindi
train/hindi/D_image_11_33.jpg,सबकी,hindi
train/hindi/D_image_11_34.jpg,"वाला,",hindi
train/hindi/D_image_11_35.jpg,जानने,hindi
train/hindi/D_image_11_36.jpg,सब,hindi
train/hindi/D_image_11_37.jpg,ख़ुदा,hindi
train/hindi/D_image_11_38.jpg,"सच,",hindi
train/hindi/D_image_11_39.jpg,है।,hindi
train/hindi/D_image_11_4.jpg,की,hindi
train/hindi/D_image_11_40.jpg,न्यायप्रिय,hindi
train/hindi/D_image_11_41.jpg,अधिक,hindi
train/hindi/D_image_11_42.jpg,से,hindi
train/hindi/D_image_11_43.jpg,तुममे,hindi
train/hindi/D_image_11_44.jpg,जो,hindi
train/hindi/D_image_11_45.jpg,है,hindi
train/hindi/D_image_11_46.jpg,वह,hindi
train/hindi/D_image_11_47.jpg,वाला,hindi
train/hindi/D_image_11_48.jpg,इज्ज़त,hindi
train/hindi/D_image_11_49.jpg,अधिक,hindi
train/hindi/D_image_11_5.jpg,इसी,hindi
train/hindi/D_image_11_50.jpg,है,hindi
train/hindi/D_image_11_51.jpg,दी,hindi
train/hindi/D_image_11_53.jpg,ओर,hindi
train/hindi/D_image_11_54.jpg,गुल्क,hindi
train/hindi/D_image_11_55.jpg,तुम्हे,hindi
train/hindi/D_image_11_56.jpg,और,hindi
train/hindi/D_image_11_57.jpg,है,hindi
train/hindi/D_image_11_58.jpg,धर्म,hindi
train/hindi/D_image_11_59.jpg,ईसाई,hindi
train/hindi/D_image_11_6.jpg,को,hindi
train/hindi/D_image_11_61.jpg,इस्लाम,hindi
train/hindi/D_image_11_66.jpg,की,hindi
train/hindi/D_image_11_67.jpg,शाख,hindi
train/hindi/D_image_11_68.jpg,ही‍,hindi
train/hindi/D_image_11_69.jpg,एक,hindi
train/hindi/D_image_11_7.jpg,प्रभु,hindi
train/hindi/D_image_11_72.jpg,बहाई,hindi
train/hindi/D_image_11_73.jpg,धर्म,hindi
train/hindi/D_image_11_75.jpg,एकता,hindi
train/hindi/D_image_11_76.jpg,का,hindi
train/hindi/D_image_11_77.jpg,मंडप,hindi
train/hindi/D_image_11_78.jpg,ऊँचा,hindi
train/hindi/D_image_11_79.jpg,उठा,hindi
train/hindi/D_image_11_8.jpg,अपने,hindi
train/hindi/D_image_11_80.jpg,दिया,hindi
train/hindi/D_image_11_81.jpg,गया,hindi
train/hindi/D_image_11_82.jpg,हैं,hindi
train/hindi/D_image_11_83.jpg,तुम,hindi
train/hindi/D_image_11_84.jpg,एक,hindi
train/hindi/D_image_11_85.jpg,दूसरे,hindi
train/hindi/D_image_11_86.jpg,को,hindi
train/hindi/D_image_11_87.jpg,अपरिचितों,hindi
train/hindi/D_image_11_88.jpg,की,hindi
train/hindi/D_image_11_89.jpg,तरह,hindi
train/hindi/D_image_11_9.jpg,ईश्वर,hindi
train/hindi/D_image_11_91.jpg,समझो,hindi
train/hindi/D_image_11_92.jpg,तुम,hindi
train/hindi/D_image_11_93.jpg,एक,hindi
train/hindi/D_image_11_94.jpg,ही,hindi
train/hindi/D_image_11_95.jpg,वृक्ष,hindi
train/hindi/D_image_11_97.jpg,फल ,hindi
train/hindi/D_image_11_99.jpg,और,hindi
train/hindi/D_image_1101_0.jpg,हज़रत,hindi
train/hindi/D_image_1101_1.jpg,निज़ामुद्दीन,hindi
train/hindi/D_image_1101_5.jpg,समुद्र,hindi
train/hindi/D_image_1101_6.jpg,तल से,hindi
train/hindi/D_image_1101_7.jpg,ऊंचाईः,hindi
train/hindi/D_image_1101_9.jpg,70 मी.,hindi
train/hindi/D_image_1102_11.jpg,CAA,hindi
train/hindi/D_image_1102_9.jpg,पुरूष,hindi
train/hindi/D_image_1105_10.jpg,यहा,hindi
train/hindi/D_image_1105_6.jpg,मिलता,hindi
train/hindi/D_image_1105_7.jpg,अधार,hindi
train/hindi/D_image_1105_8.jpg,लाकल,hindi
train/hindi/D_image_1105_9.jpg,पर,hindi
train/hindi/D_image_1108_11.jpg,बदरपुर,hindi
train/hindi/D_image_1108_6.jpg,एम्स,hindi
train/hindi/D_image_1108_8.jpg,कुतुब,hindi
train/hindi/D_image_1108_9.jpg,मीनार,hindi
train/hindi/D_image_1109_10.jpg,बुकिंग,hindi
train/hindi/D_image_1109_11.jpg,राशि,hindi
train/hindi/D_image_1109_13.jpg,रु,hindi
train/hindi/D_image_1109_14.jpg,मे‍,hindi
train/hindi/D_image_1109_2.jpg,मीना,hindi
train/hindi/D_image_1109_3.jpg,बाज़ार,hindi
train/hindi/D_image_1109_7.jpg,प्लॉट,hindi
train/hindi/D_image_1109_8.jpg,ह‌ी,hindi
train/hindi/D_image_1109_9.jpg,प्लॉट,hindi
train/hindi/D_image_1111_0.jpg,प्रसाधन,hindi
train/hindi/D_image_1111_1.jpg,महिला,hindi
train/hindi/D_image_1111_4.jpg,विदेश,hindi
train/hindi/D_image_1111_6.jpg,मंत्रालय,hindi
train/hindi/D_image_1111_8.jpg,विदेश,hindi
train/hindi/D_image_1111_9.jpg,प्र,hindi
train/hindi/D_image_1113_10.jpg,मंत्रालय,hindi
train/hindi/D_image_1113_14.jpg,विदेश,hindi
train/hindi/D_image_1113_15.jpg,प्रचार,hindi
train/hindi/D_image_1113_16.jpg,एवम,hindi
train/hindi/D_image_1113_17.jpg,लोक,hindi
train/hindi/D_image_1113_18.jpg,राजनय,hindi
train/hindi/D_image_1113_19.jpg,प्रभाग,hindi
train/hindi/D_image_1113_5.jpg,जयते,hindi
train/hindi/D_image_1113_6.jpg,सत्वमेव,hindi
train/hindi/D_image_1113_9.jpg,विदेश,hindi
train/hindi/D_image_1114_4.jpg,मं,hindi
train/hindi/D_image_1114_5.jpg,देश,hindi
train/hindi/D_image_1114_6.jpg,जाते,hindi
train/hindi/D_image_1114_7.jpg,सत्‍यमेव,hindi
train/hindi/D_image_1117_4.jpg,सूचना,hindi
train/hindi/D_image_1117_5.jpg,और,hindi
train/hindi/D_image_1117_6.jpg,प्रसारण,hindi
train/hindi/D_image_1117_7.jpg,मंत्रालय,hindi
train/hindi/D_image_1118_0.jpg,सूचना,hindi
train/hindi/D_image_1118_1.jpg,और‍,hindi
train/hindi/D_image_1118_2.jpg,प्रसारण,hindi
train/hindi/D_image_1118_3.jpg,मंत्रालय,hindi
train/hindi/D_image_1119_3.jpg,प्रसारण,hindi
train/hindi/D_image_1119_4.jpg,और,hindi
train/hindi/D_image_1119_5.jpg,सूचना,hindi
train/hindi/D_image_1119_7.jpg,मंत्रालय,hindi
train/hindi/D_image_1120_2.jpg,प्रसारण,hindi
train/hindi/D_image_1120_3.jpg,सूचना,hindi
train/hindi/D_image_1120_4.jpg,जयते,hindi
train/hindi/D_image_1120_5.jpg,सत्यमेव,hindi
train/hindi/D_image_1120_7.jpg,एवं,hindi
train/hindi/D_image_1120_8.jpg,मंत्रालय,hindi
train/hindi/D_image_1121_0.jpg,तक‍,hindi
train/hindi/D_image_1121_10.jpg,मंत्रालय,hindi
train/hindi/D_image_1121_12.jpg,जब,hindi
train/hindi/D_image_1121_4.jpg,प्रसारण,hindi
train/hindi/D_image_1121_5.jpg,सूचना,hindi
train/hindi/D_image_1121_7.jpg,सत्यमेव,hindi
train/hindi/D_image_1121_8.jpg,जयते,hindi
train/hindi/D_image_1121_9.jpg,एवं,hindi
train/hindi/D_image_1122_0.jpg,संख्या,hindi
train/hindi/D_image_1122_1.jpg,द्वा.,hindi
train/hindi/D_image_1122_13.jpg,सत्यमेव,hindi
train/hindi/D_image_1122_14.jpg,जयते,hindi
train/hindi/D_image_1122_4.jpg,पेट्रोलियम,hindi
train/hindi/D_image_1122_5.jpg,एवं,hindi
train/hindi/D_image_1122_6.jpg,प्राकृतिक,hindi
train/hindi/D_image_1122_7.jpg,गैस,hindi
train/hindi/D_image_1122_8.jpg,मंत्रालय,hindi
train/hindi/D_image_1123_0.jpg,संख्या,hindi
train/hindi/D_image_1123_1.jpg,जयते,hindi
train/hindi/D_image_1123_13.jpg,सत्यमेव,hindi
train/hindi/D_image_1123_14.jpg,द्वार,hindi
train/hindi/D_image_1123_5.jpg,मंत्रालय,hindi
train/hindi/D_image_1123_6.jpg,प्राकृतिक,hindi
train/hindi/D_image_1123_7.jpg,पेट्रोलियम,hindi
train/hindi/D_image_1123_8.jpg,एवं,hindi
train/hindi/D_image_1123_9.jpg,गैस,hindi
train/hindi/D_image_1124_10.jpg,एवं,hindi
train/hindi/D_image_1124_12.jpg,प्राकृतिक,hindi
train/hindi/D_image_1124_13.jpg,मंत्रालय,hindi
train/hindi/D_image_1124_15.jpg,द्वार,hindi
train/hindi/D_image_1124_16.jpg,संख्या,hindi
train/hindi/D_image_1124_17.jpg,४,hindi
train/hindi/D_image_1124_3.jpg,गैस,hindi
train/hindi/D_image_1124_4.jpg,जयरो,hindi
train/hindi/D_image_1124_5.jpg,सत्त्यमेव,hindi
train/hindi/D_image_1124_9.jpg,पेट्रोलियम,hindi
train/hindi/D_image_1128_0.jpg,ओखला,hindi
train/hindi/D_image_1128_1.jpg,विहार,hindi
train/hindi/D_image_1132_0.jpg,कमेटी,hindi
train/hindi/D_image_1132_1.jpg,लीला,hindi
train/hindi/D_image_1132_11.jpg,मीना,hindi
train/hindi/D_image_1132_12.jpg,बाजा़र,hindi
train/hindi/D_image_1132_17.jpg,विकास,hindi
train/hindi/D_image_1132_19.jpg,दिल्ली,hindi
train/hindi/D_image_1132_2.jpg,धार्मिन्क,hindi
train/hindi/D_image_1132_20.jpg,विकास,hindi
train/hindi/D_image_1132_21.jpg,प्राधिकरण,hindi
train/hindi/D_image_1132_27.jpg,रामायण,hindi
train/hindi/D_image_1132_29.jpg,शत,hindi
train/hindi/D_image_1132_3.jpg,श्री,hindi
train/hindi/D_image_1132_30.jpg,शत्,hindi
train/hindi/D_image_1132_31.jpg,नमन,hindi
train/hindi/D_image_1132_32.jpg,सतीश,hindi
train/hindi/D_image_1132_33.jpg,गुप्ता,hindi
train/hindi/D_image_1132_4.jpg,बाजार,hindi
train/hindi/D_image_1132_6.jpg,प्राधिकरण,hindi
train/hindi/D_image_1132_7.jpg,दिल्ली,hindi
train/hindi/D_image_1133_10.jpg,पानी,hindi
train/hindi/D_image_1133_11.jpg,ठंडा,hindi
train/hindi/D_image_1133_12.jpg,‍का‍,hindi
train/hindi/D_image_1133_34.jpg,गिलास,hindi
train/hindi/D_image_1133_6.jpg,मस्जिद,hindi
train/hindi/D_image_1133_7.jpg,जामा,hindi
train/hindi/D_image_1133_8.jpg,प्रति,hindi
train/hindi/D_image_1133_9.jpg,रूपये,hindi
train/hindi/D_image_1134_0.jpg,जं,hindi
train/hindi/D_image_1134_1.jpg,दिल्ली,hindi
train/hindi/D_image_1137_0.jpg,पूछताछ,hindi
train/hindi/D_image_1137_1.jpg,ओर,hindi
train/hindi/D_image_1137_2.jpg,की,hindi
train/hindi/D_image_1137_3.jpg,प्लेटफार्म,hindi
train/hindi/D_image_1137_4.jpg,आरक्षण,hindi
train/hindi/D_image_1137_5.jpg,स्वागतम्,hindi
train/hindi/D_image_1137_6.jpg,दिल्ली,hindi
train/hindi/D_image_1138_0.jpg,हनुमान,hindi
train/hindi/D_image_1138_10.jpg,पुरानी,hindi
train/hindi/D_image_1138_11.jpg,दिल्ली,hindi
train/hindi/D_image_1138_5.jpg,टैक्सी,hindi
train/hindi/D_image_1138_6.jpg,ऑटो,hindi
train/hindi/D_image_1138_9.jpg,प्रवेश,hindi
train/hindi/D_image_1139_1.jpg,दिल्ली,hindi
train/hindi/D_image_1142_0.jpg,स्वागतम्,hindi
train/hindi/D_image_1142_2.jpg,दिल्ली,hindi
train/hindi/D_image_1144_0.jpg,दिल्ली,hindi
train/hindi/D_image_1146_1.jpg,दिल्ली,hindi
train/hindi/D_image_1149_0.jpg,घर,hindi
train/hindi/D_image_1149_1.jpg,टिकट,hindi
train/hindi/D_image_1150_0.jpg,दिल्ली-1,hindi
train/hindi/D_image_1150_1.jpg,नई,hindi
train/hindi/D_image_1150_2.jpg,रोड,hindi
train/hindi/D_image_1150_3.jpg,ग्रोव,hindi
train/hindi/D_image_1150_4.jpg,अतुल,hindi
train/hindi/D_image_1150_5.jpg,चम्मरी,hindi
train/hindi/D_image_1150_6.jpg,टेलीग्राफ,hindi
train/hindi/D_image_1150_7.jpg,एण्ड,hindi
train/hindi/D_image_1150_8.jpg,पोस्ट,hindi
train/hindi/D_image_1151_0.jpg,दिल्ली,hindi
train/hindi/D_image_1151_1.jpg,नई,hindi
train/hindi/D_image_1151_2.jpg,रोड,hindi
train/hindi/D_image_1151_3.jpg,ग्रोव,hindi
train/hindi/D_image_1151_4.jpg,अतुल,hindi
train/hindi/D_image_1151_5.jpg,चम्मरी,hindi
train/hindi/D_image_1151_6.jpg,टेलीग्राफ,hindi
train/hindi/D_image_1151_7.jpg,एण्ड,hindi
train/hindi/D_image_1151_8.jpg,पोस्ट,hindi
train/hindi/D_image_1152_0.jpg,दिल्ली -1,hindi
train/hindi/D_image_1152_1.jpg,नई,hindi
train/hindi/D_image_1152_14.jpg,पोस्ट,hindi
train/hindi/D_image_1152_15.jpg,एण्ड,hindi
train/hindi/D_image_1152_16.jpg,टेलीग्राफ,hindi
train/hindi/D_image_1152_17.jpg,चम्मरी,hindi
train/hindi/D_image_1152_2.jpg,रोड,hindi
train/hindi/D_image_1152_3.jpg,ग्रोव,hindi
train/hindi/D_image_1152_4.jpg,अतुल,hindi
train/hindi/D_image_1153_0.jpg,दिल्ली,hindi
train/hindi/D_image_1153_1.jpg,नई,hindi
train/hindi/D_image_1153_2.jpg,रोड,hindi
train/hindi/D_image_1153_3.jpg,ग्रोव,hindi
train/hindi/D_image_1153_4.jpg,अतुल,hindi
train/hindi/D_image_1153_5.jpg,चम्मरी,hindi
train/hindi/D_image_1153_6.jpg,टेलीग्राफ,hindi
train/hindi/D_image_1153_7.jpg,एण्ड,hindi
train/hindi/D_image_1153_8.jpg,पोस्ट,hindi
train/hindi/D_image_1154_0.jpg,दिल्ली-1,hindi
train/hindi/D_image_1154_1.jpg,नई,hindi
train/hindi/D_image_1154_2.jpg,रोड,hindi
train/hindi/D_image_1154_3.jpg,ग्रोव,hindi
train/hindi/D_image_1154_4.jpg,अतुल,hindi
train/hindi/D_image_1154_5.jpg,चम्मरी,hindi
train/hindi/D_image_1154_6.jpg,टेलीग्राफ,hindi
train/hindi/D_image_1154_7.jpg,एण्ड,hindi
train/hindi/D_image_1154_8.jpg,पोस्ट,hindi
train/hindi/D_image_1155_0.jpg,टेलीग्राफ,hindi
train/hindi/D_image_1155_1.jpg,एण्ड,hindi
train/hindi/D_image_1155_10.jpg,चम्मरी,hindi
train/hindi/D_image_1155_11.jpg,ग्रोव,hindi
train/hindi/D_image_1155_12.jpg,रोड,hindi
train/hindi/D_image_1155_13.jpg,अतुल,hindi
train/hindi/D_image_1155_14.jpg,नई,hindi
train/hindi/D_image_1155_15.jpg,दिल्ली,hindi
train/hindi/D_image_1155_9.jpg,पोस्ट,hindi
train/hindi/D_image_1157_3.jpg,सरकार,hindi
train/hindi/D_image_1157_4.jpg,भारत,hindi
train/hindi/D_image_1157_5.jpg,कार्यालय,hindi
train/hindi/D_image_1157_6.jpg,सूचना,hindi
train/hindi/D_image_1157_7.jpg,पत्र,hindi
train/hindi/D_image_116_3.jpg,अशोक,hindi
train/hindi/D_image_116_4.jpg,स्ं,hindi
train/hindi/D_image_116_5.jpg,भ,hindi
train/hindi/D_image_1164_1.jpg,पीतमपुरा,hindi
train/hindi/D_image_1165_1.jpg,पैनल,hindi
train/hindi/D_image_1165_3.jpg,आपातकालीन,hindi
train/hindi/D_image_1166_13.jpg,सेंटर,hindi
train/hindi/D_image_1166_14.jpg,सिटी,hindi
train/hindi/D_image_1166_15.jpg,हुडा,hindi
train/hindi/D_image_1166_17.jpg,लिफ्ट,hindi
train/hindi/D_image_1166_5.jpg,ओर,hindi
train/hindi/D_image_1166_6.jpg,‍की,hindi
train/hindi/D_image_1166_7.jpg,सेंटर,hindi
train/hindi/D_image_1166_8.jpg,सिटी,hindi
train/hindi/D_image_1166_9.jpg,हुडा,hindi
train/hindi/D_image_1168_0.jpg,(धनबाद),hindi
train/hindi/D_image_1168_10.jpg,पकड़े,hindi
train/hindi/D_image_1168_11.jpg,अपराध,hindi
train/hindi/D_image_1168_12.jpg,दण्डनीय,hindi
train/hindi/D_image_1168_13.jpg,करना,hindi
train/hindi/D_image_1168_14.jpg,सेवन,hindi
train/hindi/D_image_1168_15.jpg,बेचना/,hindi
train/hindi/D_image_1168_16.jpg,मादक,hindi
train/hindi/D_image_1168_17.jpg,गुटखा,hindi
train/hindi/D_image_1168_18.jpg,प्रकार,hindi
train/hindi/D_image_1168_19.jpg,किसी,hindi
train/hindi/D_image_1168_2.jpg,पी.एन.के.एन,hindi
train/hindi/D_image_1168_20.jpg,दायरे,hindi
train/hindi/D_image_1168_21.jpg,गज,hindi
train/hindi/D_image_1168_22.jpg,के,hindi
train/hindi/D_image_1168_23.jpg,वि‍द्यालय,hindi
train/hindi/D_image_1168_24.jpg,शिक्षण,hindi
train/hindi/D_image_1168_25.jpg,मुक्त,hindi
train/hindi/D_image_1168_26.jpg,नशा,hindi
train/hindi/D_image_1168_27.jpg,०५४५५६५१०,hindi
train/hindi/D_image_1168_29.jpg,चिकित्सा,hindi
train/hindi/D_image_1168_3.jpg,प्रावधान,hindi
train/hindi/D_image_1168_30.jpg,रोग,hindi
train/hindi/D_image_1168_31.jpg,हड्‌डी,hindi
train/hindi/D_image_1168_32.jpg,केलियासोल,hindi
train/hindi/D_image_1168_33.jpg,टच्च,hindi
train/hindi/D_image_1168_34.jpg,भाग,hindi
train/hindi/D_image_1168_35.jpg,दक्षिणी,hindi
train/hindi/D_image_1168_37.jpg,केन्द्र,hindi
train/hindi/D_image_1168_38.jpg,मतदान,hindi
train/hindi/D_image_1168_39.jpg,निपटान,hindi
train/hindi/D_image_1168_4.jpg,का,hindi
train/hindi/D_image_1168_40.jpg,सुरक्षित,hindi
train/hindi/D_image_1168_41.jpg,का,hindi
train/hindi/D_image_1168_42.jpg,कूड़े,hindi
train/hindi/D_image_1168_43.jpg,निर्माण,hindi
train/hindi/D_image_1168_44.jpg,का,hindi
train/hindi/D_image_1168_45.jpg,गड्डे,hindi
train/hindi/D_image_1168_46.jpg,खाद,hindi
train/hindi/D_image_1168_47.jpg,करें,hindi
train/hindi/D_image_1168_48.jpg,जवान,hindi
train/hindi/D_image_1168_49.jpg,और,hindi
train/hindi/D_image_1168_5.jpg,दण्ड,hindi
train/hindi/D_image_1168_50.jpg,बुढे़,hindi
train/hindi/D_image_1168_51.jpg,बच्चे,hindi
train/hindi/D_image_1168_52.jpg,काम,hindi
train/hindi/D_image_1168_53.jpg,सबके,hindi
train/hindi/D_image_1168_54.jpg,आयेे,hindi
train/hindi/D_image_1168_55.jpg,शौचालय,hindi
train/hindi/D_image_1168_56.jpg,होगा,hindi
train/hindi/D_image_1168_57.jpg,विधानसभा,hindi
train/hindi/D_image_1168_58.jpg,निवाचन,hindi
train/hindi/D_image_1168_6.jpg,‍का,hindi
train/hindi/D_image_1168_60.jpg,07 धनबाद,hindi
train/hindi/D_image_1168_61.jpg,39 निरसा,hindi
train/hindi/D_image_1168_62.jpg,सं.,hindi
train/hindi/D_image_1168_64.jpg,उतरी,hindi
train/hindi/D_image_1168_65.jpg,भाग,hindi
train/hindi/D_image_1168_66.jpg,मतदान,hindi
train/hindi/D_image_1168_67.jpg,केन्द्र,hindi
train/hindi/D_image_1168_68.jpg,व्ज,hindi
train/hindi/D_image_1168_69.jpg,नाम,hindi
train/hindi/D_image_1168_7.jpg,रू.200/-,hindi
train/hindi/D_image_1168_70.jpg,पी.एन.के.एन.,hindi
train/hindi/D_image_1168_71.jpg,विद्यालय,hindi
train/hindi/D_image_1168_72.jpg,सनराईज,hindi
train/hindi/D_image_1168_73.jpg,हॉस्पिटल,hindi
train/hindi/D_image_1168_75.jpg,दिनेश,hindi
train/hindi/D_image_1168_78.jpg,१८९६५०१९,hindi
train/hindi/D_image_1168_8.jpg,पर,hindi
train/hindi/D_image_1168_80.jpg,संस्थान,hindi
train/hindi/D_image_1168_81.jpg,परिसर,hindi
train/hindi/D_image_1168_83.jpg,के‌,hindi
train/hindi/D_image_1168_84.jpg,में,hindi
train/hindi/D_image_1168_85.jpg,भी,hindi
train/hindi/D_image_1168_86.jpg,का‍,hindi
train/hindi/D_image_1168_87.jpg,तम्बाकु,hindi
train/hindi/D_image_1168_88.jpg,पदार्थ,hindi
train/hindi/D_image_1168_89.jpg,उत्पाद,hindi
train/hindi/D_image_1168_9.jpg,जाने,hindi
train/hindi/D_image_1168_90.jpg,है।,hindi
train/hindi/D_image_1168_91.jpg,र्ह।,hindi
train/hindi/D_image_1168_92.jpg,आदेशानुसार,hindi
train/hindi/D_image_1168_93.jpg,प्रधानाध्यापक,hindi
train/hindi/D_image_1168_94.jpg,विधालय,hindi
train/hindi/D_image_1171_0.jpg,वावावेवेनानकी,hindi
train/hindi/D_image_1171_1.jpg,ना,hindi
train/hindi/D_image_1171_2.jpg,मिलेग्रा,hindi
train/hindi/D_image_1172_1.jpg,वावावेवेनानकी,hindi
train/hindi/D_image_1172_2.jpg,ना,hindi
train/hindi/D_image_1172_3.jpg,मिलेग्न,hindi
train/hindi/D_image_1173_0.jpg,४८,hindi
train/hindi/D_image_1173_1.jpg,बाबाजीनिर का नालमील,hindi
train/hindi/D_image_1174_1.jpg,कानालमील,hindi
train/hindi/D_image_1174_2.jpg,बाबाजीनिर,hindi
train/hindi/D_image_1175_1.jpg,वंदरांमे सुरगऐ,hindi
train/hindi/D_image_1175_2.jpg,वावाजीसे त,hindi
train/hindi/D_image_1176_0.jpg,वावाजीसेतवंदरांमे,hindi
train/hindi/D_image_1176_1.jpg,सुरगऐ,hindi
train/hindi/D_image_1177_0.jpg,साषीवावेजीदीलालो,hindi
train/hindi/D_image_1177_1.jpg,तषाएानालहो३,hindi
train/hindi/D_image_1178_0.jpg,20,hindi
train/hindi/D_image_1178_1.jpg,साषीवावेजीदीलालोतषा,hindi
train/hindi/D_image_1178_2.jpg,एानालहो३,hindi
train/hindi/D_image_1179_0.jpg,षरेत्र्यांऊपर,hindi
train/hindi/D_image_1179_1.jpg,वावेजीवेदीवेठे,hindi
train/hindi/D_image_118_5.jpg,सप्तम,hindi
train/hindi/D_image_118_6.jpg,दीक्षान्त,hindi
train/hindi/D_image_118_7.jpg,समारोह,hindi
train/hindi/D_image_1180_0.jpg,वावेजीवेदीवेठे,hindi
train/hindi/D_image_1180_1.jpg,वरंग्रीऊपर,hindi
train/hindi/D_image_1181_0.jpg,६१,hindi
train/hindi/D_image_1181_1.jpg,वावेजीकीवालनाथजोगीमिलया,hindi
train/hindi/D_image_1182_1.jpg,बाबेजीकीवालनाथजोगीमिलेया,hindi
train/hindi/D_image_1183_1.jpg,गेटन०2,hindi
train/hindi/D_image_1183_11.jpg,दिल्ली,hindi
train/hindi/D_image_1183_12.jpg,मुक्‍त,hindi
train/hindi/D_image_1183_13.jpg,तम्बाकू,hindi
train/hindi/D_image_1183_14.jpg,स्वागत,hindi
train/hindi/D_image_1183_15.jpg,आपका,hindi
train/hindi/D_image_1183_16.jpg,में,hindi
train/hindi/D_image_1183_17.jpg,क्षेत्र,hindi
train/hindi/D_image_1183_18.jpg,मर्जित,hindi
train/hindi/D_image_1183_19.jpg,तम्बाकू,hindi
train/hindi/D_image_1183_20.jpg,पालम,hindi
train/hindi/D_image_1183_22.jpg,गेट नं.,hindi
train/hindi/D_image_1183_25.jpg,है,hindi
train/hindi/D_image_1183_26.jpg,चेतावनी,hindi
train/hindi/D_image_1183_3.jpg,पालम,hindi
train/hindi/D_image_1183_34.jpg,वहाँ,hindi
train/hindi/D_image_1183_35.jpg,धू्म्रपान,hindi
train/hindi/D_image_1183_36.jpg,करना,hindi
train/hindi/D_image_1183_37.jpg,दंडनीय,hindi
train/hindi/D_image_1183_38.jpg,अपराध,hindi
train/hindi/D_image_1183_4.jpg,क्षेत्र,hindi
train/hindi/D_image_1183_5.jpg,वर्जित,hindi
train/hindi/D_image_1183_6.jpg,धूम्रपान,hindi
train/hindi/D_image_1183_9.jpg,छरछ।।,hindi
train/hindi/D_image_1184_0.jpg,(भवरखण्ड),hindi
train/hindi/D_image_1184_1.jpg,धनबाद,hindi
train/hindi/D_image_1184_10.jpg,‍की,hindi
train/hindi/D_image_1184_11.jpg,संग,hindi
train/hindi/D_image_1184_12.jpg,जब,hindi
train/hindi/D_image_1184_13.jpg,सजेंगे,hindi
train/hindi/D_image_1184_14.jpg,धनुष,hindi
train/hindi/D_image_1184_15.jpg,इद्र,hindi
train/hindi/D_image_1184_16.jpg,बेटी,hindi
train/hindi/D_image_1184_17.jpg,बचाव,hindi
train/hindi/D_image_1184_18.jpg,बेटी,hindi
train/hindi/D_image_1184_19.jpg,पढ़ाओ,hindi
train/hindi/D_image_1184_2.jpg,जि‍ला,hindi
train/hindi/D_image_1184_20.jpg,से‍,hindi
train/hindi/D_image_1184_21.jpg,रंग,hindi
train/hindi/D_image_1184_22.jpg,होगी,hindi
train/hindi/D_image_1184_23.jpg,बेटी,hindi
train/hindi/D_image_1184_24.jpg,प्रखण्ड,hindi
train/hindi/D_image_1184_25.jpg,केलियासां,hindi
train/hindi/D_image_1184_26.jpg,कार्यालय,hindi
train/hindi/D_image_1184_27.jpg,चलें,hindi
train/hindi/D_image_1184_3.jpg,बैंक,hindi
train/hindi/D_image_1184_4.jpg,चली,hindi
train/hindi/D_image_1184_5.jpg,पढ़ाओ,hindi
train/hindi/D_image_1184_6.jpg,बेटीं,hindi
train/hindi/D_image_1184_7.jpg,बचाओ,hindi
train/hindi/D_image_1184_8.jpg,बेटी,hindi
train/hindi/D_image_1184_9.jpg,तरंग,hindi
train/hindi/D_image_1185_1.jpg,पार्क,hindi
train/hindi/D_image_1185_10.jpg,ऑयल,hindi
train/hindi/D_image_1185_11.jpg,इंडियन,hindi
train/hindi/D_image_1185_13.jpg,ऑयल,hindi
train/hindi/D_image_1185_14.jpg,इंडियन,hindi
train/hindi/D_image_1185_20.jpg,पंचशील,hindi
train/hindi/D_image_1186_11.jpg,श्रीराम,hindi
train/hindi/D_image_1186_12.jpg,शर्मा,hindi
train/hindi/D_image_1186_5.jpg,बॉर्डर,hindi
train/hindi/D_image_1186_6.jpg,टीकरी,hindi
train/hindi/D_image_1186_7.jpg,सिटी,hindi
train/hindi/D_image_1186_8.jpg,पंडित,hindi
train/hindi/D_image_1186_9.jpg,बहादुरगढ़,hindi
train/hindi/D_image_1188_2.jpg,ग्राउण्ड,hindi
train/hindi/D_image_1188_7.jpg,परेड,hindi
train/hindi/D_image_1189_1.jpg,पैरेडाइस,hindi
train/hindi/D_image_1190_0.jpg,चाँदनी,hindi
train/hindi/D_image_1190_1.jpg,चाैक,hindi
train/hindi/D_image_1190_10.jpg,पराठें,hindi
train/hindi/D_image_1190_11.jpg,वाली,hindi
train/hindi/D_image_1190_2.jpg,दिल्ली-6,hindi
train/hindi/D_image_1190_3.jpg,पं.,hindi
train/hindi/D_image_1190_4.jpg,ग्या,hindi
train/hindi/D_image_1190_5.jpg,प्रसाद,hindi
train/hindi/D_image_1190_6.jpg,मदन,hindi
train/hindi/D_image_1190_7.jpg,मोहन,hindi
train/hindi/D_image_1190_9.jpg,गली,hindi
train/hindi/D_image_1193_12.jpg,बेटी,hindi
train/hindi/D_image_1193_13.jpg,बचाओ,hindi
train/hindi/D_image_1193_14.jpg,बेटी,hindi
train/hindi/D_image_1193_15.jpg,पढ़ाओ,hindi
train/hindi/D_image_1193_5.jpg,(पश्चिम),hindi
train/hindi/D_image_1193_6.jpg,विहार,hindi
train/hindi/D_image_1193_7.jpg,पश्चिम,hindi
train/hindi/D_image_1194_1.jpg,चैनल,hindi
train/hindi/D_image_1194_2.jpg,न्यूज़,hindi
train/hindi/D_image_1194_20.jpg,ख़बरें,hindi
train/hindi/D_image_1194_21.jpg,जो,hindi
train/hindi/D_image_1194_22.jpg,रुख़,hindi
train/hindi/D_image_1194_23.jpg,बदल,hindi
train/hindi/D_image_1194_24.jpg,दें,hindi
train/hindi/D_image_1194_25.jpg,आपकी,hindi
train/hindi/D_image_1194_26.jpg,‍सोच,hindi
train/hindi/D_image_1194_27.jpg,‍का‍,hindi
train/hindi/D_image_1194_28.jpg,देश,hindi
train/hindi/D_image_1194_29.jpg,का,hindi
train/hindi/D_image_1194_3.jpg,हिंदी,hindi
train/hindi/D_image_1194_30.jpg,सबसे,hindi
train/hindi/D_image_1194_31.jpg,भरोसेमंद,hindi
train/hindi/D_image_1195_3.jpg,चौक,hindi
train/hindi/D_image_1195_4.jpg,पटेल,hindi
train/hindi/D_image_1195_5.jpg,चौक,hindi
train/hindi/D_image_1195_8.jpg,गेट,hindi
train/hindi/D_image_1195_9.jpg,नं॰,hindi
train/hindi/D_image_1197_6.jpg,छात्रावास,hindi
train/hindi/D_image_1197_7.jpg,पटेल,hindi
train/hindi/D_image_1198_0.jpg,गाड़ीय,hindi
train/hindi/D_image_1198_1.jpg,और उत्तर,hindi
train/hindi/D_image_1198_2.jpg,गया,hindi
train/hindi/D_image_1198_3.jpg,जंक्शन,hindi
train/hindi/D_image_1198_4.jpg,पटना,hindi
train/hindi/D_image_1199_10.jpg,और,hindi
train/hindi/D_image_1199_11.jpg,गया,hindi
train/hindi/D_image_1199_12.jpg,जंक्शन,hindi
train/hindi/D_image_1199_13.jpg,पटना,hindi
train/hindi/D_image_1199_3.jpg,बदलिए,hindi
train/hindi/D_image_1199_4.jpg,यहाँ,hindi
train/hindi/D_image_1199_5.jpg,गाड़ी,hindi
train/hindi/D_image_1199_6.jpg,लिए,hindi
train/hindi/D_image_1199_7.jpg,के‍,hindi
train/hindi/D_image_1199_8.jpg,पूर्व,hindi
train/hindi/D_image_1199_9.jpg,उत्तर,hindi
train/hindi/D_image_12_2.jpg,ऊना,hindi
train/hindi/D_image_12_3.jpg,दिल्ली,hindi
train/hindi/D_image_12_4.jpg,नई,hindi
train/hindi/D_image_12_5.jpg,देहरादून,hindi
train/hindi/D_image_12_6.jpg,एक्सप्रेस,hindi
train/hindi/D_image_12_7.jpg,शताब्दी,hindi
train/hindi/D_image_12_8.jpg,जन,hindi
train/hindi/D_image_120_10.jpg,भारतीय,hindi
train/hindi/D_image_120_5.jpg,नई दिल्ली,hindi
train/hindi/D_image_120_6.jpg,रोड़,hindi
train/hindi/D_image_120_7.jpg,अशोक,hindi
train/hindi/D_image_120_8.jpg,पार्टी,hindi
train/hindi/D_image_120_9.jpg,जनता,hindi
train/hindi/D_image_1200_0.jpg,एक्सप्रेस,hindi
train/hindi/D_image_1200_2.jpg,राजधानी,hindi
train/hindi/D_image_1200_3.jpg,15852/C,hindi
train/hindi/D_image_1202_4.jpg,रेल,hindi
train/hindi/D_image_1202_5.jpg,भारतीय,hindi
train/hindi/D_image_1206_10.jpg,राष्ट्र खबर,hindi
train/hindi/D_image_1206_12.jpg,नईं,hindi
train/hindi/D_image_1206_13.jpg,रेल,hindi
train/hindi/D_image_1206_2.jpg,नीर,hindi
train/hindi/D_image_1206_3.jpg,दिन,hindi
train/hindi/D_image_1206_4.jpg,वाइ,hindi
train/hindi/D_image_1206_5.jpg,में,hindi
train/hindi/D_image_1206_6.jpg,माननीय,hindi
train/hindi/D_image_1206_8.jpg,श्री,hindi
train/hindi/D_image_1207_0.jpg,रेल,hindi
train/hindi/D_image_1207_2.jpg,कुम्,hindi
train/hindi/D_image_1207_3.jpg,मंत्री,hindi
train/hindi/D_image_1207_5.jpg,भारतीय,hindi
train/hindi/D_image_1209_2.jpg,कैलाश,hindi
train/hindi/D_image_1214_1.jpg,नौ,hindi
train/hindi/D_image_1214_3.jpg,भा,hindi
train/hindi/D_image_1214_4.jpg,पोत,hindi
train/hindi/D_image_1214_5.jpg,तरकश,hindi
train/hindi/D_image_1217_0.jpg,पीर,hindi
train/hindi/D_image_1217_1.jpg,गायब,hindi
train/hindi/D_image_122_10.jpg,दवाईयाँ,hindi
train/hindi/D_image_122_11.jpg,गर्ग,hindi
train/hindi/D_image_122_12.jpg,मेडिकोज,hindi
train/hindi/D_image_122_13.jpg,अंग्रेजी,hindi
train/hindi/D_image_122_14.jpg,व,hindi
train/hindi/D_image_122_15.jpg,आयुर्वेदिक,hindi
train/hindi/D_image_122_16.jpg,दवायें,hindi
train/hindi/D_image_1229_4.jpg,दिल्ली,hindi
train/hindi/D_image_1229_5.jpg,नई,hindi
train/hindi/D_image_123_1.jpg,मोड़,hindi
train/hindi/D_image_123_2.jpg,बड़कल,hindi
train/hindi/D_image_1230_3.jpg,पुरस्कार,hindi
train/hindi/D_image_1230_5.jpg,वा,hindi
train/hindi/D_image_1230_6.jpg,साहित्य,hindi
train/hindi/D_image_1236_10.jpg,बैंक,hindi
train/hindi/D_image_1236_11.jpg,ऑफ़,hindi
train/hindi/D_image_1236_12.jpg,इंडिया,hindi
train/hindi/D_image_1236_3.jpg,२०००००,hindi
train/hindi/D_image_1236_4.jpg,बैंक,hindi
train/hindi/D_image_1236_5.jpg,ऑफ़,hindi
train/hindi/D_image_1236_6.jpg,इंडिया,hindi
train/hindi/D_image_1236_7.jpg,रिश्तों,hindi
train/hindi/D_image_1236_8.jpg,‍की,hindi
train/hindi/D_image_1236_9.jpg,जमापूँजी,hindi
train/hindi/D_image_1238_1.jpg,ऑफ़,hindi
train/hindi/D_image_1238_2.jpg,इंडिया,hindi
train/hindi/D_image_1238_3.jpg,बीओआई,hindi
train/hindi/D_image_124_0.jpg,घाट,hindi
train/hindi/D_image_124_1.jpg,बद्रीनारायण,hindi
train/hindi/D_image_1242_4.jpg,ऑ इंडि,hindi
train/hindi/D_image_1242_5.jpg,बैंक,hindi
train/hindi/D_image_1242_7.jpg,AXA,hindi
train/hindi/D_image_1242_9.jpg,१॥२११२०१५,hindi
train/hindi/D_image_1243_0.jpg,नमापूँ,hindi
train/hindi/D_image_1243_1.jpg,इंडिया,hindi
train/hindi/D_image_1243_2.jpg,बैंक,hindi
train/hindi/D_image_1244_6.jpg,रिश,hindi
train/hindi/D_image_1244_7.jpg,पूँजी,hindi
train/hindi/D_image_1244_8.jpg,ऑफ़,hindi
train/hindi/D_image_1244_9.jpg,डिया,hindi
train/hindi/D_image_1245_10.jpg,दिशा,hindi
train/hindi/D_image_1245_11.jpg,की,hindi
train/hindi/D_image_1245_12.jpg,समृद्धि,hindi
train/hindi/D_image_1245_13.jpg,एव,hindi
train/hindi/D_image_1245_14.jpg,कल्याण,hindi
train/hindi/D_image_1245_15.jpg,बही,hindi
train/hindi/D_image_1245_16.jpg,महिलाओं,hindi
train/hindi/D_image_1245_17.jpg,को,hindi
train/hindi/D_image_1245_18.jpg,नारी,hindi
train/hindi/D_image_1245_19.jpg,शक्ति,hindi
train/hindi/D_image_1245_2.jpg,जाता,hindi
train/hindi/D_image_1245_20.jpg,पुरस्कार,hindi
train/hindi/D_image_1245_21.jpg,छण्व,hindi
train/hindi/D_image_1245_22.jpg,फाउंडेशन,hindi
train/hindi/D_image_1245_23.jpg,शेरोज,hindi
train/hindi/D_image_1245_24.jpg,हैंगआउट,hindi
train/hindi/D_image_1245_25.jpg,कैफे,hindi
train/hindi/D_image_1245_26.jpg,भारत,hindi
train/hindi/D_image_1245_27.jpg,सरकार,hindi
train/hindi/D_image_1245_28.jpg,महिला,hindi
train/hindi/D_image_1245_29.jpg,एव,hindi
train/hindi/D_image_1245_3.jpg,किया,hindi
train/hindi/D_image_1245_30.jpg,बाल,hindi
train/hindi/D_image_1245_31.jpg,विकास,hindi
train/hindi/D_image_1245_32.jpg,मंत्रालय,hindi
train/hindi/D_image_1245_34.jpg,दिल्ली,hindi
train/hindi/D_image_1245_36.jpg,दिल्ली,hindi
train/hindi/D_image_1245_37.jpg,लीना,hindi
train/hindi/D_image_1245_38.jpg,नायर,hindi
train/hindi/D_image_1245_4.jpg,प्रदान,hindi
train/hindi/D_image_1245_40.jpg,भारत,hindi
train/hindi/D_image_1245_41.jpg,सरकार,hindi
train/hindi/D_image_1245_5.jpg,लिए,hindi
train/hindi/D_image_1245_6.jpg,के,hindi
train/hindi/D_image_1245_7.jpg,कार्य,hindi
train/hindi/D_image_1245_8.jpg,उत्कृष्ट ,hindi
train/hindi/D_image_1246_0.jpg,८००१४४,hindi
train/hindi/D_image_1246_1.jpg,योग,hindi
train/hindi/D_image_1246_14.jpg,रोधी,hindi
train/hindi/D_image_1246_15.jpg,यापार,hindi
train/hindi/D_image_1246_3.jpg,दिल्ली,hindi
train/hindi/D_image_1246_4.jpg,नई,hindi
train/hindi/D_image_1246_5.jpg,भवन,hindi
train/hindi/D_image_1246_6.jpg,वि‍ज्ञान,hindi
train/hindi/D_image_1248_5.jpg,पर्यटन,hindi
train/hindi/D_image_1248_6.jpg,पुरस्कार,hindi
train/hindi/D_image_1252_0.jpg,बैंक,hindi
train/hindi/D_image_1252_1.jpg,रिज़र्व,hindi
train/hindi/D_image_1252_2.jpg,भारतीय,hindi
train/hindi/D_image_1253_0.jpg,प्रीत,hindi
train/hindi/D_image_1253_1.jpg,विहार,hindi
train/hindi/D_image_1254_0.jpg,सप्ता,hindi
train/hindi/D_image_1254_1.jpg,म,hindi
train/hindi/D_image_1254_2.jpg,रेलवे,hindi
train/hindi/D_image_1254_3.jpg,बो,hindi
train/hindi/D_image_1255_0.jpg,160 करोड़,hindi
train/hindi/D_image_1255_10.jpg,रचा,hindi
train/hindi/D_image_1255_11.jpg,सामूहिक,hindi
train/hindi/D_image_1255_12.jpg,सामर्थ्य,hindi
train/hindi/D_image_1255_13.jpg,इतिहास,hindi
train/hindi/D_image_1255_15.jpg,करोड़,hindi
train/hindi/D_image_1255_16.jpg,कोविड,hindi
train/hindi/D_image_1255_17.jpg,भारत,hindi
train/hindi/D_image_1255_18.jpg,द्वारा,hindi
train/hindi/D_image_1255_2.jpg,40 करोड़,hindi
train/hindi/D_image_1255_3.jpg,80 करोड़,hindi
train/hindi/D_image_1255_4.jpg,टीकाकरण,hindi
train/hindi/D_image_1255_5.jpg,करोड़,hindi
train/hindi/D_image_1255_7.jpg,सरकार,hindi
train/hindi/D_image_1255_8.jpg,भारत,hindi
train/hindi/D_image_1255_9.jpg,सेे,hindi
train/hindi/D_image_1256_3.jpg,प्रेस,hindi
train/hindi/D_image_1256_5.jpg,ट्रस्ट,hindi
train/hindi/D_image_1256_6.jpg,ऑफ,hindi
train/hindi/D_image_1256_7.jpg,इडिया,hindi
train/hindi/D_image_126_0.jpg,घाट,hindi
train/hindi/D_image_126_1.jpg,बालाजी,hindi
train/hindi/D_image_1263_1.jpg,द्थानासाठीचा,hindi
train/hindi/D_image_1263_4.jpg,दिल्ली,hindi
train/hindi/D_image_1263_5.jpg,नई,hindi
train/hindi/D_image_127_1.jpg,बल्लभगढ़,hindi
train/hindi/D_image_1270_0.jpg,हमारे,hindi
train/hindi/D_image_1270_1.jpg,यहां,hindi
train/hindi/D_image_1270_2.jpg,कोविशील्ड,hindi
train/hindi/D_image_1270_4.jpg,का,hindi
train/hindi/D_image_1270_5.jpg,टीका,hindi
train/hindi/D_image_1270_6.jpg,लगाया,hindi
train/hindi/D_image_1270_7.jpg,जाता,hindi
train/hindi/D_image_1270_8.jpg,है,hindi
train/hindi/D_image_1271_0.jpg,नई,hindi
train/hindi/D_image_1271_1.jpg,दिल्ली,hindi
train/hindi/D_image_1271_12.jpg,अस्पताल,hindi
train/hindi/D_image_1271_2.jpg,लिए,hindi
train/hindi/D_image_1271_3.jpg,सम्भावित,hindi
train/hindi/D_image_1271_4.jpg,क्षेत्र,hindi
train/hindi/D_image_1271_5.jpg,संक्रमण,hindi
train/hindi/D_image_1271_6.jpg,चौकी,hindi
train/hindi/D_image_1271_7.jpg,अस्पताल,hindi
train/hindi/D_image_1273_1.jpg,बैक,hindi
train/hindi/D_image_1273_10.jpg,कुतुब,hindi
train/hindi/D_image_1273_14.jpg,ऑक्स,hindi
train/hindi/D_image_1273_15.jpg,बड़ौदा,hindi
train/hindi/D_image_1273_3.jpg,मीनार,hindi
train/hindi/D_image_1273_4.jpg,कुतुब,hindi
train/hindi/D_image_1273_7.jpg,प्रवेश,hindi
train/hindi/D_image_1273_8.jpg,स्‍टेशन,hindi
train/hindi/D_image_1273_9.jpg,मीनार,hindi
train/hindi/D_image_1274_0.jpg,कुतुब,hindi
train/hindi/D_image_1274_1.jpg,मीनार,hindi
train/hindi/D_image_1277_1.jpg,आर.,hindi
train/hindi/D_image_1277_2.jpg,के.,hindi
train/hindi/D_image_1277_3.jpg,पुरम,hindi
train/hindi/D_image_1277_4.jpg,आईआईटी,hindi
train/hindi/D_image_1277_7.jpg,मुनिरका,hindi
train/hindi/D_image_1280_0.jpg,रिठाला,hindi
train/hindi/D_image_1281_2.jpg,रोहिणी,hindi
train/hindi/D_image_1281_3.jpg,पूर्व,hindi
train/hindi/D_image_1282_2.jpg,पश्चिम,hindi
train/hindi/D_image_1282_3.jpg,रोहिणी,hindi
train/hindi/D_image_1283_0.jpg,रवि,hindi
train/hindi/D_image_1283_1.jpg,मोहांती,hindi
train/hindi/D_image_1284_0.jpg,जूते,hindi
train/hindi/D_image_1284_1.jpg,उतारें ।,hindi
train/hindi/D_image_1284_2.jpg,कृप्या,hindi
train/hindi/D_image_1284_3.jpg,बाहर,hindi
train/hindi/D_image_1287_0.jpg,दवाखाना,hindi
train/hindi/D_image_1287_10.jpg,१९८००००,hindi
train/hindi/D_image_1287_11.jpg,दवाखाना,hindi
train/hindi/D_image_1287_12.jpg,दवाखाना,hindi
train/hindi/D_image_1287_13.jpg,रॉँची,hindi
train/hindi/D_image_1287_14.jpg,"रोड,",hindi
train/hindi/D_image_1287_15.jpg,रेडियम,hindi
train/hindi/D_image_1287_16.jpg,फार्मा,hindi
train/hindi/D_image_1287_17.jpg,कलकत्ता,hindi
train/hindi/D_image_1287_19.jpg,प्तगर,hindi
train/hindi/D_image_1287_3.jpg,देहाती,hindi
train/hindi/D_image_1287_32.jpg,दवाखाना,hindi
train/hindi/D_image_1287_35.jpg,कलकत्ता,hindi
train/hindi/D_image_1287_36.jpg,फार्मा,hindi
train/hindi/D_image_1287_4.jpg,चुनाव,hindi
train/hindi/D_image_1287_47.jpg,गायत्री,hindi
train/hindi/D_image_1287_48.jpg,रेडियम,hindi
train/hindi/D_image_1287_49.jpg,"रोड,",hindi
train/hindi/D_image_1287_50.jpg,एयरटेल,hindi
train/hindi/D_image_1289_0.jpg,भुवनेश्वर,hindi
train/hindi/D_image_1289_2.jpg,आनन्दबिहार,hindi
train/hindi/D_image_1291_1.jpg,नई,hindi
train/hindi/D_image_1291_2.jpg,दिल्‍ली,hindi
train/hindi/D_image_1291_3.jpg,डिब्रुगढ़,hindi
train/hindi/D_image_1292_3.jpg,राजधानी,hindi
train/hindi/D_image_1292_4.jpg,पार्क,hindi
train/hindi/D_image_1293_2.jpg,पार्क,hindi
train/hindi/D_image_1293_3.jpg,राजधानी,hindi
train/hindi/D_image_1295_4.jpg,छात्रावास,hindi
train/hindi/D_image_1295_5.jpg,प्रसाद,hindi
train/hindi/D_image_1295_6.jpg,राजेन्द्र,hindi
train/hindi/D_image_1296_2.jpg,जयते,hindi
train/hindi/D_image_1296_3.jpg,सत्यमेव,hindi
train/hindi/D_image_1296_4.jpg,डॉ०,hindi
train/hindi/D_image_1296_5.jpg,राजेन्द्र,hindi
train/hindi/D_image_1296_6.jpg,प्रसाद,hindi
train/hindi/D_image_1296_7.jpg,स्मारक,hindi
train/hindi/D_image_1296_8.jpg,व्याख्यान,hindi
train/hindi/D_image_1296_9.jpg,बहुजनहिताय,hindi
train/hindi/D_image_1297_0.jpg,राम,hindi
train/hindi/D_image_1297_1.jpg,हे,hindi
train/hindi/D_image_1298_1.jpg,घाट,hindi
train/hindi/D_image_1299_0.jpg,राम,hindi
train/hindi/D_image_1299_1.jpg,हे,hindi
train/hindi/D_image_13_1.jpg,यान,hindi
train/hindi/D_image_13_2.jpg,कुर्सी,hindi
train/hindi/D_image_13_3.jpg,आरक्षण,hindi
train/hindi/D_image_13_4.jpg,चार्ट,hindi
train/hindi/D_image_1300_0.jpg,हे,hindi
train/hindi/D_image_1300_1.jpg,राम,hindi
train/hindi/D_image_1301_2.jpg,चौक,hindi
train/hindi/D_image_1301_3.jpg,राजीव,hindi
train/hindi/D_image_1301_4.jpg,अग्नि,hindi
train/hindi/D_image_1301_5.jpg,शामक,hindi
train/hindi/D_image_1302_0.jpg,सेंटर,hindi
train/hindi/D_image_1302_1.jpg,नोएडा,hindi
train/hindi/D_image_1302_11.jpg,निकास,hindi
train/hindi/D_image_1302_12.jpg,नाएडा,hindi
train/hindi/D_image_1302_13.jpg,सिटी,hindi
train/hindi/D_image_1302_14.jpg,गेटनं०,hindi
train/hindi/D_image_1302_17.jpg,प्लेटफॉर्म,hindi
train/hindi/D_image_1302_18.jpg,नोएडा,hindi
train/hindi/D_image_1302_19.jpg,सिटी,hindi
train/hindi/D_image_1302_20.jpg,सेंटर,hindi
train/hindi/D_image_1302_21.jpg,वैशाली,hindi
train/hindi/D_image_1302_22.jpg,‍की,hindi
train/hindi/D_image_1302_23.jpg,ओर,hindi
train/hindi/D_image_1302_25.jpg,सिटी,hindi
train/hindi/D_image_1302_6.jpg,रोड़,hindi
train/hindi/D_image_1302_7.jpg,बाराखम्बा,hindi
train/hindi/D_image_1302_8.jpg,"रोड़,",hindi
train/hindi/D_image_1302_9.jpg,मिंटो,hindi
train/hindi/D_image_1303_0.jpg,धर्मकोट,hindi
train/hindi/D_image_1303_1.jpg,पाठशाला,hindi
train/hindi/D_image_1303_2.jpg,प्राथमिक,hindi
train/hindi/D_image_1303_3.jpg,राजकीय,hindi
train/hindi/D_image_1304_0.jpg,सरकार,hindi
train/hindi/D_image_1304_1.jpg,भारत,hindi
train/hindi/D_image_1304_10.jpg,एकता,hindi
train/hindi/D_image_1304_11.jpg,राष्ट्रीय,hindi
train/hindi/D_image_1304_12.jpg,जयंती,hindi
train/hindi/D_image_1304_13.jpg,पटेल,hindi
train/hindi/D_image_1304_14.jpg,वल्लभभाई,hindi
train/hindi/D_image_1304_15.jpg,सरदार,hindi
train/hindi/D_image_1304_16.jpg,स्टेडियम,hindi
train/hindi/D_image_1304_17.jpg,राष्ट्रीय,hindi
train/hindi/D_image_1304_18.jpg,ध्यानचन्द,hindi
train/hindi/D_image_1304_19.jpg,मेजर,hindi
train/hindi/D_image_1304_2.jpg,मंत्रालय,hindi
train/hindi/D_image_1304_20.jpg,सरदार,hindi
train/hindi/D_image_1304_21.jpg,वल्लभभाई,hindi
train/hindi/D_image_1304_22.jpg,पटेल,hindi
train/hindi/D_image_1304_23.jpg,जयंती,hindi
train/hindi/D_image_1304_24.jpg,राष्ट्रीय,hindi
train/hindi/D_image_1304_25.jpg,एकता,hindi
train/hindi/D_image_1304_26.jpg,दिवस,hindi
train/hindi/D_image_1304_28.jpg,अक्तूबर,hindi
train/hindi/D_image_1304_3.jpg,गृह,hindi
train/hindi/D_image_1304_30.jpg,एकता,hindi
train/hindi/D_image_1304_31.jpg,दौड़,hindi
train/hindi/D_image_1304_32.jpg,गृह,hindi
train/hindi/D_image_1304_33.jpg,मंत्रालय,hindi
train/hindi/D_image_1304_34.jpg,भारत,hindi
train/hindi/D_image_1304_35.jpg,सरकार,hindi
train/hindi/D_image_1304_36.jpg,सरदार,hindi
train/hindi/D_image_1304_37.jpg,वल्लभभाई,hindi
train/hindi/D_image_1304_38.jpg,पटेल,hindi
train/hindi/D_image_1304_39.jpg,जयं,hindi
train/hindi/D_image_1304_4.jpg,दौड़,hindi
train/hindi/D_image_1304_40.jpg,राष्ट्रीय,hindi
train/hindi/D_image_1304_41.jpg,एकता,hindi
train/hindi/D_image_1304_43.jpg,अक्तूबर,hindi
train/hindi/D_image_1304_45.jpg,एकता,hindi
train/hindi/D_image_1304_46.jpg,दौड़,hindi
train/hindi/D_image_1304_47.jpg,गृह,hindi
train/hindi/D_image_1304_48.jpg,मंत्रालय,hindi
train/hindi/D_image_1304_49.jpg,भारत,hindi
train/hindi/D_image_1304_5.jpg,एकता,hindi
train/hindi/D_image_1304_50.jpg,सरकार,hindi
train/hindi/D_image_1304_7.jpg,अक्तूबर,hindi
train/hindi/D_image_1304_9.jpg,दिवस,hindi
train/hindi/D_image_1307_7.jpg,राजौरी,hindi
train/hindi/D_image_1307_8.jpg,गार्डन,hindi
train/hindi/D_image_1308_0.jpg,ठ,hindi
train/hindi/D_image_1308_1.jpg,का,hindi
train/hindi/D_image_1308_2.jpg,ने,hindi
train/hindi/D_image_1308_3.jpg,जी,hindi
train/hindi/D_image_1308_4.jpg,वा‌,hindi
train/hindi/D_image_1308_5.jpg,रे,hindi
train/hindi/D_image_1309_1.jpg,लोक,hindi
train/hindi/D_image_1309_2.jpg,प्रशासन,hindi
train/hindi/D_image_1311_0.jpg,साफ,hindi
train/hindi/D_image_1311_1.jpg,राजमार्ग,hindi
train/hindi/D_image_1311_10.jpg,माननीय,hindi
train/hindi/D_image_1311_11.jpg,श्री,hindi
train/hindi/D_image_1311_12.jpg,रामविलास,hindi
train/hindi/D_image_1311_13.jpg,पासवान,hindi
train/hindi/D_image_1311_2.jpg,सही,hindi
train/hindi/D_image_1311_3.jpg,सड़क,hindi
train/hindi/D_image_1311_4.jpg,केन्द्रीय,hindi
train/hindi/D_image_1311_5.jpg,माननीय,hindi
train/hindi/D_image_1311_6.jpg,श्री,hindi
train/hindi/D_image_1311_7.jpg,मनसुख,hindi
train/hindi/D_image_1311_8.jpg,एल,hindi
train/hindi/D_image_1311_9.jpg,परि,hindi
train/hindi/D_image_1312_0.jpg,दान,hindi
train/hindi/D_image_1312_2.jpg,कूड़ेदान,hindi
train/hindi/D_image_1315_0.jpg,रा.उ.पथ 114.A,hindi
train/hindi/D_image_1315_1.jpg,शिकारीपाडा,hindi
train/hindi/D_image_1315_2.jpg,7कि.मी.,hindi
train/hindi/D_image_1316_1.jpg,राँची,hindi
train/hindi/D_image_1316_2.jpg,विमानपत्तन,hindi
train/hindi/D_image_1316_3.jpg,मुण्डा,hindi
train/hindi/D_image_1316_4.jpg,बिरसा,hindi
train/hindi/D_image_1319_1.jpg,रसूलपुरा,hindi
train/hindi/D_image_132_10.jpg,दिल्ली,hindi
train/hindi/D_image_132_11.jpg,सरायरोहिल्ला,hindi
train/hindi/D_image_132_3.jpg,लिए।,hindi
train/hindi/D_image_132_4.jpg,के‍,hindi
train/hindi/D_image_132_5.jpg,बैठने,hindi
train/hindi/D_image_132_6.jpg,लिए,hindi
train/hindi/D_image_132_7.jpg,के‌,hindi
train/hindi/D_image_132_8.jpg,बैठने,hindi
train/hindi/D_image_132_9.jpg,बान्द्रा,hindi
train/hindi/D_image_1320_1.jpg,रसूलपुरा,hindi
train/hindi/D_image_1323_4.jpg,रेड,hindi
train/hindi/D_image_1323_5.jpg,क्रास,hindi
train/hindi/D_image_1323_6.jpg,रोड,hindi
train/hindi/D_image_1328_0.jpg,शुक्रवार,hindi
train/hindi/D_image_1328_1.jpg,सोमवार ,hindi
train/hindi/D_image_1328_15.jpg,बैंक,hindi
train/hindi/D_image_1328_17.jpg,भारतीय,hindi
train/hindi/D_image_1328_19.jpg,कृपया,hindi
train/hindi/D_image_1328_2.jpg,समय,hindi
train/hindi/D_image_1328_20.jpg,अपना,hindi
train/hindi/D_image_1328_21.jpg,पहचानपत्र,hindi
train/hindi/D_image_1328_22.jpg,दिखाएं,hindi
train/hindi/D_image_1328_25.jpg,भारतीय,hindi
train/hindi/D_image_1328_26.jpg,बैक,hindi
train/hindi/D_image_1328_27.jpg,नई,hindi
train/hindi/D_image_1328_28.jpg,दिल्ली,hindi
train/hindi/D_image_1328_3.jpg,बैंकिंग,hindi
train/hindi/D_image_1328_30.jpg,व्यवसाय,hindi
train/hindi/D_image_1328_31.jpg,गे,hindi
train/hindi/D_image_1328_4.jpg,रिजर्व,hindi
train/hindi/D_image_1328_8.jpg,२५।।।।४।।,hindi
train/hindi/D_image_133_0.jpg,रोहिल्ला,hindi
train/hindi/D_image_133_1.jpg,सराय,hindi
train/hindi/D_image_133_2.jpg,दिल्‍ली,hindi
train/hindi/D_image_133_3.jpg,बान्द्रा,hindi
train/hindi/D_image_1330_10.jpg,नं. 5,hindi
train/hindi/D_image_1330_11.jpg,जुबली,hindi
train/hindi/D_image_1330_12.jpg,हिल्स,hindi
train/hindi/D_image_1330_9.jpg,रोड,hindi
train/hindi/D_image_1331_1.jpg,कापसहेड़ा,hindi
train/hindi/D_image_1331_3.jpg,द्वारका,hindi
train/hindi/D_image_1332_4.jpg,साउथ,hindi
train/hindi/D_image_1332_5.jpg,सिटी,hindi
train/hindi/D_image_1332_7.jpg,सेक्टर,hindi
train/hindi/D_image_1335_3.jpg,दूतावास,hindi
train/hindi/D_image_1335_4.jpg,वियतनाम,hindi
train/hindi/D_image_1337_0.jpg,गेट नं.,hindi
train/hindi/D_image_1337_11.jpg,रेल,hindi
train/hindi/D_image_1337_12.jpg,कॉर्पोरेशन,hindi
train/hindi/D_image_1337_13.jpg,लिमिटेड,hindi
train/hindi/D_image_1337_14.jpg,सम्पत्ति,hindi
train/hindi/D_image_1337_5.jpg,प्रवेश,hindi
train/hindi/D_image_1337_6.jpg,स्टेशन,hindi
train/hindi/D_image_1337_7.jpg,रोहिणी,hindi
train/hindi/D_image_1337_8.jpg,पूर्व,hindi
train/hindi/D_image_1340_0.jpg,पसंद,hindi
train/hindi/D_image_1340_1.jpg,सबकी,hindi
train/hindi/D_image_1340_2.jpg,भाजी,hindi
train/hindi/D_image_1340_3.jpg,मनोहर,hindi
train/hindi/D_image_1343_0.jpg,शास्त्री,hindi
train/hindi/D_image_1343_1.jpg,मगर,hindi
train/hindi/D_image_1343_12.jpg,अशोक,hindi
train/hindi/D_image_1343_13.jpg,विहार,hindi
train/hindi/D_image_1343_4.jpg,आजाद,hindi
train/hindi/D_image_1343_5.jpg,मार्केट,hindi
train/hindi/D_image_1343_8.jpg,आनन्द,hindi
train/hindi/D_image_1343_9.jpg,पर्यत,hindi
train/hindi/D_image_1344_11.jpg,स्‍कूल,hindi
train/hindi/D_image_1344_12.jpg,प्रोधोगिकी,hindi
train/hindi/D_image_1344_13.jpg,एवं,hindi
train/hindi/D_image_1344_14.jpg,आयुर्विज्ञान,hindi
train/hindi/D_image_1345_7.jpg,डाक,hindi
train/hindi/D_image_1345_8.jpg,भारतीय,hindi
train/hindi/D_image_1349_3.jpg,साकेत,hindi
train/hindi/D_image_135_10.jpg,बैंक,hindi
train/hindi/D_image_135_11.jpg,ऑफ़,hindi
train/hindi/D_image_135_12.jpg,इंडिया,hindi
train/hindi/D_image_135_15.jpg,खैराचातर,hindi
train/hindi/D_image_135_16.jpg,शाखा,hindi
train/hindi/D_image_135_4.jpg,इंडिया,hindi
train/hindi/D_image_135_5.jpg,ऑफ,hindi
train/hindi/D_image_135_8.jpg,बैंक,hindi
train/hindi/D_image_1350_1.jpg,भव,hindi
train/hindi/D_image_1350_2.jpg,सैमटल,hindi
train/hindi/D_image_1350_3.jpg,अनुसंधान,hindi
train/hindi/D_image_1350_4.jpg,एवं,hindi
train/hindi/D_image_1350_5.jpg,विकास,hindi
train/hindi/D_image_1351_0.jpg,आपातकाल,hindi
train/hindi/D_image_1351_1.jpg,खिड़की,hindi
train/hindi/D_image_1352_0.jpg,गडकरी,hindi
train/hindi/D_image_1352_1.jpg,पी,hindi
train/hindi/D_image_1352_10.jpg,पी,hindi
train/hindi/D_image_1352_13.jpg,आई,hindi
train/hindi/D_image_1352_14.jpg,नितिन,hindi
train/hindi/D_image_1352_2.jpg,संजय,hindi
train/hindi/D_image_1352_4.jpg,मित्रा,hindi
train/hindi/D_image_1352_5.jpg,ई,hindi
train/hindi/D_image_1353_4.jpg,सुहाना,hindi
train/hindi/D_image_1353_5.jpg,"सुरक्षित,",hindi
train/hindi/D_image_1353_6.jpg,पोत,hindi
train/hindi/D_image_1353_7.jpg,परिवहन,hindi
train/hindi/D_image_1353_8.jpg,मंत्रालय,hindi
train/hindi/D_image_1353_9.jpg,सफर,hindi
train/hindi/D_image_1354_1.jpg,हाला,hindi
train/hindi/D_image_1354_5.jpg,मार्ग,hindi
train/hindi/D_image_1354_6.jpg,ससद,hindi
train/hindi/D_image_1354_7.jpg,MARG,hindi
train/hindi/D_image_1355_0.jpg,संसद,hindi
train/hindi/D_image_1355_1.jpg,मार्ग,hindi
train/hindi/D_image_1357_10.jpg,५६८२६१३०१९,hindi
train/hindi/D_image_1357_2.jpg,मंत्रालय,hindi
train/hindi/D_image_1357_3.jpg,रोजगार,hindi
train/hindi/D_image_1357_4.jpg,एवं,hindi
train/hindi/D_image_1357_5.jpg,श्रम,hindi
train/hindi/D_image_1358_4.jpg,मंत्रालय,hindi
train/hindi/D_image_1358_5.jpg,रोजगार,hindi
train/hindi/D_image_1358_7.jpg,श्रम,hindi
train/hindi/D_image_1358_8.jpg,एवं,hindi
train/hindi/D_image_136_11.jpg,इंडिया,hindi
train/hindi/D_image_136_12.jpg,आफ़,hindi
train/hindi/D_image_136_13.jpg,बैंक,hindi
train/hindi/D_image_1362_13.jpg,पुल,hindi
train/hindi/D_image_1362_14.jpg,शराईघाट,hindi
train/hindi/D_image_1363_0.jpg,झलक,hindi
train/hindi/D_image_1363_1.jpg,प्रगतिको,hindi
train/hindi/D_image_1363_10.jpg,भारत,hindi
train/hindi/D_image_1363_11.jpg,अभियान,hindi
train/hindi/D_image_1363_12.jpg,ress,hindi
train/hindi/D_image_1363_2.jpg,परिकल्पना,hindi
train/hindi/D_image_1363_3.jpg,निर्माणको,hindi
train/hindi/D_image_1363_4.jpg,भारत,hindi
train/hindi/D_image_1363_5.jpg,सूच,hindi
train/hindi/D_image_1363_6.jpg,निर्माण,hindi
train/hindi/D_image_1365_16.jpg,दॅा,hindi
train/hindi/D_image_1365_17.jpg,को,hindi
train/hindi/D_image_1365_18.jpg,कर्मचारी,hindi
train/hindi/D_image_1365_19.jpg,मेट्रो,hindi
train/hindi/D_image_1365_20.jpg,नजदीकी,hindi
train/hindi/D_image_1365_21.jpg,तुरन्त,hindi
train/hindi/D_image_1365_22.jpg,सूचना,hindi
train/hindi/D_image_1365_23.jpg,की,hindi
train/hindi/D_image_1365_24.jpg,वस्तु,hindi
train/hindi/D_image_1365_25.jpg,भी,hindi
train/hindi/D_image_1365_26.jpg,किसी,hindi
train/hindi/D_image_1365_27.jpg,ऐसी,hindi
train/hindi/D_image_1365_28.jpg,कृपया,hindi
train/hindi/D_image_1365_29.jpg,है॓,hindi
train/hindi/D_image_1365_30.jpg,सकता,hindi
train/hindi/D_image_1365_31.jpg,हाे,hindi
train/hindi/D_image_1365_32.jpg,पदार्थ,hindi
train/hindi/D_image_1365_33.jpg,विस्फोटक,hindi
train/hindi/D_image_1365_34.jpg,उसमे,hindi
train/hindi/D_image_1365_42.jpg,हैं।,hindi
train/hindi/D_image_1365_43.jpg,उत्‍तरदायी,hindi
train/hindi/D_image_1365_44.jpg,स्वयं,hindi
train/hindi/D_image_1365_45.jpg,लिए,hindi
train/hindi/D_image_1365_46.jpg,के,hindi
train/hindi/D_image_1365_47.jpg,सामान,hindi
train/hindi/D_image_1365_48.jpg,अपने,hindi
train/hindi/D_image_1365_49.jpg,या‌त्री,hindi
train/hindi/D_image_1365_52.jpg,विहार,hindi
train/hindi/D_image_1365_53.jpg,सरिता,hindi
train/hindi/D_image_1365_54.jpg,कृपया,hindi
train/hindi/D_image_1365_55.jpg,अपना,hindi
train/hindi/D_image_1365_56.jpg,सामान,hindi
train/hindi/D_image_1365_57.jpg,सदैव,hindi
train/hindi/D_image_1365_58.jpg,अपने,hindi
train/hindi/D_image_1365_59.jpg,पास,hindi
train/hindi/D_image_1365_60.jpg,रखें,hindi
train/hindi/D_image_1365_70.jpg,कृपया,hindi
train/hindi/D_image_1365_71.jpg,किसी,hindi
train/hindi/D_image_1365_72.jpg,भी,hindi
train/hindi/D_image_1365_73.jpg,लावारिस,hindi
train/hindi/D_image_1365_74.jpg,वस्तु,hindi
train/hindi/D_image_1365_75.jpg,कोॱ,hindi
train/hindi/D_image_1365_76.jpg,न,hindi
train/hindi/D_image_1365_77.jpg,छुएं,hindi
train/hindi/D_image_1366_0.jpg,सरमाटांड,hindi
train/hindi/D_image_137_1.jpg,एस,hindi
train/hindi/D_image_137_10.jpg,शाखा,hindi
train/hindi/D_image_137_2.jpg,जी‍,hindi
train/hindi/D_image_137_3.jpg,जी,hindi
train/hindi/D_image_137_4.jpg,इंडियन,hindi
train/hindi/D_image_137_5.jpg,बैंक,hindi
train/hindi/D_image_137_8.jpg,इंद्रप्रस्थ,hindi
train/hindi/D_image_137_9.jpg,विश्‍वविद्यालय,hindi
train/hindi/D_image_1371_10.jpg,बैंक,hindi
train/hindi/D_image_1371_16.jpg,भारतीय,hindi
train/hindi/D_image_1371_17.jpg,जीवन,hindi
train/hindi/D_image_1371_18.jpg,बहरागोड़ा,hindi
train/hindi/D_image_1371_19.jpg,सेटेलाईट,hindi
train/hindi/D_image_1371_20.jpg,कार्यालय,hindi
train/hindi/D_image_1371_4.jpg,निगम,hindi
train/hindi/D_image_1371_5.jpg,बीमा,hindi
train/hindi/D_image_1371_7.jpg,बहरागोड़ा,hindi
train/hindi/D_image_1371_8.jpg,भारतीय,hindi
train/hindi/D_image_1371_9.jpg,स्टेट,hindi
train/hindi/D_image_1372_0.jpg,भागीदारी,hindi
train/hindi/D_image_1372_1.jpg,लिए,hindi
train/hindi/D_image_1372_10.jpg,अमेरिका,hindi
train/hindi/D_image_1372_16.jpg,जयतें,hindi
train/hindi/D_image_1372_17.jpg,मात्यमेव,hindi
train/hindi/D_image_1372_2.jpg,के,hindi
train/hindi/D_image_1372_24.jpg,लिए,hindi
train/hindi/D_image_1372_28.jpg,कॆ,hindi
train/hindi/D_image_1372_29.jpg,भदारी,hindi
train/hindi/D_image_1372_3.jpg,समाधानों,hindi
train/hindi/D_image_1372_4.jpg,रचनात्मक,hindi
train/hindi/D_image_1372_5.jpg,भारतः,hindi
train/hindi/D_image_1372_6.jpg,अमेरिका-,hindi
train/hindi/D_image_1372_7.jpg,समाधानों,hindi
train/hindi/D_image_1372_8.jpg,रचनात्मक,hindi
train/hindi/D_image_1372_9.jpg,भारत,hindi
train/hindi/D_image_1373_2.jpg,दिल्ली,hindi
train/hindi/D_image_1373_3.jpg,विश्वविधालय,hindi
train/hindi/D_image_1374_1.jpg,नं०,hindi
train/hindi/D_image_1374_12.jpg,सेक्टर,hindi
train/hindi/D_image_1374_2.jpg,गेट,hindi
train/hindi/D_image_1374_5.jpg,सेक्टर,hindi
train/hindi/D_image_1374_7.jpg,गेट,hindi
train/hindi/D_image_1374_8.jpg,न०,hindi
train/hindi/D_image_1374_9.jpg,सेक्टर,hindi
train/hindi/D_image_1376_0.jpg,शादीपुर,hindi
train/hindi/D_image_1376_10.jpg,बजे,hindi
train/hindi/D_image_1376_11.jpg,तक‍,hindi
train/hindi/D_image_1376_12.jpg,बंद,hindi
train/hindi/D_image_1376_13.jpg,रहेगा,hindi
train/hindi/D_image_1376_2.jpg,गेट,hindi
train/hindi/D_image_1376_3.jpg,नं,hindi
train/hindi/D_image_1376_4.jpg,रात्रि,hindi
train/hindi/D_image_1376_5.jpg,११ः००,hindi
train/hindi/D_image_1376_6.jpg,बजे,hindi
train/hindi/D_image_1376_7.jpg,से‍,hindi
train/hindi/D_image_1376_8.jpg,सुबह,hindi
train/hindi/D_image_1376_9.jpg,६ः००,hindi
train/hindi/D_image_1377_0.jpg,शहीद,hindi
train/hindi/D_image_1377_1.jpg,स्थल,hindi
train/hindi/D_image_1377_2.jpg,न्यू,hindi
train/hindi/D_image_1377_3.jpg,बस,hindi
train/hindi/D_image_1377_4.jpg,अड्‌डा,hindi
train/hindi/D_image_1379_0.jpg,शकूरपुर,hindi
train/hindi/D_image_1380_10.jpg,न.,hindi
train/hindi/D_image_1380_4.jpg,बाग,hindi
train/hindi/D_image_1380_5.jpg,शालीमार,hindi
train/hindi/D_image_1380_9.jpg,गेट,hindi
train/hindi/D_image_1381_0.jpg,WEARE,hindi
train/hindi/D_image_1381_10.jpg,शिशु,hindi
train/hindi/D_image_1381_11.jpg,कल्यण,hindi
train/hindi/D_image_1381_12.jpg,वि सं,hindi
train/hindi/D_image_1381_2.jpg,संस्थान,hindi
train/hindi/D_image_1381_3.jpg,शालिनी,hindi
train/hindi/D_image_1381_4.jpg,अस्पताल,hindi
train/hindi/D_image_1381_6.jpg,शालिनी,hindi
train/hindi/D_image_1381_7.jpg,शालिनी,hindi
train/hindi/D_image_1381_8.jpg,अस्पताल,hindi
train/hindi/D_image_1381_9.jpg,मातृ,hindi
train/hindi/D_image_1384_2.jpg,वातानुकूल,hindi
train/hindi/D_image_1384_3.jpg,कुर्सी,hindi
train/hindi/D_image_1384_4.jpg,यान,hindi
train/hindi/D_image_1389_0.jpg,का‍र,hindi
train/hindi/D_image_1389_1.jpg,पार्किंग,hindi
train/hindi/D_image_139_1.jpg,श,hindi
train/hindi/D_image_139_11.jpg,म,hindi
train/hindi/D_image_139_2.jpg,सो,hindi
train/hindi/D_image_139_3.jpg,चर,hindi
train/hindi/D_image_139_4.jpg,ह,hindi
train/hindi/D_image_139_5.jpg,द्वारा,hindi
train/hindi/D_image_139_6.jpg,म,hindi
train/hindi/D_image_139_7.jpg,श्री,hindi
train/hindi/D_image_139_8.jpg,मी,hindi
train/hindi/D_image_139_9.jpg,ता,hindi
train/hindi/D_image_1390_1.jpg,विमानपत्तन,hindi
train/hindi/D_image_1390_2.jpg,शिलाँग,hindi
train/hindi/D_image_1390_7.jpg,५७०८५,hindi
train/hindi/D_image_1391_0.jpg,चेतावनी,hindi
train/hindi/D_image_1391_10.jpg,टिकट।,hindi
train/hindi/D_image_1391_2.jpg,सुविधाएँ,hindi
train/hindi/D_image_1391_3.jpg,प्रवेश,hindi
train/hindi/D_image_1391_8.jpg,शिव,hindi
train/hindi/D_image_1391_9.jpg,विहार,hindi
train/hindi/D_image_1392_1.jpg,ओएनजीसी,hindi
train/hindi/D_image_1392_10.jpg,स्टेशन,hindi
train/hindi/D_image_1392_11.jpg,स्टेडियम,hindi
train/hindi/D_image_1392_12.jpg,शिवाजी,hindi
train/hindi/D_image_1392_13.jpg,५।,hindi
train/hindi/D_image_1392_16.jpg,ओएनजीसी,hindi
train/hindi/D_image_1392_17.jpg,ONGC,hindi
train/hindi/D_image_1392_32.jpg,ओएनजीसी,hindi
train/hindi/D_image_1394_1.jpg,श्रमजीवी,hindi
train/hindi/D_image_1394_3.jpg,राजगीर,hindi
train/hindi/D_image_1394_4.jpg,एक्सप्रेस,hindi
train/hindi/D_image_1394_7.jpg,नई,hindi
train/hindi/D_image_1394_8.jpg,दिल्ली,hindi
train/hindi/D_image_1395_12.jpg,वातानुकूलित,hindi
train/hindi/D_image_1395_14.jpg,टियर,hindi
train/hindi/D_image_1395_15.jpg,शयनयान,hindi
train/hindi/D_image_1395_3.jpg,आपातकालीन खिड़की,hindi
train/hindi/D_image_1395_4.jpg,दिल्ली,hindi
train/hindi/D_image_1395_5.jpg,नई,hindi
train/hindi/D_image_1395_6.jpg,राजगीर,hindi
train/hindi/D_image_1396_1.jpg,रेल,hindi
train/hindi/D_image_1396_11.jpg,भारतीय,hindi
train/hindi/D_image_1396_5.jpg,दिल्ली,hindi
train/hindi/D_image_1396_6.jpg,नई,hindi
train/hindi/D_image_1396_7.jpg,राजगीर,hindi
train/hindi/D_image_1399_0.jpg,सके,hindi
train/hindi/D_image_1399_1.jpg,क‍र,hindi
train/hindi/D_image_1399_10.jpg,किराए,hindi
train/hindi/D_image_1399_11.jpg,तबाह,hindi
train/hindi/D_image_1399_12.jpg,एक‌,hindi
train/hindi/D_image_1399_2.jpg,आदमी,hindi
train/hindi/D_image_1399_3.jpg,सबके,hindi
train/hindi/D_image_1399_4.jpg,पाओगे।,hindi
train/hindi/D_image_1399_5.jpg,पूंजी,hindi
train/hindi/D_image_1399_6.jpg,प्रेमचंद,hindi
train/hindi/D_image_1399_7.jpg,के,hindi
train/hindi/D_image_1399_8.jpg,विचार,hindi
train/hindi/D_image_1399_9.jpg,यह,hindi
train/hindi/D_image_14_1.jpg,एक्सप्रेस,hindi
train/hindi/D_image_14_2.jpg,शताब्दी,hindi
train/hindi/D_image_140_0.jpg,पहिलोदर्शन,hindi
train/hindi/D_image_140_1.jpg,शिव मन्दिर,hindi
train/hindi/D_image_140_2.jpg,श्री,hindi
train/hindi/D_image_140_3.jpg,गुरू,hindi
train/hindi/D_image_140_4.jpg,वराह,hindi
train/hindi/D_image_140_5.jpg,श्री,hindi
train/hindi/D_image_140_6.jpg,गुरू,hindi
train/hindi/D_image_140_7.jpg,"वरोह,",hindi
train/hindi/D_image_1401_0.jpg,जॉं,hindi
train/hindi/D_image_1401_1.jpg,मन्दिर,hindi
train/hindi/D_image_1401_2.jpg,जैनलाल,hindi
train/hindi/D_image_1401_3.jpg,दिगम्बर,hindi
train/hindi/D_image_1401_4.jpg,श्री,hindi
train/hindi/D_image_1401_5.jpg,श्री,hindi
train/hindi/D_image_1401_6.jpg,दिगम्बर,hindi
train/hindi/D_image_1401_7.jpg,जैन,hindi
train/hindi/D_image_1401_8.jpg,अन्तर्गतः-,hindi
train/hindi/D_image_1401_9.jpg,प्राचीन,hindi
train/hindi/D_image_1404_7.jpg,श्यामबाजार,hindi
train/hindi/D_image_1407_0.jpg,वनज,hindi
train/hindi/D_image_1407_1.jpg,वनज,hindi
train/hindi/D_image_1407_3.jpg,बना,hindi
train/hindi/D_image_1408_10.jpg,को,hindi
train/hindi/D_image_1408_12.jpg,जून,hindi
train/hindi/D_image_1408_14.jpg,दि.,hindi
train/hindi/D_image_1408_15.jpg,में,hindi
train/hindi/D_image_1408_16.jpg,उपस्थिति,hindi
train/hindi/D_image_1408_17.jpg,के‌,hindi
train/hindi/D_image_1408_18.jpg,पुसील),hindi
train/hindi/D_image_1408_19.jpg,डी.,hindi
train/hindi/D_image_1408_20.jpg,एम्‌,hindi
train/hindi/D_image_1408_21.jpg,स‍ी,hindi
train/hindi/D_image_1408_22.jpg,गुप्ता,hindi
train/hindi/D_image_1408_23.jpg,रमेन्द्र,hindi
train/hindi/D_image_1408_24.jpg,श्री,hindi
train/hindi/D_image_1408_25.jpg,वीर,hindi
train/hindi/D_image_1408_26.jpg,शहीद,hindi
train/hindi/D_image_1408_27.jpg,सिदो,hindi
train/hindi/D_image_1408_28.jpg,कान्हु,hindi
train/hindi/D_image_1408_29.jpg,के‌,hindi
train/hindi/D_image_1408_30.jpg,आदमंकद,hindi
train/hindi/D_image_1408_31.jpg,मूर्त्ति,hindi
train/hindi/D_image_1408_32.jpg,‍का‍,hindi
train/hindi/D_image_1408_33.jpg,अनावरण,hindi
train/hindi/D_image_1408_34.jpg,माननीय,hindi
train/hindi/D_image_1408_35.jpg,विधायक,hindi
train/hindi/D_image_1408_36.jpg,श्री,hindi
train/hindi/D_image_1408_37.jpg,प्रदीप,hindi
train/hindi/D_image_1408_38.jpg,कुमार,hindi
train/hindi/D_image_1408_39.jpg,बलमुचु,hindi
train/hindi/D_image_1408_40.jpg,के,hindi
train/hindi/D_image_1408_41.jpg,क‍र,hindi
train/hindi/D_image_1408_42.jpg,कमलों,hindi
train/hindi/D_image_1408_43.jpg,द्वारा,hindi
train/hindi/D_image_1408_44.jpg,मुख्य,hindi
train/hindi/D_image_1408_45.jpg,अतिथि,hindi
train/hindi/D_image_1408_46.jpg,खु़शियों,hindi
train/hindi/D_image_1408_48.jpg,अशोक,hindi
train/hindi/D_image_1408_6.jpg,बुनियाद,hindi
train/hindi/D_image_1408_7.jpg,‍की,hindi
train/hindi/D_image_1408_8.jpg,गया,hindi
train/hindi/D_image_1408_9.jpg,किया,hindi
train/hindi/D_image_1411_10.jpg,सेवा,hindi
train/hindi/D_image_1411_11.jpg,राष्ट्रीय,hindi
train/hindi/D_image_1411_14.jpg,मृतभस्तुत,hindi
train/hindi/D_image_1411_15.jpg,विधयाङ्,hindi
train/hindi/D_image_1411_18.jpg,राष्ट्रीय,hindi
train/hindi/D_image_1411_19.jpg,सेवा,hindi
train/hindi/D_image_1411_20.jpg,योजना,hindi
train/hindi/D_image_1411_21.jpg,SCHEME,hindi
train/hindi/D_image_1411_30.jpg,इकाई,hindi
train/hindi/D_image_1411_31.jpg,आपका,hindi
train/hindi/D_image_1411_32.jpg,स्वागत,hindi
train/hindi/D_image_1411_33.jpg,करता,hindi
train/hindi/D_image_1411_34.jpg,है।,hindi
train/hindi/D_image_1411_4.jpg,कॉलेज,hindi
train/hindi/D_image_1411_5.jpg,एम.,hindi
train/hindi/D_image_1411_6.jpg,जी.,hindi
train/hindi/D_image_1411_7.jpg,एस०,hindi
train/hindi/D_image_1411_8.jpg,के०,hindi
train/hindi/D_image_1411_9.jpg,योजना,hindi
train/hindi/D_image_1418_3.jpg,मन्दिर,hindi
train/hindi/D_image_1418_4.jpg,बौद्घ,hindi
train/hindi/D_image_142_2.jpg,रोड,hindi
train/hindi/D_image_142_3.jpg,बाराखम्बा,hindi
train/hindi/D_image_1420_0.jpg,या‍त्री,hindi
train/hindi/D_image_1420_1.jpg,कार्ड,hindi
train/hindi/D_image_1421_0.jpg,मक्खनी,hindi
train/hindi/D_image_1421_1.jpg,दाल,hindi
train/hindi/D_image_1421_10.jpg,वाला,hindi
train/hindi/D_image_1421_11.jpg,भठूरे,hindi
train/hindi/D_image_1421_12.jpg,कुक्क,hindi
train/hindi/D_image_1421_13.jpg,कुक्कू,hindi
train/hindi/D_image_1421_14.jpg,भठूरे,hindi
train/hindi/D_image_1421_15.jpg,नान,hindi
train/hindi/D_image_1421_2.jpg,पनीर,hindi
train/hindi/D_image_1421_3.jpg,शाही,hindi
train/hindi/D_image_1421_4.jpg,के,hindi
train/hindi/D_image_1421_5.jpg,चूर,hindi
train/hindi/D_image_1421_6.jpg,चूर,hindi
train/hindi/D_image_1421_7.jpg,भठूरे,hindi
train/hindi/D_image_1421_8.jpg,छोले,hindi
train/hindi/D_image_1421_9.jpg,वाला,hindi
train/hindi/D_image_1422_10.jpg,रंजि.),hindi
train/hindi/D_image_1422_11.jpg,एसोसिऐशन,hindi
train/hindi/D_image_1422_12.jpg,रामनगर,hindi
train/hindi/D_image_1422_16.jpg,स्वागत,hindi
train/hindi/D_image_1422_17.jpg,रामनगर,hindi
train/hindi/D_image_1422_18.jpg,लीन,hindi
train/hindi/D_image_1422_19.jpg,दूध,hindi
train/hindi/D_image_1422_2.jpg,जनिक,hindi
train/hindi/D_image_1422_3.jpg,दूध,hindi
train/hindi/D_image_1422_6.jpg,सरक्षंक,hindi
train/hindi/D_image_1422_7.jpg,शर्मा,hindi
train/hindi/D_image_1422_8.jpg,भीमसैन,hindi
train/hindi/D_image_1422_9.jpg,सहयोगी,hindi
train/hindi/D_image_1423_10.jpg,3 गेट न.,hindi
train/hindi/D_image_1423_11.jpg,साउथ,hindi
train/hindi/D_image_1423_12.jpg,एक्सटेंशन,hindi
train/hindi/D_image_1423_19.jpg,७।१६,hindi
train/hindi/D_image_1427_10.jpg,संस्थान,hindi
train/hindi/D_image_1427_12.jpg,कैंसर,hindi
train/hindi/D_image_1427_13.jpg,अस्पताल,hindi
train/hindi/D_image_1427_3.jpg,तंत्रिका,hindi
train/hindi/D_image_1427_4.jpg,हृद,hindi
train/hindi/D_image_1427_5.jpg,टावर,hindi
train/hindi/D_image_1427_6.jpg,डॉ.,hindi
train/hindi/D_image_1427_8.jpg,आर.,hindi
train/hindi/D_image_1427_9.jpg,अम्बेडकर,hindi
train/hindi/D_image_1428_0.jpg,महुआडाँड़,hindi
train/hindi/D_image_1428_1.jpg,विद्यालय,hindi
train/hindi/D_image_1428_2.jpg,जोसेफ,hindi
train/hindi/D_image_1428_3.jpg,संत,hindi
train/hindi/D_image_143_2.jpg,बासुकीनाथ,hindi
train/hindi/D_image_1430_2.jpg,स्टेडियम,hindi
train/hindi/D_image_1432_7.jpg,भारत,hindi
train/hindi/D_image_1432_8.jpg,पाताळात,hindi
train/hindi/D_image_1433_0.jpg,रेड,hindi
train/hindi/D_image_1433_10.jpg,क्षेत्रीय,hindi
train/hindi/D_image_1433_11.jpg,सम्मेलन,hindi
train/hindi/D_image_1433_13.jpg,प्रथम,hindi
train/hindi/D_image_1433_14.jpg,एशियाई,hindi
train/hindi/D_image_1433_15.jpg,क्रास,hindi
train/hindi/D_image_1433_17.jpg,भा‍रत,hindi
train/hindi/D_image_1434_10.jpg,भारत,hindi
train/hindi/D_image_1434_2.jpg,सेंट,hindi
train/hindi/D_image_1434_3.jpg,स्टीफेंस,hindi
train/hindi/D_image_1434_4.jpg,अस्पताल,hindi
train/hindi/D_image_1434_5.jpg,दिल्ली,hindi
train/hindi/D_image_1436_4.jpg,भारत,hindi
train/hindi/D_image_1436_6.jpg,रुंड़की,hindi
train/hindi/D_image_1436_7.jpg,विश्वविद्यालय,hindi
train/hindi/D_image_1436_8.jpg,के,hindi
train/hindi/D_image_1436_9.jpg,150 वर्ष,hindi
train/hindi/D_image_1437_1.jpg,शेरा,hindi
train/hindi/D_image_1437_3.jpg,भारत,hindi
train/hindi/D_image_1437_8.jpg,कॉमनवेल्थ,hindi
train/hindi/D_image_1437_9.jpg,खेल,hindi
train/hindi/D_image_1439_0.jpg,दिल्ली,hindi
train/hindi/D_image_1439_1.jpg,पुरानी,hindi
train/hindi/D_image_1439_4.jpg,स्टेशन,hindi
train/hindi/D_image_1439_6.jpg,भारत,hindi
train/hindi/D_image_1440_1.jpg,खेल,hindi
train/hindi/D_image_1440_2.jpg,कॉमनवेल्थ,hindi
train/hindi/D_image_1440_3.jpg,भारत,hindi
train/hindi/D_image_1441_5.jpg,भारत,hindi
train/hindi/D_image_1441_6.jpg,कॉमनवेल्थ,hindi
train/hindi/D_image_1441_7.jpg,खेल,hindi
train/hindi/D_image_1442_2.jpg,खेल,hindi
train/hindi/D_image_1442_3.jpg,राष्ट्रमंडल,hindi
train/hindi/D_image_1442_5.jpg,भारत,hindi
train/hindi/D_image_1442_7.jpg,₹5,hindi
train/hindi/D_image_1443_1.jpg,भारत,hindi
train/hindi/D_image_1443_6.jpg,राष्ट्रमंडल,hindi
train/hindi/D_image_1443_7.jpg,खेल,hindi
train/hindi/D_image_1444_10.jpg,खेल,hindi
train/hindi/D_image_1444_2.jpg,भारत,hindi
train/hindi/D_image_1444_9.jpg,राष्ट्रमंडल,hindi
train/hindi/D_image_1445_2.jpg,खेल,hindi
train/hindi/D_image_1445_3.jpg,राष्ट्रमंडल,hindi
train/hindi/D_image_1445_6.jpg,भारत,hindi
train/hindi/D_image_1449_10.jpg,भारत,hindi
train/hindi/D_image_1449_2.jpg,संस्थान,hindi
train/hindi/D_image_1449_3.jpg,आयुर्विज्ञान,hindi
train/hindi/D_image_1449_4.jpg,भारतीय,hindi
train/hindi/D_image_1449_7.jpg,अखि‍ल,hindi
train/hindi/D_image_145_1.jpg,घाट,hindi
train/hindi/D_image_1452_1.jpg,भारत,hindi
train/hindi/D_image_1452_5.jpg,भारत,hindi
train/hindi/D_image_1453_2.jpg,अस्पताल,hindi
train/hindi/D_image_1453_3.jpg,सफदरजंग,hindi
train/hindi/D_image_1453_4.jpg,भारत,hindi
train/hindi/D_image_1456_10.jpg,पाँव,hindi
train/hindi/D_image_1456_11.jpg,अंदर,hindi
train/hindi/D_image_1456_15.jpg,टी,hindi
train/hindi/D_image_1456_16.jpg,ए,hindi
train/hindi/D_image_1456_17.jpg,बैंक,hindi
train/hindi/D_image_1456_18.jpg,स्‍टेट,hindi
train/hindi/D_image_1456_2.jpg,एटीएम,hindi
train/hindi/D_image_1456_25.jpg,दिल्ली,hindi
train/hindi/D_image_1456_26.jpg,चौक,hindi
train/hindi/D_image_1456_27.jpg,चाँदनी,hindi
train/hindi/D_image_1456_28.jpg,ई.,hindi
train/hindi/D_image_1456_29.jpg,एम.,hindi
train/hindi/D_image_1456_3.jpg,बैंक,hindi
train/hindi/D_image_1456_30.jpg,एस.,hindi
train/hindi/D_image_1456_35.jpg,बैंक,hindi
train/hindi/D_image_1456_36.jpg,स्‍टेट,hindi
train/hindi/D_image_1456_37.jpg,भारतीय,hindi
train/hindi/D_image_1456_38.jpg,110006,hindi
train/hindi/D_image_1456_4.jpg,रटेट,hindi
train/hindi/D_image_1456_40.jpg,भारतीय,hindi
train/hindi/D_image_1456_41.jpg,स्टेट,hindi
train/hindi/D_image_1456_42.jpg,बैंक,hindi
train/hindi/D_image_1456_47.jpg,एम,hindi
train/hindi/D_image_1456_48.jpg,एम.,hindi
train/hindi/D_image_1456_49.jpg,ई.,hindi
train/hindi/D_image_1456_50.jpg,चाँदनी,hindi
train/hindi/D_image_1456_51.jpg,चौक,hindi
train/hindi/D_image_1456_52.jpg,दिल्ली,hindi
train/hindi/D_image_1456_57.jpg,भारतीय,hindi
train/hindi/D_image_1456_58.jpg,स्टेट,hindi
train/hindi/D_image_1456_59.jpg,बैंक,hindi
train/hindi/D_image_1456_65.jpg,एम,hindi
train/hindi/D_image_1456_66.jpg,स्टेट,hindi
train/hindi/D_image_1456_67.jpg,बैंक,hindi
train/hindi/D_image_1456_68.jpg,ए.टी.एम,hindi
train/hindi/D_image_1456_69.jpg,दीर्घा,hindi
train/hindi/D_image_1456_70.jpg,उपलब्ध,hindi
train/hindi/D_image_1456_71.jpg,है।,hindi
train/hindi/D_image_1456_9.jpg,ए.टी.एम,hindi
train/hindi/D_image_1457_25.jpg,शाखा,hindi
train/hindi/D_image_1457_26.jpg,चौक,hindi
train/hindi/D_image_1457_27.jpg,चांदनी,hindi
train/hindi/D_image_1457_28.jpg,प्रतिष्ठान,hindi
train/hindi/D_image_1457_29.jpg,बैंक,hindi
train/hindi/D_image_1457_30.jpg,स्टेट,hindi
train/hindi/D_image_1457_38.jpg,भारतीय,hindi
train/hindi/D_image_1457_39.jpg,स्टेट,hindi
train/hindi/D_image_1457_40.jpg,बैंक,hindi
train/hindi/D_image_1457_41.jpg,लघु,hindi
train/hindi/D_image_1457_42.jpg,एवम्,hindi
train/hindi/D_image_1457_43.jpg,मध्यम,hindi
train/hindi/D_image_1457_44.jpg,प्रतिष्ठान,hindi
train/hindi/D_image_1457_45.jpg,चांदनी,hindi
train/hindi/D_image_1457_46.jpg,चौक,hindi
train/hindi/D_image_1457_47.jpg,शाखा,hindi
train/hindi/D_image_1457_50.jpg,भारतीय,hindi
train/hindi/D_image_1457_51.jpg,भारतीय,hindi
train/hindi/D_image_1457_52.jpg,स्टेट,hindi
train/hindi/D_image_1457_53.jpg,बैेक,hindi
train/hindi/D_image_1457_54.jpg,लघु,hindi
train/hindi/D_image_1457_60.jpg,एटीएम,hindi
train/hindi/D_image_1458_17.jpg,एटीएम,hindi
train/hindi/D_image_1458_22.jpg,स्टेट,hindi
train/hindi/D_image_1458_23.jpg,भतीय,hindi
train/hindi/D_image_1458_24.jpg,शाखा,hindi
train/hindi/D_image_1458_25.jpg,चौक,hindi
train/hindi/D_image_1458_26.jpg,भारतीय,hindi
train/hindi/D_image_1458_27.jpg,स्टेट,hindi
train/hindi/D_image_1458_28.jpg,बैंक,hindi
train/hindi/D_image_1458_29.jpg,लघु,hindi
train/hindi/D_image_1458_30.jpg,एवम्,hindi
train/hindi/D_image_1458_31.jpg,मध्यम,hindi
train/hindi/D_image_1458_32.jpg,प्रतिष्ठान,hindi
train/hindi/D_image_1458_33.jpg,चांदनी,hindi
train/hindi/D_image_1458_42.jpg,बैंक,hindi
train/hindi/D_image_1458_43.jpg,भारतीय,hindi
train/hindi/D_image_1458_44.jpg,स्टेट,hindi
train/hindi/D_image_1458_45.jpg,बैंक,hindi
train/hindi/D_image_1458_46.jpg,लघु,hindi
train/hindi/D_image_1458_47.jpg,प्रतिष्ठान,hindi
train/hindi/D_image_1458_48.jpg,चांदनी,hindi
train/hindi/D_image_1458_49.jpg,चौक,hindi
train/hindi/D_image_1458_50.jpg,शाखा,hindi
train/hindi/D_image_1459_10.jpg,५०।,hindi
train/hindi/D_image_1459_35.jpg,भारतीय,hindi
train/hindi/D_image_1459_36.jpg,स्‍टेट,hindi
train/hindi/D_image_1459_37.jpg,बैंक,hindi
train/hindi/D_image_1459_38.jpg,लघु,hindi
train/hindi/D_image_1459_39.jpg,एवम्,hindi
train/hindi/D_image_1459_4.jpg,शाखा,hindi
train/hindi/D_image_1459_40.jpg,मध्‍यम,hindi
train/hindi/D_image_1459_41.jpg,प्रतिष्ठान,hindi
train/hindi/D_image_1459_42.jpg,चांदनी,hindi
train/hindi/D_image_1459_43.jpg,चौक,hindi
train/hindi/D_image_1459_44.jpg,शाखा,hindi
train/hindi/D_image_1459_49.jpg,भारतीय,hindi
train/hindi/D_image_1459_5.jpg,चांदनी,hindi
train/hindi/D_image_1459_50.jpg,स्टेट,hindi
train/hindi/D_image_1459_51.jpg,बैंक,hindi
train/hindi/D_image_1459_58.jpg,५५६।,hindi
train/hindi/D_image_1459_6.jpg,प्रतिष्ठान,hindi
train/hindi/D_image_1459_63.jpg,भारतीय,hindi
train/hindi/D_image_1459_64.jpg,बैंक,hindi
train/hindi/D_image_1459_65.jpg,चौक,hindi
train/hindi/D_image_1459_7.jpg,स्टेट,hindi
train/hindi/D_image_146_2.jpg,उरे,hindi
train/hindi/D_image_146_21.jpg,समुद्र,hindi
train/hindi/D_image_146_22.jpg,दल,hindi
train/hindi/D_image_146_23.jpg,उँचाई,hindi
train/hindi/D_image_146_25.jpg,मी,hindi
train/hindi/D_image_146_26.jpg,गार्ड,hindi
train/hindi/D_image_146_6.jpg,आनन्द,hindi
train/hindi/D_image_146_7.jpg,विहार,hindi
train/hindi/D_image_146_8.jpg,टर्मिनल,hindi
train/hindi/D_image_1461_13.jpg,से मी,hindi
train/hindi/D_image_1461_15.jpg,से मी,hindi
train/hindi/D_image_1461_17.jpg,अवाप्‍ति,hindi
train/hindi/D_image_1461_18.jpg,सं. 58.10/3,hindi
train/hindi/D_image_1461_19.jpg,Acc.No.58.10/3,hindi
train/hindi/D_image_1461_5.jpg,12 वी,hindi
train/hindi/D_image_1461_7.jpg,मार्त्तड,hindi
train/hindi/D_image_1461_9.jpg,राजस्थान,hindi
train/hindi/D_image_1463_10.jpg,लेन-3,hindi
train/hindi/D_image_1463_12.jpg,दिल्‍ली,hindi
train/hindi/D_image_1463_2.jpg,नईं,hindi
train/hindi/D_image_1463_3.jpg,लेन-2,hindi
train/hindi/D_image_1463_4.jpg,दिल्ली,hindi
train/hindi/D_image_1463_5.jpg,नई,hindi
train/hindi/D_image_1463_6.jpg,प्रवेश,hindi
train/hindi/D_image_1463_7.jpg,रेलवे,hindi
train/hindi/D_image_1463_8.jpg,सुरक्षा,hindi
train/hindi/D_image_1463_9.jpg,बल,hindi
train/hindi/D_image_1464_4.jpg,ऐनेमल,hindi
train/hindi/D_image_1464_5.jpg,मार्ट,hindi
train/hindi/D_image_1464_6.jpg,मुल्तान,hindi
train/hindi/D_image_1464_8.jpg,ज्वैलर्स,hindi
train/hindi/D_image_1465_0.jpg,राम,hindi
train/hindi/D_image_1465_2.jpg,जय,hindi
train/hindi/D_image_1465_3.jpg,हा॓,hindi
train/hindi/D_image_1465_4.jpg,बाबा,hindi
train/hindi/D_image_1465_5.jpg,मोहन,hindi
train/hindi/D_image_1465_6.jpg,‍की,hindi
train/hindi/D_image_1468_1.jpg,तामिलनाडू,hindi
train/hindi/D_image_1468_11.jpg,रोड,hindi
train/hindi/D_image_1468_14.jpg,सियाराम,hindi
train/hindi/D_image_1468_15.jpg,लाइन्स,hindi
train/hindi/D_image_1468_16.jpg,ट्रौसपोर्ट,hindi
train/hindi/D_image_1468_17.jpg,कॉन्ट्रेक्टर,hindi
train/hindi/D_image_1468_18.jpg,कमीशन,hindi
train/hindi/D_image_1468_19.jpg,ऐजेन्ट,hindi
train/hindi/D_image_1468_2.jpg,आंध्रा,hindi
train/hindi/D_image_1468_21.jpg,डबरा,hindi
train/hindi/D_image_1468_22.jpg,उत्तराखण्ड,hindi
train/hindi/D_image_1468_23.jpg,बिहार,hindi
train/hindi/D_image_1468_24.jpg,सब,hindi
train/hindi/D_image_1468_25.jpg,राज्यों,hindi
train/hindi/D_image_1468_26.jpg,उपलब्ध,hindi
train/hindi/D_image_1468_27.jpg,है.,hindi
train/hindi/D_image_1468_28.jpg,झाँसी,hindi
train/hindi/D_image_1468_29.jpg,अटक,hindi
train/hindi/D_image_1468_3.jpg,महाराष्‍ट्र,hindi
train/hindi/D_image_1468_30.jpg,और,hindi
train/hindi/D_image_1468_31.jpg,रेल्वे,hindi
train/hindi/D_image_1468_32.jpg,रिजव,hindi
train/hindi/D_image_1468_4.jpg,हरियाणा,hindi
train/hindi/D_image_1468_5.jpg,दिल्ली,hindi
train/hindi/D_image_1468_6.jpg,पी.,hindi
train/hindi/D_image_1468_7.jpg,एम.,hindi
train/hindi/D_image_1468_8.jpg,9575234836,hindi
train/hindi/D_image_1468_9.jpg,रोड,hindi
train/hindi/D_image_1469_0.jpg,इलैक्ट्रीकल,hindi
train/hindi/D_image_1469_1.jpg,प्रोवीजन,hindi
train/hindi/D_image_1469_2.jpg,पंकज,hindi
train/hindi/D_image_1471_10.jpg,साइंस,hindi
train/hindi/D_image_1471_11.jpg,एक्सप्रेस,hindi
train/hindi/D_image_1471_2.jpg,एक्सप्रेस,hindi
train/hindi/D_image_1471_3.jpg,साइंस,hindi
train/hindi/D_image_1471_5.jpg,Biodiversity,hindi
train/hindi/D_image_1472_10.jpg,रिबन,hindi
train/hindi/D_image_1472_11.jpg,एक्सप्रेस,hindi
train/hindi/D_image_1472_12.jpg,एड्स,hindi
train/hindi/D_image_1472_13.jpg,के,hindi
train/hindi/D_image_1472_14.jpg,"विरुद्ध,",hindi
train/hindi/D_image_1472_15.jpg,भारत,hindi
train/hindi/D_image_1472_16.jpg,एकज़ुट,hindi
train/hindi/D_image_1472_9.jpg,रेड,hindi
train/hindi/D_image_1473_2.jpg,सुभाष,hindi
train/hindi/D_image_1473_3.jpg,नगर,hindi
train/hindi/D_image_1476_0.jpg,सदन,hindi
train/hindi/D_image_1476_1.jpg,सुदेश्‍वर,hindi
train/hindi/D_image_1476_2.jpg,मनिका,hindi
train/hindi/D_image_1476_3.jpg,सिंजो,hindi
train/hindi/D_image_1477_2.jpg,विहार,hindi
train/hindi/D_image_1477_3.jpg,सुखदेव,hindi
train/hindi/D_image_1477_4.jpg,गेट,hindi
train/hindi/D_image_1477_5.jpg,न.,hindi
train/hindi/D_image_1478_14.jpg,नज़दीकी,hindi
train/hindi/D_image_1478_15.jpg,तुरन्त,hindi
train/hindi/D_image_1478_16.jpg,सूचना,hindi
train/hindi/D_image_1478_17.jpg,‍की,hindi
train/hindi/D_image_1478_18.jpg,वस्तु,hindi
train/hindi/D_image_1478_19.jpg,भी,hindi
train/hindi/D_image_1478_20.jpg,किसी,hindi
train/hindi/D_image_1478_21.jpg,ऐसी,hindi
train/hindi/D_image_1478_22.jpg,कृपया,hindi
train/hindi/D_image_1478_23.jpg,है.,hindi
train/hindi/D_image_1478_24.jpg,सकता,hindi
train/hindi/D_image_1478_25.jpg,हो,hindi
train/hindi/D_image_1478_26.jpg,पदार्थ,hindi
train/hindi/D_image_1478_27.jpg,विस्फोटक,hindi
train/hindi/D_image_1478_28.jpg,उसमें,hindi
train/hindi/D_image_1478_29.jpg,कृपया,hindi
train/hindi/D_image_1478_36.jpg,कृपया,hindi
train/hindi/D_image_1478_37.jpg,ध्यान,hindi
train/hindi/D_image_1478_38.jpg,दें,hindi
train/hindi/D_image_1478_39.jpg,कृपया,hindi
train/hindi/D_image_1478_40.jpg,अपना,hindi
train/hindi/D_image_1478_41.jpg,सामान,hindi
train/hindi/D_image_1478_42.jpg,सदैव,hindi
train/hindi/D_image_1478_43.jpg,अपने,hindi
train/hindi/D_image_1478_44.jpg,पास,hindi
train/hindi/D_image_1478_45.jpg,रखें.,hindi
train/hindi/D_image_1478_46.jpg,यात्री,hindi
train/hindi/D_image_1478_47.jpg,अपने,hindi
train/hindi/D_image_1478_48.jpg,सामान,hindi
train/hindi/D_image_1478_49.jpg,के‌,hindi
train/hindi/D_image_1478_50.jpg,लिए,hindi
train/hindi/D_image_1478_51.jpg,स्वयं,hindi
train/hindi/D_image_1478_52.jpg,उत्तरदायी,hindi
train/hindi/D_image_1478_53.jpg,हैं.,hindi
train/hindi/D_image_1478_66.jpg,किसी,hindi
train/hindi/D_image_1478_67.jpg,भी,hindi
train/hindi/D_image_1478_68.jpg,लावारिस,hindi
train/hindi/D_image_1478_69.jpg,वस्तु,hindi
train/hindi/D_image_1478_70.jpg,काे,hindi
train/hindi/D_image_1478_71.jpg,न,hindi
train/hindi/D_image_1478_72.jpg,छुएं.,hindi
train/hindi/D_image_1478_73.jpg,मेट्रो,hindi
train/hindi/D_image_1478_74.jpg,कर्मचारी,hindi
train/hindi/D_image_1478_75.jpg,काे,hindi
train/hindi/D_image_1478_76.jpg,दें,hindi
train/hindi/D_image_1478_84.jpg,सुलतानपुर,hindi
train/hindi/D_image_1479_0.jpg,कूट,hindi
train/hindi/D_image_1479_10.jpg,१६,hindi
train/hindi/D_image_1479_11.jpg,श्री,hindi
train/hindi/D_image_1479_12.jpg,સુમતિનાथ,hindi
train/hindi/D_image_1479_13.jpg,टोंक,hindi
train/hindi/D_image_1479_15.jpg,अविक्ज,hindi
train/hindi/D_image_1479_3.jpg,की,hindi
train/hindi/D_image_1479_4.jpg,प्रभु,hindi
train/hindi/D_image_1479_5.jpg,नाथ,hindi
train/hindi/D_image_1479_6.jpg,सुमति,hindi
train/hindi/D_image_1479_7.jpg,श्री,hindi
train/hindi/D_image_1479_8.jpg,कट,hindi
train/hindi/D_image_1479_9.jpg,अविचल,hindi
train/hindi/D_image_148_4.jpg,थूकना,hindi
train/hindi/D_image_148_5.jpg,मना,hindi
train/hindi/D_image_148_6.jpg,हेै,hindi
train/hindi/D_image_1480_3.jpg,मस्जिद,hindi
train/hindi/D_image_1480_6.jpg,शाही,hindi
train/hindi/D_image_1480_7.jpg,सुनेहरी,hindi
train/hindi/D_image_1486_6.jpg,भारतीय,hindi
train/hindi/D_image_1486_7.jpg,रेल,hindi
train/hindi/D_image_149_10.jpg,बालेश्वर,hindi
train/hindi/D_image_149_2.jpg,उत्तर,hindi
train/hindi/D_image_149_3.jpg,रेलवे,hindi
train/hindi/D_image_149_4.jpg,डब्ल्यु,hindi
train/hindi/D_image_149_5.jpg,ए,hindi
train/hindi/D_image_149_6.jpg,पी-7,hindi
train/hindi/D_image_149_7.jpg,गाजियाबाद,hindi
train/hindi/D_image_15_1.jpg,गाजियाबाद,hindi
train/hindi/D_image_15_2.jpg,एपी,hindi
train/hindi/D_image_15_3.jpg,डब्ल्यु,hindi
train/hindi/D_image_15_4.jpg,उत्‍तर,hindi
train/hindi/D_image_15_5.jpg,रेल,hindi
train/hindi/D_image_1506_10.jpg,सरकार,hindi
train/hindi/D_image_1506_11.jpg,भारत,hindi
train/hindi/D_image_1506_12.jpg,मंत्री,hindi
train/hindi/D_image_1506_13.jpg,ल,hindi
train/hindi/D_image_1506_15.jpg,टाइगर,hindi
train/hindi/D_image_1506_17.jpg,श्री,hindi
train/hindi/D_image_1506_18.jpg,पश्‍चिम,hindi
train/hindi/D_image_1506_19.jpg,रेलवे,hindi
train/hindi/D_image_1506_20.jpg,प्रभाकर,hindi
train/hindi/D_image_1506_21.jpg,प्रभु,hindi
train/hindi/D_image_1506_22.jpg,ट्रेन,hindi
train/hindi/D_image_1506_23.jpg,का,hindi
train/hindi/D_image_1506_24.jpg,शुभारम्भ,hindi
train/hindi/D_image_1506_25.jpg,एक्सप्रेस,hindi
train/hindi/D_image_1506_5.jpg,से,hindi
train/hindi/D_image_1506_6.jpg,स्टेशन,hindi
train/hindi/D_image_1506_7.jpg,संग,hindi
train/hindi/D_image_1506_8.jpg,जरिये,hindi
train/hindi/D_image_1506_9.jpg,के‌,hindi
train/hindi/D_image_151_4.jpg,दिल्ली,hindi
train/hindi/D_image_151_5.jpg,नई,hindi
train/hindi/D_image_151_8.jpg,भुवनेश्वर,hindi
train/hindi/D_image_152_1.jpg,रूपये,hindi
train/hindi/D_image_152_10.jpg,मन्दिर,hindi
train/hindi/D_image_152_11.jpg,फ्लावर,hindi
train/hindi/D_image_152_12.jpg,शॉप,hindi
train/hindi/D_image_152_13.jpg,मंदिर,hindi
train/hindi/D_image_152_14.jpg,प्रबन्ध,hindi
train/hindi/D_image_152_15.jpg,समिति,hindi
train/hindi/D_image_152_16.jpg,द्वारा‍,hindi
train/hindi/D_image_152_17.jpg,स्वीकॄत,hindi
train/hindi/D_image_152_18.jpg,फूल,hindi
train/hindi/D_image_152_19.jpg,मालाओं,hindi
train/hindi/D_image_152_2.jpg,नारियल,hindi
train/hindi/D_image_152_20.jpg,का,hindi
train/hindi/D_image_152_21.jpg,विक्रय,hindi
train/hindi/D_image_152_22.jpg,मूल्य,hindi
train/hindi/D_image_152_23.jpg,बडा,hindi
train/hindi/D_image_152_24.jpg,हार,hindi
train/hindi/D_image_152_25.jpg,गुलाब,hindi
train/hindi/D_image_152_26.jpg,सफेद,hindi
train/hindi/D_image_152_27.jpg,रूपये,hindi
train/hindi/D_image_152_28.jpg,बड़ा,hindi
train/hindi/D_image_152_29.jpg,हार,hindi
train/hindi/D_image_152_30.jpg,गेन्दा,hindi
train/hindi/D_image_152_31.jpg,लाल,hindi
train/hindi/D_image_152_32.jpg,सफेद,hindi
train/hindi/D_image_152_33.jpg,रूपये,hindi
train/hindi/D_image_152_35.jpg,गेन्दा,hindi
train/hindi/D_image_152_36.jpg,हार,hindi
train/hindi/D_image_152_37.jpg,बड़ा,hindi
train/hindi/D_image_152_38.jpg,रूपये,hindi
train/hindi/D_image_152_4.jpg,रूपये,hindi
train/hindi/D_image_152_40.jpg,गेन्दा,hindi
train/hindi/D_image_152_5.jpg,छोटा,hindi
train/hindi/D_image_152_6.jpg,हा‍र,hindi
train/hindi/D_image_152_7.jpg,शॉप,hindi
train/hindi/D_image_152_8.jpg,फ्लावर,hindi
train/hindi/D_image_152_9.jpg,मन्दिर,hindi
train/hindi/D_image_1520_10.jpg,सिस्का,hindi
train/hindi/D_image_1520_11.jpg,एम,hindi
train/hindi/D_image_1520_12.jpg,जी,hindi
train/hindi/D_image_1520_4.jpg,रोड,hindi
train/hindi/D_image_1522_12.jpg,रहेगा।,hindi
train/hindi/D_image_1522_16.jpg,गेट न.,hindi
train/hindi/D_image_1522_17.jpg,टैगोर,hindi
train/hindi/D_image_1522_18.jpg,गार्डन,hindi
train/hindi/D_image_1522_22.jpg,गेटनं०,hindi
train/hindi/D_image_1522_26.jpg,रात्री,hindi
train/hindi/D_image_1522_28.jpg,बजे,hindi
train/hindi/D_image_1522_29.jpg,से,hindi
train/hindi/D_image_1522_30.jpg,सुबह,hindi
train/hindi/D_image_1522_32.jpg,बजे,hindi
train/hindi/D_image_1522_33.jpg,तक‍,hindi
train/hindi/D_image_1522_34.jpg,बंद,hindi
train/hindi/D_image_1522_8.jpg,६५,hindi
train/hindi/D_image_1523_1.jpg,तक्षशिला,hindi
train/hindi/D_image_1524_1.jpg,तक्षशिला,hindi
train/hindi/D_image_1526_12.jpg,जं.,hindi
train/hindi/D_image_1526_13.jpg,जं.,hindi
train/hindi/D_image_1526_2.jpg,टाटानगर,hindi
train/hindi/D_image_1526_4.jpg,टाटानगर,hindi
train/hindi/D_image_1526_7.jpg,जं.,hindi
train/hindi/D_image_1526_8.jpg,टाटानगर,hindi
train/hindi/D_image_1526_9.jpg,टानगर,hindi
train/hindi/D_image_1528_0.jpg,प्रवेश,hindi
train/hindi/D_image_1528_1.jpg,टाटानगर,hindi
train/hindi/D_image_1528_3.jpg,टाटानगर,hindi
train/hindi/D_image_1531_5.jpg,मानचित्र,hindi
train/hindi/D_image_1531_6.jpg,रेलवे,hindi
train/hindi/D_image_1531_7.jpg,का‍,hindi
train/hindi/D_image_1531_8.jpg,भारत,hindi
train/hindi/D_image_1534_3.jpg,यान,hindi
train/hindi/D_image_1534_4.jpg,वातानुकूलित,hindi
train/hindi/D_image_1534_5.jpg,कुर्सी,hindi
train/hindi/D_image_1536_0.jpg,यान,hindi
train/hindi/D_image_1536_1.jpg,कुर्सी,hindi
train/hindi/D_image_1536_2.jpg,वातानुकू,hindi
train/hindi/D_image_1537_0.jpg,लालागुहा,hindi
train/hindi/D_image_1537_1.jpg,डब्ल्यु ए पी,hindi
train/hindi/D_image_1538_0.jpg,मन्दिर,hindi
train/hindi/D_image_1538_3.jpg,यहाँ,hindi
train/hindi/D_image_1538_4.jpg,जूते,hindi
train/hindi/D_image_1538_5.jpg,कृप्या,hindi
train/hindi/D_image_1538_6.jpg,दप्त,hindi
train/hindi/D_image_1538_7.jpg,पात्र,hindi
train/hindi/D_image_1540_2.jpg,निकास,hindi
train/hindi/D_image_1540_5.jpg,निकास,hindi
train/hindi/D_image_1540_8.jpg,द्वार,hindi
train/hindi/D_image_1541_11.jpg,निकास,hindi
train/hindi/D_image_1541_2.jpg,द्वार,hindi
train/hindi/D_image_1541_4.jpg,द्वार,hindi
train/hindi/D_image_1541_7.jpg,द्वार,hindi
train/hindi/D_image_1548_1.jpg,परिवहन,hindi
train/hindi/D_image_1548_2.jpg,पोत,hindi
train/hindi/D_image_1553_2.jpg,अक्टूबर,hindi
train/hindi/D_image_1553_4.jpg,उ।,hindi
train/hindi/D_image_1553_5.jpg,से‍,hindi
train/hindi/D_image_1553_6.jpg,सतर्कता,hindi
train/hindi/D_image_1553_7.jpg,जागरू,hindi
train/hindi/D_image_1553_8.jpg,सप्‍ताह,hindi
train/hindi/D_image_1555_1.jpg,मंत्रालय।,hindi
train/hindi/D_image_1555_2.jpg,रेल,hindi
train/hindi/D_image_1555_3.jpg,बोर्ड,hindi
train/hindi/D_image_1555_4.jpg,समारोह,hindi
train/hindi/D_image_1555_5.jpg,रेल,hindi
train/hindi/D_image_1555_6.jpg,‍वां,hindi
train/hindi/D_image_1555_7.jpg,भारतीय,hindi
train/hindi/D_image_1555_8.jpg,रेल,hindi
train/hindi/D_image_1556_10.jpg,समीक्षा,hindi
train/hindi/D_image_1556_11.jpg,कार्य,hindi
train/hindi/D_image_1556_12.jpg,भारतीय,hindi
train/hindi/D_image_1556_13.jpg,रेल,hindi
train/hindi/D_image_1556_14.jpg,माननीय,hindi
train/hindi/D_image_1556_15.jpg,रेल,hindi
train/hindi/D_image_1556_16.jpg,मंत्री,hindi
train/hindi/D_image_1556_17.jpg,एवं,hindi
train/hindi/D_image_1556_18.jpg,माननीय,hindi
train/hindi/D_image_1556_19.jpg,रेल,hindi
train/hindi/D_image_1556_20.jpg,राज्य,hindi
train/hindi/D_image_1556_21.jpg,मंत्री,hindi
train/hindi/D_image_1556_22.jpg,द्वारा,hindi
train/hindi/D_image_1556_23.jpg,निष्‍पादन,hindi
train/hindi/D_image_1556_24.jpg,नई,hindi
train/hindi/D_image_1559_1.jpg,रेल,hindi
train/hindi/D_image_1559_2.jpg,भारतीय,hindi
train/hindi/D_image_156_10.jpg,भाई,hindi
train/hindi/D_image_156_11.jpg,श्री,hindi
train/hindi/D_image_156_12.jpg,श्री,hindi
train/hindi/D_image_156_13.jpg,नमः,hindi
train/hindi/D_image_156_14.jpg,गणेशाय,hindi
train/hindi/D_image_156_15.jpg,महावीराय,hindi
train/hindi/D_image_156_9.jpg,पासो,hindi
train/hindi/D_image_1560_10.jpg,भारतीय,hindi
train/hindi/D_image_1560_3.jpg,मंत्रालय,hindi
train/hindi/D_image_1560_4.jpg,रेलं,hindi
train/hindi/D_image_1560_5.jpg,सरकार,hindi
train/hindi/D_image_1560_6.jpg,भारत,hindi
train/hindi/D_image_1560_9.jpg,रेल,hindi
train/hindi/D_image_1561_3.jpg,महिला,hindi
train/hindi/D_image_1561_4.jpg,दिवस,hindi
train/hindi/D_image_1561_5.jpg,समारोह,hindi
train/hindi/D_image_1561_6.jpg,नवम्बर,hindi
train/hindi/D_image_1562_0.jpg,रेलवे,hindi
train/hindi/D_image_1562_1.jpg,सचिव,hindi
train/hindi/D_image_1562_10.jpg,उत्कृष्टता,hindi
train/hindi/D_image_1562_14.jpg,मंत्रालय,hindi
train/hindi/D_image_1562_15.jpg,रेल,hindi
train/hindi/D_image_1562_16.jpg,सप्ताह,hindi
train/hindi/D_image_1562_17.jpg,रेलवे,hindi
train/hindi/D_image_1562_18.jpg,बोर्ड,hindi
train/hindi/D_image_1562_19.jpg,भारत,hindi
train/hindi/D_image_1562_20.jpg,सरकार,hindi
train/hindi/D_image_1562_24.jpg,रेलवे,hindi
train/hindi/D_image_1562_25.jpg,बोर्ड,hindi
train/hindi/D_image_1562_28.jpg,रेल,hindi
train/hindi/D_image_1562_29.jpg,सप्‍ताह,hindi
train/hindi/D_image_1562_8.jpg,पत्र,hindi
train/hindi/D_image_1562_9.jpg,प्रमाण,hindi
train/hindi/D_image_1564_1.jpg,नवम्बर,hindi
train/hindi/D_image_1564_2.jpg,समारोह,hindi
train/hindi/D_image_1564_3.jpg,दिवस,hindi
train/hindi/D_image_1564_4.jpg,महिला,hindi
train/hindi/D_image_1565_0.jpg,लवे,hindi
train/hindi/D_image_1565_1.jpg,सप्,hindi
train/hindi/D_image_1565_2.jpg,रेल,hindi
train/hindi/D_image_1567_1.jpg,रेल,hindi
train/hindi/D_image_1567_2.jpg,सप्ताह,hindi
train/hindi/D_image_1567_3.jpg,0 वा,hindi
train/hindi/D_image_1568_1.jpg,यातायात,hindi
train/hindi/D_image_1568_2.jpg,अध्यक्ष,hindi
train/hindi/D_image_1568_3.jpg,रेलवे,hindi
train/hindi/D_image_1568_4.jpg,बोर्ड,hindi
train/hindi/D_image_1568_5.jpg,वित्त,hindi
train/hindi/D_image_1568_6.jpg,आयुक्त,hindi
train/hindi/D_image_1569_4.jpg,मानचित्र,hindi
train/hindi/D_image_1569_5.jpg,रेलवे,hindi
train/hindi/D_image_1569_6.jpg,‍का,hindi
train/hindi/D_image_1569_7.jpg,भारत,hindi
train/hindi/D_image_157_10.jpg,गोटे,hindi
train/hindi/D_image_157_11.jpg,नाथ,hindi
train/hindi/D_image_157_12.jpg,त्रिलोकी,hindi
train/hindi/D_image_157_18.jpg,शादी,hindi
train/hindi/D_image_157_19.jpg,राम,hindi
train/hindi/D_image_157_20.jpg,वाले,hindi
train/hindi/D_image_157_22.jpg,दिल्‍ली,hindi
train/hindi/D_image_157_24.jpg,सुनील,hindi
train/hindi/D_image_157_25.jpg,कुमार,hindi
train/hindi/D_image_157_5.jpg,बाजार,hindi
train/hindi/D_image_157_6.jpg,किनारी,hindi
train/hindi/D_image_157_8.jpg,कुमारः-,hindi
train/hindi/D_image_157_9.jpg,सुथीर,hindi
train/hindi/D_image_1570_0.jpg,रेलवे,hindi
train/hindi/D_image_1570_1.jpg,"अध्यक्ष,",hindi
train/hindi/D_image_1570_5.jpg,सदस्य,hindi
train/hindi/D_image_1570_6.jpg,इंजीनियरी,hindi
train/hindi/D_image_1570_7.jpg,वित्त,hindi
train/hindi/D_image_1570_8.jpg,आयुक्त,hindi
train/hindi/D_image_1571_0.jpg,बोर्ड,hindi
train/hindi/D_image_1571_1.jpg,रेलवे,hindi
train/hindi/D_image_1571_2.jpg,अध्यक्ष,hindi
train/hindi/D_image_1571_4.jpg,सदस्य,hindi
train/hindi/D_image_1571_5.jpg,यातायात,hindi
train/hindi/D_image_1572_0.jpg,आयुक्त,hindi
train/hindi/D_image_1572_1.jpg,सप्ताह,hindi
train/hindi/D_image_1572_2.jpg,वॉं,hindi
train/hindi/D_image_1572_3.jpg,सदस्य,hindi
train/hindi/D_image_1572_4.jpg,समारो,hindi
train/hindi/D_image_1572_5.jpg,अध्यक्ष,hindi
train/hindi/D_image_1573_10.jpg,रेल,hindi
train/hindi/D_image_1573_2.jpg,वॉँ,hindi
train/hindi/D_image_1573_3.jpg,रेल,hindi
train/hindi/D_image_1573_4.jpg,सप्ताह,hindi
train/hindi/D_image_1573_5.jpg,समारोह,hindi
train/hindi/D_image_1573_6.jpg,रेलवे,hindi
train/hindi/D_image_1573_7.jpg,बोर्ड,hindi
train/hindi/D_image_1573_9.jpg,भारतीय,hindi
train/hindi/D_image_1574_2.jpg,बोर्ड,hindi
train/hindi/D_image_1574_4.jpg,में,hindi
train/hindi/D_image_1574_5.jpg,रेल,hindi
train/hindi/D_image_1574_6.jpg,सप्ताह,hindi
train/hindi/D_image_1574_7.jpg,समारो,hindi
train/hindi/D_image_1574_8.jpg,रेलवे,hindi
train/hindi/D_image_1575_10.jpg,बोर्ड,hindi
train/hindi/D_image_1575_11.jpg,रेलवे,hindi
train/hindi/D_image_1575_15.jpg,मंत्रालय,hindi
train/hindi/D_image_1575_16.jpg,रेल,hindi
train/hindi/D_image_1575_20.jpg,सरकार,hindi
train/hindi/D_image_1575_21.jpg,भारत,hindi
train/hindi/D_image_1575_23.jpg,उत्कृष्टता,hindi
train/hindi/D_image_1575_24.jpg,प्रमाण,hindi
train/hindi/D_image_1575_25.jpg,पत्र,hindi
train/hindi/D_image_1575_5.jpg,पुरस्कार,hindi
train/hindi/D_image_1575_6.jpg,बोर्ड,hindi
train/hindi/D_image_1575_7.jpg,रेलवे,hindi
train/hindi/D_image_1575_8.jpg,"अध्यक्ष,",hindi
train/hindi/D_image_1576_1.jpg,यांत्रिक,hindi
train/hindi/D_image_1576_10.jpg,सदस्य,hindi
train/hindi/D_image_1576_11.jpg,इंजीनियरी,hindi
train/hindi/D_image_1576_12.jpg,आयुक्त,hindi
train/hindi/D_image_1576_13.jpg,रतीय,hindi
train/hindi/D_image_1576_14.jpg,रेल,hindi
train/hindi/D_image_1576_2.jpg,सदस्य,hindi
train/hindi/D_image_1576_4.jpg,बोर्ड,hindi
train/hindi/D_image_1576_5.jpg,रेलवे,hindi
train/hindi/D_image_1576_6.jpg,"अध्यक्ष,",hindi
train/hindi/D_image_1576_7.jpg,सदस्य,hindi
train/hindi/D_image_1576_8.jpg,बिजली,hindi
train/hindi/D_image_1576_9.jpg,वित्त,hindi
train/hindi/D_image_1578_0.jpg,विश्वनाथन,hindi
train/hindi/D_image_1578_1.jpg,विजयलक्ष्मी,hindi
train/hindi/D_image_1579_3.jpg,अग्रवाल,hindi
train/hindi/D_image_1579_4.jpg,फ,hindi
train/hindi/D_image_158_0.jpg,दिपावली,hindi
train/hindi/D_image_158_1.jpg,ब्रह्मपाद,hindi
train/hindi/D_image_1581_0.jpg,रेल,hindi
train/hindi/D_image_1583_4.jpg,सल्लागार,hindi
train/hindi/D_image_1583_5.jpg,परिषद,hindi
train/hindi/D_image_1583_6.jpg,पालघर,hindi
train/hindi/D_image_1583_7.jpg,ठाणे,hindi
train/hindi/D_image_1583_8.jpg,महाराष्‍ट्र,hindi
train/hindi/D_image_1584_0.jpg,र्माण,hindi
train/hindi/D_image_1584_11.jpg,निर्मा,hindi
train/hindi/D_image_1584_12.jpg,भारत,hindi
train/hindi/D_image_1584_2.jpg,भारत,hindi
train/hindi/D_image_1584_5.jpg,जनसू,hindi
train/hindi/D_image_1584_6.jpg,अभियान,hindi
train/hindi/D_image_1585_0.jpg,आयोग,hindi
train/hindi/D_image_1585_1.jpg,सूचना,hindi
train/hindi/D_image_1585_2.jpg,केन्द्रीय,hindi
train/hindi/D_image_1587_1.jpg,मंत्रालय,hindi
train/hindi/D_image_1587_2.jpg,रेवहन,hindi
train/hindi/D_image_1588_1.jpg,सरकार,hindi
train/hindi/D_image_1589_13.jpg,डाक,hindi
train/hindi/D_image_1589_14.jpg,तीय,hindi
train/hindi/D_image_1589_4.jpg,डाक,hindi
train/hindi/D_image_1589_5.jpg,भारतीय,hindi
train/hindi/D_image_159_12.jpg,भव,hindi
train/hindi/D_image_159_13.jpg,देवो,hindi
train/hindi/D_image_159_14.jpg,राष्ट्र,hindi
train/hindi/D_image_159_15.jpg,कुरु,hindi
train/hindi/D_image_159_16.jpg,न,hindi
train/hindi/D_image_159_17.jpg,प्रमांद,hindi
train/hindi/D_image_159_18.jpg,भव,hindi
train/hindi/D_image_159_19.jpg,देवो,hindi
train/hindi/D_image_159_20.jpg,पितृ,hindi
train/hindi/D_image_159_21.jpg,चर,hindi
train/hindi/D_image_159_22.jpg,धर्मं,hindi
train/hindi/D_image_159_23.jpg,सत्यं,hindi
train/hindi/D_image_159_24.jpg,वद,hindi
train/hindi/D_image_159_25.jpg,मात,hindi
train/hindi/D_image_159_26.jpg,देवो,hindi
train/hindi/D_image_159_27.jpg,भव,hindi
train/hindi/D_image_159_28.jpg,आचार्य,hindi
train/hindi/D_image_159_29.jpg,देवो,hindi
train/hindi/D_image_159_39.jpg,under,hindi
train/hindi/D_image_1591_0.jpg,वीरम्,hindi
train/hindi/D_image_1591_1.jpg,वरते,hindi
train/hindi/D_image_1591_2.jpg,श्रीः,hindi
train/hindi/D_image_1593_0.jpg,निगम,hindi
train/hindi/D_image_1593_1.jpg,लिमि,hindi
train/hindi/D_image_1593_2.jpg,भारतीय,hindi
train/hindi/D_image_1593_3.jpg,टेनर,hindi
train/hindi/D_image_1593_4.jpg,एस.,hindi
train/hindi/D_image_1593_5.jpg,झीला,hindi
train/hindi/D_image_1594_1.jpg,मुख्यालय,hindi
train/hindi/D_image_1594_10.jpg,माननीय,hindi
train/hindi/D_image_1594_11.jpg,०३३५९८६,hindi
train/hindi/D_image_1594_12.jpg,श्री,hindi
train/hindi/D_image_1594_13.jpg,परिसर,hindi
train/hindi/D_image_1594_14.jpg,‍का‍,hindi
train/hindi/D_image_1594_15.jpg,ए॰के॰,hindi
train/hindi/D_image_1594_2.jpg,के‍,hindi
train/hindi/D_image_1594_3.jpg,विभाग,hindi
train/hindi/D_image_1594_4.jpg,लेखा,hindi
train/hindi/D_image_1594_5.jpg,रक्षा,hindi
train/hindi/D_image_1594_6.jpg,द्वारा,hindi
train/hindi/D_image_1594_7.jpg,अन्टनी,hindi
train/hindi/D_image_1594_8.jpg,मंत्री,hindi
train/hindi/D_image_1594_9.jpg,रक्षा,hindi
train/hindi/D_image_1597_0.jpg,मेनंदन,hindi
train/hindi/D_image_1597_1.jpg,सेवा,hindi
train/hindi/D_image_1597_19.jpg,PARTHER,hindi
train/hindi/D_image_1597_24.jpg,उच्च,hindi
train/hindi/D_image_1597_25.jpg,अध्ययन,hindi
train/hindi/D_image_1597_26.jpg,संस्‍थान,hindi
train/hindi/D_image_1597_3.jpg,संद्य,hindi
train/hindi/D_image_1597_4.jpg,ओलम्पिक,hindi
train/hindi/D_image_1597_5.jpg,प्रदेश,hindi
train/hindi/D_image_1597_6.jpg,हिमाचल,hindi
train/hindi/D_image_16_3.jpg,शीतल,hindi
train/hindi/D_image_16_4.jpg,डब्ल्यु ए पी-7,hindi
train/hindi/D_image_16_5.jpg,उत्‍तर,hindi
train/hindi/D_image_16_6.jpg,रेल,hindi
train/hindi/D_image_16_7.jpg,गाजियाबाद,hindi
train/hindi/D_image_1600_1.jpg,भारतीय,hindi
train/hindi/D_image_1600_10.jpg,निदेशक,hindi
train/hindi/D_image_1600_11.jpg,कार्यकारी,hindi
train/hindi/D_image_1600_14.jpg,शर्मा,hindi
train/hindi/D_image_1600_15.jpg,वल्‍लभ,hindi
train/hindi/D_image_1600_16.jpg,हरि,hindi
train/hindi/D_image_1600_17.jpg,बैंक,hindi
train/hindi/D_image_1600_18.jpg,नेे,hindi
train/hindi/D_image_1600_19.jpg,मिलाया,hindi
train/hindi/D_image_1600_20.jpg,हाथ,hindi
train/hindi/D_image_1600_21.jpg,सइट,hindi
train/hindi/D_image_1600_22.jpg,शहाबुद्दीन,hindi
train/hindi/D_image_1600_25.jpg,रेल,hindi
train/hindi/D_image_1600_29.jpg,आयोग,hindi
train/hindi/D_image_1600_3.jpg,प्रसाद,hindi
train/hindi/D_image_1600_31.jpg,रेल,hindi
train/hindi/D_image_1600_4.jpg,योजना,hindi
train/hindi/D_image_1600_5.jpg,उपाध्यक्ष,hindi
train/hindi/D_image_1600_7.jpg,आहलूवालिया,hindi
train/hindi/D_image_1600_8.jpg,सिंह,hindi
train/hindi/D_image_1600_9.jpg,मोटेस,hindi
train/hindi/D_image_1604_10.jpg,प्रौधो,hindi
train/hindi/D_image_1604_11.jpg,भारतीय,hindi
train/hindi/D_image_1604_15.jpg,सप्तम,hindi
train/hindi/D_image_1604_16.jpg,दीक्षांत,hindi
train/hindi/D_image_1604_17.jpg,समारोह,hindi
train/hindi/D_image_1604_22.jpg,प्लैंड,hindi
train/hindi/D_image_1604_9.jpg,संस्थान,hindi
train/hindi/D_image_1607_10.jpg,एवं,hindi
train/hindi/D_image_1607_11.jpg,पित्त,hindi
train/hindi/D_image_1607_12.jpg,विज्ञान‌,hindi
train/hindi/D_image_1607_13.jpg,संस्थान,hindi
train/hindi/D_image_1607_8.jpg,आपातकालीन,hindi
train/hindi/D_image_1607_9.jpg,यकृत,hindi
train/hindi/D_image_1608_0.jpg,दि.,hindi
train/hindi/D_image_1608_1.jpg,सूच,hindi
train/hindi/D_image_1608_10.jpg,माहिती,hindi
train/hindi/D_image_1608_11.jpg,आणि,hindi
train/hindi/D_image_1608_12.jpg,१३ते,hindi
train/hindi/D_image_1608_13.jpg,ओम,hindi
train/hindi/D_image_1608_14.jpg,मंगल,hindi
train/hindi/D_image_1608_15.jpg,आयोजक,hindi
train/hindi/D_image_1608_2.jpg,माहिती,hindi
train/hindi/D_image_1608_3.jpg,क,hindi
train/hindi/D_image_1608_4.jpg,भारत,hindi
train/hindi/D_image_1608_5.jpg,पत्र,hindi
train/hindi/D_image_1608_6.jpg,लता,hindi
train/hindi/D_image_1608_7.jpg,२०,hindi
train/hindi/D_image_1608_8.jpg,डिसेंबर,hindi
train/hindi/D_image_1608_9.jpg,१५,hindi
train/hindi/D_image_1609_4.jpg,०३४,hindi
train/hindi/D_image_1609_7.jpg,योग,hindi
train/hindi/D_image_161_10.jpg,गच्छामि,hindi
train/hindi/D_image_161_11.jpg,सरणं,hindi
train/hindi/D_image_161_12.jpg,गच्छामि।,hindi
train/hindi/D_image_161_2.jpg,पात्र,hindi
train/hindi/D_image_161_3.jpg,दा़न,hindi
train/hindi/D_image_161_4.jpg,सरणं,hindi
train/hindi/D_image_161_5.jpg,संघं,hindi
train/hindi/D_image_161_6.jpg,धम्मं,hindi
train/hindi/D_image_161_7.jpg,गच्छामि,hindi
train/hindi/D_image_161_8.jpg,सरणं,hindi
train/hindi/D_image_161_9.jpg,बुद्धं,hindi
train/hindi/D_image_1611_10.jpg,निर्माण,hindi
train/hindi/D_image_1611_11.jpg,भारत,hindi
train/hindi/D_image_1611_2.jpg,अभियान,hindi
train/hindi/D_image_1611_3.jpg,जनसूचना,hindi
train/hindi/D_image_1611_4.jpg,भारत,hindi
train/hindi/D_image_1611_5.jpg,निर्माण,hindi
train/hindi/D_image_1611_6.jpg,हक,hindi
train/hindi/D_image_1611_7.jpg,पायाँ,hindi
train/hindi/D_image_1611_8.jpg,वास्तबिकता,hindi
train/hindi/D_image_1611_9.jpg,बद्लियो,hindi
train/hindi/D_image_1616_4.jpg,रेलटेल,hindi
train/hindi/D_image_1616_6.jpg,रेलटेल,hindi
train/hindi/D_image_1617_10.jpg,प्रणाली,hindi
train/hindi/D_image_1617_11.jpg,सूचना,hindi
train/hindi/D_image_1617_12.jpg,रेलवे,hindi
train/hindi/D_image_1617_9.jpg,केन्द्र,hindi
train/hindi/D_image_1620_0.jpg,भव,hindi
train/hindi/D_image_1620_12.jpg,का‍,hindi
train/hindi/D_image_1620_13.jpg,टीएमएसई,hindi
train/hindi/D_image_1620_14.jpg,थापना,hindi
train/hindi/D_image_1620_15.jpg,दिवस,hindi
train/hindi/D_image_1620_16.jpg,जुलाई,hindi
train/hindi/D_image_1624_0.jpg,राष्ट्रीय,hindi
train/hindi/D_image_1624_12.jpg,विकास,hindi
train/hindi/D_image_1624_17.jpg,निग्,hindi
train/hindi/D_image_1624_18.jpg,कारी,hindi
train/hindi/D_image_1624_29.jpg,द्वि,hindi
train/hindi/D_image_1625_11.jpg,सेवा,hindi
train/hindi/D_image_1625_12.jpg,श्री,hindi
train/hindi/D_image_1625_13.jpg,मनोज,hindi
train/hindi/D_image_1625_14.jpg,सिन्हा,hindi
train/hindi/D_image_1625_18.jpg,पे,hindi
train/hindi/D_image_1625_19.jpg,वांलेट,hindi
train/hindi/D_image_1625_20.jpg,का,hindi
train/hindi/D_image_1625_8.jpg,शुभारंभ,hindi
train/hindi/D_image_1625_9.jpg,स्‍पीड,hindi
train/hindi/D_image_1627_0.jpg,सुधाकर,hindi
train/hindi/D_image_1627_1.jpg,बी.वी.,hindi
train/hindi/D_image_1627_10.jpg,बैंक,hindi
train/hindi/D_image_1627_11.jpg,पेमेन्ट्स,hindi
train/hindi/D_image_1627_12.jpg,इंडिया,hindi
train/hindi/D_image_1627_13.jpg,पोस्ट,hindi
train/hindi/D_image_1627_14.jpg,आपका,hindi
train/hindi/D_image_1627_16.jpg,मीडिया,hindi
train/hindi/D_image_1627_20.jpg,पी,hindi
train/hindi/D_image_1627_21.jpg,आईं,hindi
train/hindi/D_image_1627_22.jpg,ए॰पी॰,hindi
train/hindi/D_image_1627_23.jpg,सिंह,hindi
train/hindi/D_image_1627_5.jpg,केन्द्र,hindi
train/hindi/D_image_1627_6.jpg,राष्ट्रीय,hindi
train/hindi/D_image_1627_7.jpg,द्वार,hindi
train/hindi/D_image_1627_8.jpg,आप्रके,hindi
train/hindi/D_image_1627_9.jpg,बैंक,hindi
train/hindi/D_image_1628_0.jpg,सभा,hindi
train/hindi/D_image_1628_1.jpg,लोक,hindi
train/hindi/D_image_1628_10.jpg,मंत्री,hindi
train/hindi/D_image_1628_11.jpg,संचार,hindi
train/hindi/D_image_1628_12.jpg,माननीय,hindi
train/hindi/D_image_1628_13.jpg,सिन्ह,hindi
train/hindi/D_image_1628_14.jpg,मनोज,hindi
train/hindi/D_image_1628_15.jpg,श्री,hindi
train/hindi/D_image_1628_16.jpg,राज्‍य,hindi
train/hindi/D_image_1628_17.jpg,रेल,hindi
train/hindi/D_image_1628_18.jpg,"मंत्री,",hindi
train/hindi/D_image_1628_19.jpg,द्वारा,hindi
train/hindi/D_image_1628_2.jpg,मि‍श्र,hindi
train/hindi/D_image_1628_20.jpg,अगस्त,hindi
train/hindi/D_image_1628_21.jpg,पुरी,hindi
train/hindi/D_image_1628_22.jpg,परिक्षेत्र,hindi
train/hindi/D_image_1628_23.jpg,उन्नयन,hindi
train/hindi/D_image_1628_24.jpg,श्री,hindi
train/hindi/D_image_1628_25.jpg,पिनाकी,hindi
train/hindi/D_image_1628_26.jpg,माननीय,hindi
train/hindi/D_image_1628_27.jpg,सांसद,hindi
train/hindi/D_image_1628_3.jpg,गरिमामयी,hindi
train/hindi/D_image_1628_4.jpg,के‌,hindi
train/hindi/D_image_1628_5.jpg,रेलवे,hindi
train/hindi/D_image_1628_8.jpg,भारत,hindi
train/hindi/D_image_1628_9.jpg,राज्य,hindi
train/hindi/D_image_1633_10.jpg,प्राधिकरण,hindi
train/hindi/D_image_1633_2.jpg,भा,hindi
train/hindi/D_image_1633_3.jpg,रा‍,hindi
train/hindi/D_image_1633_4.jpg,रा,hindi
train/hindi/D_image_1633_5.jpg,प्रा,hindi
train/hindi/D_image_1633_7.jpg,भारतीय,hindi
train/hindi/D_image_1633_8.jpg,राष्ट्रीय‌,hindi
train/hindi/D_image_1633_9.jpg,राजमार्ग,hindi
train/hindi/D_image_1634_1.jpg,बैंक,hindi
train/hindi/D_image_1634_3.jpg,इलाहाबाद,hindi
train/hindi/D_image_1634_4.jpg,बैंक,hindi
train/hindi/D_image_1634_5.jpg,विश्वास,hindi
train/hindi/D_image_1634_6.jpg,‍की,hindi
train/hindi/D_image_1634_7.jpg,परंपरा,hindi
train/hindi/D_image_1636_1.jpg,राष्ट्रीय,hindi
train/hindi/D_image_1636_2.jpg,आवास,hindi
train/hindi/D_image_1636_3.jpg,बैंक,hindi
train/hindi/D_image_1639_0.jpg,ओर,hindi
train/hindi/D_image_1639_1.jpg,की,hindi
train/hindi/D_image_1639_2.jpg,अभियान,hindi
train/hindi/D_image_1639_3.jpg,भारत,hindi
train/hindi/D_image_1640_0.jpg,सी,hindi
train/hindi/D_image_1640_1.jpg,ई,hindi
train/hindi/D_image_1640_10.jpg,डा.,hindi
train/hindi/D_image_1640_11.jpg,भार,hindi
train/hindi/D_image_1640_12.jpg,OR.,hindi
train/hindi/D_image_1640_2.jpg,आई,hindi
train/hindi/D_image_1640_3.jpg,स्वच्छता,hindi
train/hindi/D_image_1640_4.jpg,स्वच्छ,hindi
train/hindi/D_image_1640_5.jpg,ट्राइट,hindi
train/hindi/D_image_1640_6.jpg,अस्पताल,hindi
train/hindi/D_image_1640_7.jpg,लोहिया,hindi
train/hindi/D_image_1640_8.jpg,मनोहर,hindi
train/hindi/D_image_1640_9.jpg,राम,hindi
train/hindi/D_image_1643_1.jpg,जन,hindi
train/hindi/D_image_1643_10.jpg,मोदी,hindi
train/hindi/D_image_1643_11.jpg,द्वारा,hindi
train/hindi/D_image_1643_12.jpg,वाणिज्य,hindi
train/hindi/D_image_1643_13.jpg,भवन,hindi
train/hindi/D_image_1643_3.jpg,शुक्रवार,hindi
train/hindi/D_image_1643_4.jpg,शिलान्यास,hindi
train/hindi/D_image_1643_5.jpg,‍का‍,hindi
train/hindi/D_image_1643_6.jpg,सत्यमेव,hindi
train/hindi/D_image_1643_7.jpg,जयते,hindi
train/hindi/D_image_1643_8.jpg,प्रधानमंत्री,hindi
train/hindi/D_image_1643_9.jpg,नरेन्द्र,hindi
train/hindi/D_image_1645_0.jpg,खिलाना,hindi
train/hindi/D_image_1645_1.jpg,का‍,hindi
train/hindi/D_image_1645_2.jpg,है‍,hindi
train/hindi/D_image_1645_3.jpg,लाना,hindi
train/hindi/D_image_1645_4.jpg,युग,hindi
train/hindi/D_image_1645_5.jpg,‍का‍,hindi
train/hindi/D_image_1645_6.jpg,स्वच्छता,hindi
train/hindi/D_image_1645_7.jpg,है।,hindi
train/hindi/D_image_1645_8.jpg,हर‍,hindi
train/hindi/D_image_1658_0.jpg,से‍,hindi
train/hindi/D_image_1658_1.jpg,सौजन्य,hindi
train/hindi/D_image_1658_10.jpg,परिवहन,hindi
train/hindi/D_image_1658_11.jpg,सड़क,hindi
train/hindi/D_image_1658_12.jpg,सम्मेलन,hindi
train/hindi/D_image_1658_13.jpg,के‍,hindi
train/hindi/D_image_1658_15.jpg,र्जन,hindi
train/hindi/D_image_1658_16.jpg,अधीन,hindi
train/hindi/D_image_1658_17.jpg,पर‍,hindi
train/hindi/D_image_1658_18.jpg,और‍,hindi
train/hindi/D_image_1658_19.jpg,भारत,hindi
train/hindi/D_image_1658_2.jpg,क‍े,hindi
train/hindi/D_image_1658_20.jpg,सरकार,hindi
train/hindi/D_image_1658_3.jpg,प्राधिकरण,hindi
train/hindi/D_image_1658_4.jpg,राजमार्ग,hindi
train/hindi/D_image_1658_5.jpg,राष्ट्रीय,hindi
train/hindi/D_image_1658_6.jpg,भारतीय,hindi
train/hindi/D_image_1658_7.jpg,तथा,hindi
train/hindi/D_image_1658_8.jpg,मंत्रालय,hindi
train/hindi/D_image_1658_9.jpg,राजमार्ग,hindi
train/hindi/D_image_166_0.jpg,रेवडी,hindi
train/hindi/D_image_166_1.jpg,लड्डू,hindi
train/hindi/D_image_166_10.jpg,एवं,hindi
train/hindi/D_image_166_11.jpg,बाल,hindi
train/hindi/D_image_166_15.jpg,बंसल,hindi
train/hindi/D_image_166_16.jpg,आर.पी.,hindi
train/hindi/D_image_166_17.jpg,डॉ.,hindi
train/hindi/D_image_166_18.jpg,गजक,hindi
train/hindi/D_image_166_19.jpg,मुरैना,hindi
train/hindi/D_image_166_2.jpg,के‌,hindi
train/hindi/D_image_166_20.jpg,‍की,hindi
train/hindi/D_image_166_21.jpg,स्पेशल,hindi
train/hindi/D_image_166_26.jpg,गजक,hindi
train/hindi/D_image_166_27.jpg,मो.,hindi
train/hindi/D_image_166_29.jpg,भण्डार,hindi
train/hindi/D_image_166_3.jpg,मावा,hindi
train/hindi/D_image_166_30.jpg,यहाँ,hindi
train/hindi/D_image_166_31.jpg,शु़द्ध,hindi
train/hindi/D_image_166_32.jpg,तिल,hindi
train/hindi/D_image_166_33.jpg,व,hindi
train/hindi/D_image_166_34.jpg,गुड,hindi
train/hindi/D_image_166_35.jpg,मिलती,hindi
train/hindi/D_image_166_36.jpg,हैं,hindi
train/hindi/D_image_166_37.jpg,मूंगफली,hindi
train/hindi/D_image_166_4.jpg,बर्फी,hindi
train/hindi/D_image_166_5.jpg,अजुबा,hindi
train/hindi/D_image_166_6.jpg,पट्टी,hindi
train/hindi/D_image_166_7.jpg,विशेषज्ञ,hindi
train/hindi/D_image_166_8.jpg,रोग,hindi
train/hindi/D_image_166_9.jpg,शिशु,hindi
train/hindi/D_image_1665_0.jpg,हुआ,hindi
train/hindi/D_image_1665_1.jpg,सम्पन्न,hindi
train/hindi/D_image_1665_11.jpg,सञ्य,hindi
train/hindi/D_image_1665_12.jpg,विकास,hindi
train/hindi/D_image_1665_13.jpg,शहरी,hindi
train/hindi/D_image_1665_14.jpg,माकन,hindi
train/hindi/D_image_1665_15.jpg,अजय,hindi
train/hindi/D_image_1665_16.jpg,श्री,hindi
train/hindi/D_image_1665_17.jpg,लोकार्पण,hindi
train/hindi/D_image_1665_18.jpg,‍का‍,hindi
train/hindi/D_image_1665_19.jpg,रेलवे,hindi
train/hindi/D_image_1665_2.jpg,को,hindi
train/hindi/D_image_1665_20.jpg,निजामुद्दीन,hindi
train/hindi/D_image_1665_21.jpg,प्राधिकरण,hindi
train/hindi/D_image_1665_22.jpg,विकास,hindi
train/hindi/D_image_1665_23.jpg,दिल्ली,hindi
train/hindi/D_image_1665_24.jpg,"बाबर,",hindi
train/hindi/D_image_1665_25.jpg,स्टेशन,hindi
train/hindi/D_image_1665_26.jpg,लिंक,hindi
train/hindi/D_image_1665_27.jpg,मार्ग,hindi
train/hindi/D_image_1665_28.jpg,द्वारा,hindi
train/hindi/D_image_1665_29.jpg,सूरी,hindi
train/hindi/D_image_1665_30.jpg,महापैार,hindi
train/hindi/D_image_1665_31.jpg,एवं,hindi
train/hindi/D_image_1665_32.jpg,ताजदार,hindi
train/hindi/D_image_1665_33.jpg,विधायिका,hindi
train/hindi/D_image_1665_34.jpg,‍कीे,hindi
train/hindi/D_image_1665_35.jpg,उपस्थिति,hindi
train/hindi/D_image_1665_36.jpg,में,hindi
train/hindi/D_image_1665_4.jpg,"जून,",hindi
train/hindi/D_image_1665_6.jpg,दनाँक,hindi
train/hindi/D_image_1665_7.jpg,कमलों,hindi
train/hindi/D_image_1665_8.jpg,क‍र,hindi
train/hindi/D_image_1665_9.jpg,के‍‍,hindi
train/hindi/D_image_1667_0.jpg,माहि,hindi
train/hindi/D_image_1667_1.jpg,निर्माण,hindi
train/hindi/D_image_1667_2.jpg,रत,hindi
train/hindi/D_image_1671_0.jpg,इंडियन,hindi
train/hindi/D_image_1671_1.jpg,बैंक,hindi
train/hindi/D_image_1671_4.jpg,राष्ट्रपति,hindi
train/hindi/D_image_1671_5.jpg,भवन,hindi
train/hindi/D_image_1671_6.jpg,शाखा,hindi
train/hindi/D_image_1674_0.jpg,KHARAGPUR,hindi
train/hindi/D_image_1674_10.jpg,खड़गपुर,hindi
train/hindi/D_image_1674_11.jpg,CONVCATON,hindi
train/hindi/D_image_1674_3.jpg,संस्थान,hindi
train/hindi/D_image_1674_4.jpg,भारतीय,hindi
train/hindi/D_image_1674_6.jpg,वार्षिक,hindi
train/hindi/D_image_1674_7.jpg,दीक्षांत,hindi
train/hindi/D_image_1674_8.jpg,समारोह,hindi
train/hindi/D_image_1674_9.jpg,प्रौद्योगिकी,hindi
train/hindi/D_image_1675_0.jpg,अर,hindi
train/hindi/D_image_1675_1.jpg,एअर,hindi
train/hindi/D_image_1675_2.jpg,इंडिया,hindi
train/hindi/D_image_1678_0.jpg,लीन,hindi
train/hindi/D_image_1678_1.jpg,समीक्षा,hindi
train/hindi/D_image_1678_2.jpg,‍की,hindi
train/hindi/D_image_1678_3.jpg,स्थिति,hindi
train/hindi/D_image_1678_5.jpg,सत्‍यमेव,hindi
train/hindi/D_image_1678_6.jpg,जयते,hindi
train/hindi/D_image_1678_7.jpg,एवं,hindi
train/hindi/D_image_1678_8.jpg,मूल्यांकन,hindi
train/hindi/D_image_1679_0.jpg,जयते,hindi
train/hindi/D_image_1679_1.jpg,सत्यमेव,hindi
train/hindi/D_image_168_1.jpg,दूध,hindi
train/hindi/D_image_168_10.jpg,आहार,hindi
train/hindi/D_image_168_11.jpg,पशु,hindi
train/hindi/D_image_168_12.jpg,कपिला,hindi
train/hindi/D_image_168_2.jpg,बचेगा,hindi
train/hindi/D_image_168_3.jpg,प्यार,hindi
train/hindi/D_image_168_4.jpg,क,hindi
train/hindi/D_image_168_6.jpg,ला,hindi
train/hindi/D_image_168_7.jpg,आहार,hindi
train/hindi/D_image_168_9.jpg,कबिला,hindi
train/hindi/D_image_1680_0.jpg,एवं,hindi
train/hindi/D_image_1680_1.jpg,अनुसंधान,hindi
train/hindi/D_image_1680_11.jpg,विज्ञानम्,hindi
train/hindi/D_image_1680_2.jpg,मूलं,hindi
train/hindi/D_image_1680_3.jpg,बालस्य,hindi
train/hindi/D_image_1680_7.jpg,रक्षा,hindi
train/hindi/D_image_1681_0.jpg,जयते,hindi
train/hindi/D_image_1681_1.jpg,सत्यमेव,hindi
train/hindi/D_image_1681_10.jpg,सेवा,hindi
train/hindi/D_image_1681_11.jpg,दिवस,hindi
train/hindi/D_image_1681_12.jpg,अप्रैल,hindi
train/hindi/D_image_1681_9.jpg,सिविल,hindi
train/hindi/D_image_1682_18.jpg,जयते,hindi
train/hindi/D_image_1682_19.jpg,सत्यमेव,hindi
train/hindi/D_image_1682_25.jpg,सेवा,hindi
train/hindi/D_image_1682_26.jpg,दिवस,hindi
train/hindi/D_image_1682_27.jpg,सिविल,hindi
train/hindi/D_image_1683_2.jpg,भारत,hindi
train/hindi/D_image_1683_3.jpg,सरकार,hindi
train/hindi/D_image_1683_4.jpg,सत्यमेव,hindi
train/hindi/D_image_1683_5.jpg,जयते,hindi
train/hindi/D_image_1683_6.jpg,पंचायती,hindi
train/hindi/D_image_1683_7.jpg,राज,hindi
train/hindi/D_image_1683_8.jpg,मंत्रालय,hindi
train/hindi/D_image_1684_14.jpg,सत्यमेव,hindi
train/hindi/D_image_1684_15.jpg,जयते,hindi
train/hindi/D_image_1684_4.jpg,सरकार,hindi
train/hindi/D_image_1684_5.jpg,भारत,hindi
train/hindi/D_image_1684_6.jpg,मंत्रालय,hindi
train/hindi/D_image_1684_7.jpg,विकास,hindi
train/hindi/D_image_1684_8.jpg,संसाधन,hindi
train/hindi/D_image_1684_9.jpg,मानव,hindi
train/hindi/D_image_1685_0.jpg,40वाँ,hindi
train/hindi/D_image_1685_1.jpg,ज्ञानपीठ,hindi
train/hindi/D_image_1685_2.jpg,भारतीय,hindi
train/hindi/D_image_1688_0.jpg,कल्पलतेय,hindi
train/hindi/D_image_1688_1.jpg,साधवति,hindi
train/hindi/D_image_1688_14.jpg,नवदेहली,hindi
train/hindi/D_image_1688_15.jpg,"जनवरी,",hindi
train/hindi/D_image_1688_16.jpg,२०१२,hindi
train/hindi/D_image_1688_25.jpg,विश्वसंस्कृतसम्मेलनम्,hindi
train/hindi/D_image_1688_26.jpg,५-१०,hindi
train/hindi/D_image_1688_30.jpg,कि,hindi
train/hindi/D_image_1688_31.jpg,स्था,hindi
train/hindi/D_image_1688_32.jpg,न,hindi
train/hindi/D_image_1688_5.jpg,कुटुम्बकम्,hindi
train/hindi/D_image_1688_6.jpg,वसुधैव,hindi
train/hindi/D_image_1688_7.jpg,पञ्चदशं,hindi
train/hindi/D_image_1689_1.jpg,भ्यााचाच,hindi
train/hindi/D_image_1689_10.jpg,नई,hindi
train/hindi/D_image_1689_11.jpg,अक्टूबर,hindi
train/hindi/D_image_1689_12.jpg,38वाँ,hindi
train/hindi/D_image_1689_13.jpg,आयुर्विज्ञान,hindi
train/hindi/D_image_1689_14.jpg,शरीरमाद्यं,hindi
train/hindi/D_image_1689_15.jpg,दीक्षान्त,hindi
train/hindi/D_image_1689_2.jpg,संस्थान,hindi
train/hindi/D_image_1689_20.jpg,भारतीय,hindi
train/hindi/D_image_1689_21.jpg,अखि‍ल,hindi
train/hindi/D_image_1689_22.jpg,खलु,hindi
train/hindi/D_image_1689_23.jpg,धर्मसाधनम्,hindi
train/hindi/D_image_1689_24.jpg,संस्थान,hindi
train/hindi/D_image_1689_25.jpg,समारोह,hindi
train/hindi/D_image_1689_3.jpg,भारतीय,hindi
train/hindi/D_image_1689_33.jpg,आयुर्विज्ञान,hindi
train/hindi/D_image_1689_4.jpg,अखिल,hindi
train/hindi/D_image_1689_9.jpg,दिल्ली,hindi
train/hindi/D_image_1694_0.jpg,मंत्रालय,hindi
train/hindi/D_image_1694_1.jpg,गृह,hindi
train/hindi/D_image_1694_2.jpg,राष्ट्रीय,hindi
train/hindi/D_image_1694_3.jpg,जयते,hindi
train/hindi/D_image_1694_4.jpg,सत्यमेव,hindi
train/hindi/D_image_1694_5.jpg,एकता,hindi
train/hindi/D_image_1694_6.jpg,परिषद,hindi
train/hindi/D_image_1695_10.jpg,शिखर,hindi
train/hindi/D_image_1695_11.jpg,अक्तूबर,hindi
train/hindi/D_image_1695_4.jpg,बैठक,hindi
train/hindi/D_image_1695_5.jpg,ईबीएसए,hindi
train/hindi/D_image_1695_6.jpg,अफ्रीका,hindi
train/hindi/D_image_1695_7.jpg,दक्षिण,hindi
train/hindi/D_image_1695_8.jpg,एवं,hindi
train/hindi/D_image_1695_9.jpg,तीसरी,hindi
train/hindi/D_image_17_0.jpg,एक्सप्रेस ,hindi
train/hindi/D_image_17_1.jpg,देवी,hindi
train/hindi/D_image_17_2.jpg,नन्दा,hindi
train/hindi/D_image_170_0.jpg,मार्ग,hindi
train/hindi/D_image_170_1.jpg,रामगढ,hindi
train/hindi/D_image_170_10.jpg,नगर,hindi
train/hindi/D_image_170_11.jpg,आपके,hindi
train/hindi/D_image_170_12.jpg,प्रोवीजन,hindi
train/hindi/D_image_170_14.jpg,ज़ायकेदार,hindi
train/hindi/D_image_170_15.jpg,खाद,hindi
train/hindi/D_image_170_16.jpg,सर्वोत्तम,hindi
train/hindi/D_image_170_17.jpg,क्वॉलिटी,hindi
train/hindi/D_image_170_2.jpg,महाविद्यालय,hindi
train/hindi/D_image_170_21.jpg,पान,hindi
train/hindi/D_image_170_22.jpg,अभिनन्दन,hindi
train/hindi/D_image_170_23.jpg,मीनोर,hindi
train/hindi/D_image_170_25.jpg,कि,hindi
train/hindi/D_image_170_26.jpg,भी,hindi
train/hindi/D_image_170_27.jpg,अस्पताल,hindi
train/hindi/D_image_170_28.jpg,मार्ग,hindi
train/hindi/D_image_170_3.jpg,वृन्दासहाय,hindi
train/hindi/D_image_170_4.jpg,मार्ग,hindi
train/hindi/D_image_170_5.jpg,बाबा,hindi
train/hindi/D_image_170_6.jpg,ठाकुर,hindi
train/hindi/D_image_170_7.jpg,हार्दिक,hindi
train/hindi/D_image_170_8.jpg,पर,hindi
train/hindi/D_image_170_9.jpg,आगमन,hindi
train/hindi/D_image_1700_0.jpg,दिल्ली,hindi
train/hindi/D_image_1700_1.jpg,नई,hindi
train/hindi/D_image_1700_10.jpg,भवन,hindi
train/hindi/D_image_1700_11.jpg,संसद,hindi
train/hindi/D_image_1700_12.jpg,आमंत्रित,hindi
train/hindi/D_image_1700_13.jpg,सादर,hindi
train/hindi/D_image_1700_14.jpg,आप,hindi
train/hindi/D_image_1700_15.jpg,पर‍,hindi
train/hindi/D_image_1700_16.jpg,पुष्पांलि,hindi
train/hindi/D_image_1700_17.jpg,बोधिसत्व,hindi
train/hindi/D_image_1700_18.jpg,भारत,hindi
train/hindi/D_image_1700_19.jpg,रत्न,hindi
train/hindi/D_image_1700_2.jpg,सरकार,hindi
train/hindi/D_image_1700_20.jpg,बाबा,hindi
train/hindi/D_image_1700_21.jpg,साहे,hindi
train/hindi/D_image_1700_22.jpg,बी.आर.अम्बेडकर,hindi
train/hindi/D_image_1700_23.jpg,के‌,hindi
train/hindi/D_image_1700_25.jpg,वें,hindi
train/hindi/D_image_1700_26.jpg,जयन्ती,hindi
train/hindi/D_image_1700_27.jpg,दिवस,hindi
train/hindi/D_image_1700_29.jpg,अप्रैल,hindi
train/hindi/D_image_1700_3.jpg,भारत,hindi
train/hindi/D_image_1700_30.jpg,वसर,hindi
train/hindi/D_image_1700_4.jpg,मंत्रालय,hindi
train/hindi/D_image_1700_5.jpg,न्याय,hindi
train/hindi/D_image_1700_6.jpg,सामाजिक,hindi
train/hindi/D_image_1700_7.jpg,प्रतिष्ठान,hindi
train/hindi/D_image_1700_8.jpg,डॉ॰अम्बडकर।,hindi
train/hindi/D_image_1700_9.jpg,प्रांगण,hindi
train/hindi/D_image_1706_0.jpg,जयते,hindi
train/hindi/D_image_1706_1.jpg,सत्यमेव,hindi
train/hindi/D_image_1708_0.jpg,जन्मोत्सव,hindi
train/hindi/D_image_1708_1.jpg,दयानन्द,hindi
train/hindi/D_image_1708_2.jpg,सरकार,hindi
train/hindi/D_image_1708_3.jpg,प्रधान,hindi
train/hindi/D_image_1708_4.jpg,नरेन्द्र,hindi
train/hindi/D_image_1708_5.jpg,श्री,hindi
train/hindi/D_image_1708_6.jpg,मोदी,hindi
train/hindi/D_image_1708_9.jpg,स्वामी,hindi
train/hindi/D_image_1709_10.jpg,इंडिया,hindi
train/hindi/D_image_1709_11.jpg,मेक,hindi
train/hindi/D_image_1709_12.jpg,इन,hindi
train/hindi/D_image_1709_13.jpg,इंडिया,hindi
train/hindi/D_image_1709_14.jpg,मेक,hindi
train/hindi/D_image_1709_15.jpg,इन,hindi
train/hindi/D_image_1709_16.jpg,इंडिया,hindi
train/hindi/D_image_1712_0.jpg,भारत,hindi
train/hindi/D_image_1712_1.jpg,कृषि,hindi
train/hindi/D_image_1712_2.jpg,सत्यमेव,hindi
train/hindi/D_image_1712_3.jpg,जयते,hindi
train/hindi/D_image_1712_4.jpg,एवं,hindi
train/hindi/D_image_1712_5.jpg,किसान,hindi
train/hindi/D_image_1712_6.jpg,कल्‍याण,hindi
train/hindi/D_image_1712_7.jpg,मंत्रालय,hindi
train/hindi/D_image_1712_8.jpg,सरकार,hindi
train/hindi/D_image_1713_0.jpg,टल,hindi
train/hindi/D_image_1713_1.jpg,भारत,hindi
train/hindi/D_image_1713_11.jpg,बनो,hindi
train/hindi/D_image_1713_16.jpg,डिजिधन,hindi
train/hindi/D_image_1713_2.jpg,प्रौद्योगिकी,hindi
train/hindi/D_image_1713_21.jpg,इलेक्ट्रॉनिकी।,hindi
train/hindi/D_image_1713_22.jpg,सूचना,hindi
train/hindi/D_image_1713_23.jpg,मंत्रालय,hindi
train/hindi/D_image_1713_24.jpg,सरकार,hindi
train/hindi/D_image_1713_3.jpg,और‍,hindi
train/hindi/D_image_1715_1.jpg,इंडिया,hindi
train/hindi/D_image_1715_2.jpg,एअर,hindi
train/hindi/D_image_1715_3.jpg,एअर,hindi
train/hindi/D_image_1716_0.jpg,एअर,hindi
train/hindi/D_image_1716_1.jpg,एअर,hindi
train/hindi/D_image_1716_2.jpg,इं,hindi
train/hindi/D_image_1716_3.jpg,एअर,hindi
train/hindi/D_image_1716_4.jpg,इंडिया,hindi
train/hindi/D_image_1716_6.jpg,एअर,hindi
train/hindi/D_image_1716_8.jpg,डंडिया,hindi
train/hindi/D_image_1717_1.jpg,इंडिया,hindi
train/hindi/D_image_1717_2.jpg,एअर,hindi
train/hindi/D_image_1717_4.jpg,एअर,hindi
train/hindi/D_image_1717_6.jpg,इंडिया,hindi
train/hindi/D_image_1717_7.jpg,एअर,hindi
train/hindi/D_image_172_0.jpg,डबरी,hindi
train/hindi/D_image_172_1.jpg,दुकान,hindi
train/hindi/D_image_172_10.jpg,न,hindi
train/hindi/D_image_172_11.jpg,शीतला,hindi
train/hindi/D_image_172_12.jpg,श्री,hindi
train/hindi/D_image_172_13.jpg,सत्‌नाम,hindi
train/hindi/D_image_172_14.jpg,साक्षी,hindi
train/hindi/D_image_172_15.jpg,राजेन्द्र,hindi
train/hindi/D_image_172_16.jpg,हबलानी,hindi
train/hindi/D_image_172_18.jpg,बल्लू,hindi
train/hindi/D_image_172_19.jpg,खनि,hindi
train/hindi/D_image_172_20.jpg,ऑटो,hindi
train/hindi/D_image_172_21.jpg,सर्विस,hindi
train/hindi/D_image_172_22.jpg,सेन्टर,hindi
train/hindi/D_image_172_23.jpg,ऑटो,hindi
train/hindi/D_image_172_24.jpg,सर्विस,hindi
train/hindi/D_image_172_25.jpg,सेन्टर,hindi
train/hindi/D_image_172_7.jpg,बल्लू,hindi
train/hindi/D_image_172_8.jpg,उपलब्ध,hindi
train/hindi/D_image_172_9.jpg,ऑटो,hindi
train/hindi/D_image_1723_0.jpg,कृषि,hindi
train/hindi/D_image_1727_0.jpg,रोड,hindi
train/hindi/D_image_1727_1.jpg,रेसकोर्स,hindi
train/hindi/D_image_1727_10.jpg,सोमवार,hindi
train/hindi/D_image_1727_11.jpg,क‍र,hindi
train/hindi/D_image_1727_12.jpg,के,hindi
train/hindi/D_image_1727_13.jpg,मोदी,hindi
train/hindi/D_image_1727_14.jpg,द्वारा,hindi
train/hindi/D_image_1727_15.jpg,सांगीतिक,hindi
train/hindi/D_image_1727_16.jpg,गोस्वामी,hindi
train/hindi/D_image_1727_17.jpg,तुलसीदास,hindi
train/hindi/D_image_1727_18.jpg,कृत,hindi
train/hindi/D_image_1727_19.jpg,रामचस,hindi
train/hindi/D_image_1727_2.jpg,पंचवटी,hindi
train/hindi/D_image_1727_20.jpg,आकाशवाणी,hindi
train/hindi/D_image_1727_21.jpg,प्रस्‍तुति,hindi
train/hindi/D_image_1727_22.jpg,‍की,hindi
train/hindi/D_image_1727_23.jpg,सी.डी,hindi
train/hindi/D_image_1727_24.jpg,ननीय,hindi
train/hindi/D_image_1727_25.jpg,प्रधानमंत्री,hindi
train/hindi/D_image_1727_26.jpg,श्री,hindi
train/hindi/D_image_1727_27.jpg,नरेन्द्र,hindi
train/hindi/D_image_1727_28.jpg,कमलों,hindi
train/hindi/D_image_1727_3.jpg,बजे़,hindi
train/hindi/D_image_1727_5.jpg,प्रातः,hindi
train/hindi/D_image_1727_7.jpg,अगस्त,hindi
train/hindi/D_image_1727_9.jpg,दिनांक,hindi
train/hindi/D_image_1728_0.jpg,का‍,hindi
train/hindi/D_image_1728_1.jpg,निर्वाचन,hindi
train/hindi/D_image_1728_2.jpg,राष्ट्रपति,hindi
train/hindi/D_image_1730_11.jpg,नीय,hindi
train/hindi/D_image_1730_12.jpg,आयुर्विज्ञान,hindi
train/hindi/D_image_1730_13.jpg,संर,hindi
train/hindi/D_image_1730_15.jpg,अक्टूबर,hindi
train/hindi/D_image_1730_17.jpg,42 वां,hindi
train/hindi/D_image_1730_18.jpg,समारोह,hindi
train/hindi/D_image_1730_19.jpg,अखिल,hindi
train/hindi/D_image_1730_20.jpg,आयुर्विज्ञान,hindi
train/hindi/D_image_1730_3.jpg,संस्थान,hindi
train/hindi/D_image_1730_4.jpg,भारतीय,hindi
train/hindi/D_image_1730_6.jpg,दीक्षांत,hindi
train/hindi/D_image_1731_1.jpg,एअर,hindi
train/hindi/D_image_1731_2.jpg,इंडिय,hindi
train/hindi/D_image_1732_2.jpg,इंडिया,hindi
train/hindi/D_image_1732_3.jpg,एअर,hindi
train/hindi/D_image_1733_0.jpg,इंडिया,hindi
train/hindi/D_image_1733_1.jpg,एअर,hindi
train/hindi/D_image_1734_0.jpg,वायु,hindi
train/hindi/D_image_1734_1.jpg,भारतीय,hindi
train/hindi/D_image_1735_3.jpg,भारतीय,hindi
train/hindi/D_image_1735_4.jpg,वायु,hindi
train/hindi/D_image_1736_0.jpg,वायु,hindi
train/hindi/D_image_1736_1.jpg,भारतीय,hindi
train/hindi/D_image_1737_0.jpg,इंडिया,hindi
train/hindi/D_image_1737_1.jpg,एअर,hindi
train/hindi/D_image_1739_0.jpg,इंडिया,hindi
train/hindi/D_image_1739_1.jpg,एअर,hindi
train/hindi/D_image_1739_4.jpg,इंडिया,hindi
train/hindi/D_image_1739_5.jpg,एअर,hindi
train/hindi/D_image_1740_2.jpg,इंडिया,hindi
train/hindi/D_image_1740_3.jpg,एअर,hindi
train/hindi/D_image_1742_7.jpg,भा२त,hindi
train/hindi/D_image_1742_8.jpg,वंदे,hindi
train/hindi/D_image_1747_0.jpg,जवान,hindi
train/hindi/D_image_1747_1.jpg,अमर,hindi
train/hindi/D_image_1747_2.jpg,जवान,hindi
train/hindi/D_image_1747_3.jpg,अमर,hindi
train/hindi/D_image_1750_10.jpg,के,hindi
train/hindi/D_image_1750_11.jpg,में,hindi
train/hindi/D_image_1750_5.jpg,हैे,hindi
train/hindi/D_image_1750_6.jpg,अंत,hindi
train/hindi/D_image_1750_7.jpg,आपातकालीन,hindi
train/hindi/D_image_1750_8.jpg,द्वार,hindi
train/hindi/D_image_1750_9.jpg,रेलगाड़ी़,hindi
train/hindi/D_image_1753_0.jpg,झारखण्ड,hindi
train/hindi/D_image_1753_1.jpg,श्रीमतीद्वौपदीमुर्मू,hindi
train/hindi/D_image_1753_10.jpg,कर,hindi
train/hindi/D_image_1753_11.jpg,मोदी,hindi
train/hindi/D_image_1753_12.jpg,नरेन्द्र,hindi
train/hindi/D_image_1753_13.jpg,श्री,hindi
train/hindi/D_image_1753_14.jpg,लोकार्पण,hindi
train/hindi/D_image_1753_15.jpg,का,hindi
train/hindi/D_image_1753_16.jpg,सोलर,hindi
train/hindi/D_image_1753_17.jpg,में।,hindi
train/hindi/D_image_1753_18.jpg,अस्पताल,hindi
train/hindi/D_image_1753_19.jpg,सदर,hindi
train/hindi/D_image_1753_2.jpg,राज,hindi
train/hindi/D_image_1753_20.jpg,सरकार,hindi
train/hindi/D_image_1753_21.jpg,पॉवर,hindi
train/hindi/D_image_1753_22.jpg,फेसिलिटी,hindi
train/hindi/D_image_1753_23.jpg,प्रधानमंत्री,hindi
train/hindi/D_image_1753_24.jpg,के,hindi
train/hindi/D_image_1753_25.jpg,श्री,hindi
train/hindi/D_image_1753_26.jpg,रघुवर,hindi
train/hindi/D_image_1753_27.jpg,दास,hindi
train/hindi/D_image_1753_28.jpg,श्री,hindi
train/hindi/D_image_1753_29.jpg,पलिर्वार:,hindi
train/hindi/D_image_1753_3.jpg,गडकरी,hindi
train/hindi/D_image_1753_4.jpg,नितिन,hindi
train/hindi/D_image_1753_5.jpg,श्री,hindi
train/hindi/D_image_1753_6.jpg,उपस्थिति,hindi
train/hindi/D_image_1753_7.jpg,गरिमामयी,hindi
train/hindi/D_image_1753_8.jpg,द्वारा,hindi
train/hindi/D_image_1753_9.jpg,कमंलों,hindi
train/hindi/D_image_1756_10.jpg,मदिर,hindi
train/hindi/D_image_1756_3.jpg,६०ा,hindi
train/hindi/D_image_1756_4.jpg,के‌,hindi
train/hindi/D_image_1756_5.jpg,विकलांगों,hindi
train/hindi/D_image_1756_6.jpg,एवं,hindi
train/hindi/D_image_1756_7.jpg,वृृद्ध,hindi
train/hindi/D_image_1756_8.jpg,लिए,hindi
train/hindi/D_image_1757_0.jpg,साथ,hindi
train/hindi/D_image_1757_1.jpg,क‍े,hindi
train/hindi/D_image_1757_10.jpg,स्पेशल,hindi
train/hindi/D_image_1757_11.jpg,किसान,hindi
train/hindi/D_image_1757_12.jpg,बनासकांठा,hindi
train/hindi/D_image_1757_13.jpg,के‌,hindi
train/hindi/D_image_1757_14.jpg,भारत,hindi
train/hindi/D_image_1757_15.jpg,के‍,hindi
train/hindi/D_image_1757_2.jpg,ज़ी,hindi
train/hindi/D_image_1757_3.jpg,प्रधानमंत्री,hindi
train/hindi/D_image_1757_4.jpg,माननीय,hindi
train/hindi/D_image_1757_5.jpg,क‍े,hindi
train/hindi/D_image_1757_6.jpg,पर‍,hindi
train/hindi/D_image_1757_7.jpg,आगमन,hindi
train/hindi/D_image_1757_8.jpg,दिल्ली,hindi
train/hindi/D_image_1757_9.jpg,ट्रेन,hindi
train/hindi/D_image_176_0.jpg,वती,hindi
train/hindi/D_image_176_1.jpg,मेडीकल,hindi
train/hindi/D_image_176_2.jpg,स्टोर,hindi
train/hindi/D_image_176_3.jpg,द,hindi
train/hindi/D_image_176_4.jpg,वा,hindi
train/hindi/D_image_176_5.jpg,इ,hindi
train/hindi/D_image_176_6.jpg,या,hindi
train/hindi/D_image_1760_1.jpg,दिवस,hindi
train/hindi/D_image_1760_10.jpg,कुर्सी,hindi
train/hindi/D_image_1760_11.jpg,योग,hindi
train/hindi/D_image_1760_12.jpg,आनन्दमय,hindi
train/hindi/D_image_1760_13.jpg,लिए,hindi
train/hindi/D_image_1760_14.jpg,की,hindi
train/hindi/D_image_1760_15.jpg,यांग,hindi
train/hindi/D_image_1760_2.jpg,अंतर्राष्ट्रीय,hindi
train/hindi/D_image_1760_3.jpg,ओर‍,hindi
train/hindi/D_image_1760_4.jpg,योग,hindi
train/hindi/D_image_1760_5.jpg,चलो,hindi
train/hindi/D_image_1760_6.jpg,के,hindi
train/hindi/D_image_1760_7.jpg,जीवन,hindi
train/hindi/D_image_1760_8.jpg,यान,hindi
train/hindi/D_image_1760_9.jpg,तानुकूलित,hindi
train/hindi/D_image_1761_0.jpg,प्रधान,hindi
train/hindi/D_image_1761_1.jpg,मंत्री,hindi
train/hindi/D_image_1761_2.jpg,कार्यालय,hindi
train/hindi/D_image_1761_3.jpg,में,hindi
train/hindi/D_image_1761_4.jpg,हिन्दी,hindi
train/hindi/D_image_1761_5.jpg,सप्ताह,hindi
train/hindi/D_image_1761_6.jpg,पुरस्कार,hindi
train/hindi/D_image_1761_7.jpg,वितर,hindi
train/hindi/D_image_1761_8.jpg,समारोह,hindi
train/hindi/D_image_1764_10.jpg,लेखा,hindi
train/hindi/D_image_1764_11.jpg,परीक्षा,hindi
train/hindi/D_image_1764_12.jpg,विभाग,hindi
train/hindi/D_image_1764_14.jpg,अच्छात,hindi
train/hindi/D_image_1764_4.jpg,जयते,hindi
train/hindi/D_image_1764_5.jpg,सत्यमेव,hindi
train/hindi/D_image_1764_6.jpg,भारतीय,hindi
train/hindi/D_image_1764_7.jpg,लेखा,hindi
train/hindi/D_image_1764_9.jpg,एवं,hindi
train/hindi/D_image_1765_1.jpg,सत्यमेव,hindi
train/hindi/D_image_1765_10.jpg,सत्यमेव,hindi
train/hindi/D_image_1765_12.jpg,भारत,hindi
train/hindi/D_image_1765_13.jpg,का‍,hindi
train/hindi/D_image_1765_14.jpg,राजदूतावास,hindi
train/hindi/D_image_1765_15.jpg,मॉस्को,hindi
train/hindi/D_image_1765_2.jpg,भारत,hindi
train/hindi/D_image_1765_25.jpg,काव्याकारी,hindi
train/hindi/D_image_1765_3.jpg,का,hindi
train/hindi/D_image_1765_4.jpg,राजदुताबास,hindi
train/hindi/D_image_1765_5.jpg,मॉस्को,hindi
train/hindi/D_image_177_0.jpg,ग्वा,hindi
train/hindi/D_image_177_10.jpg,टूर,hindi
train/hindi/D_image_177_11.jpg,शक्ति,hindi
train/hindi/D_image_177_13.jpg,कार,hindi
train/hindi/D_image_177_14.jpg,डील,hindi
train/hindi/D_image_177_15.jpg,दवा,hindi
train/hindi/D_image_177_16.jpg,दत्ता,hindi
train/hindi/D_image_177_17.jpg,चिकित्सालय,hindi
train/hindi/D_image_177_18.jpg,डील,hindi
train/hindi/D_image_177_19.jpg,कॅालेज,hindi
train/hindi/D_image_177_2.jpg,नगर,hindi
train/hindi/D_image_177_20.jpg,डिजाइनिंग,hindi
train/hindi/D_image_177_21.jpg,विनय,hindi
train/hindi/D_image_177_4.jpg,फैशन,hindi
train/hindi/D_image_177_5.jpg,उड़ान,hindi
train/hindi/D_image_177_6.jpg,जर्शकार,hindi
train/hindi/D_image_177_7.jpg,चिकित्सालय,hindi
train/hindi/D_image_177_8.jpg,ट्रेवल्स,hindi
train/hindi/D_image_177_9.jpg,एण्ड,hindi
train/hindi/D_image_1770_0.jpg,जयते,hindi
train/hindi/D_image_1770_1.jpg,सत्यमेव,hindi
train/hindi/D_image_1770_2.jpg,शहरी,hindi
train/hindi/D_image_1770_4.jpg,और‍,hindi
train/hindi/D_image_1770_5.jpg,कार्य,hindi
train/hindi/D_image_1770_6.jpg,मंत्रालय,hindi
train/hindi/D_image_1782_11.jpg,कार्यपालकों,hindi
train/hindi/D_image_1782_3.jpg,मार्च,hindi
train/hindi/D_image_1782_4.jpg,साथ,hindi
train/hindi/D_image_1783_1.jpg,दिल्ली,hindi
train/hindi/D_image_1783_2.jpg,नई,hindi
train/hindi/D_image_1783_3.jpg,भवन,hindi
train/hindi/D_image_1783_4.jpg,विज्ञान‌,hindi
train/hindi/D_image_1783_5.jpg,जुलाई,hindi
train/hindi/D_image_1787_0.jpg,MEETI,hindi
train/hindi/D_image_1787_3.jpg,फरवरी,hindi
train/hindi/D_image_179_10.jpg,स्टेडियम,hindi
train/hindi/D_image_179_11.jpg,नेश्नल,hindi
train/hindi/D_image_179_12.jpg,नेश्नल,hindi
train/hindi/D_image_179_13.jpg,स्टेडियम,hindi
train/hindi/D_image_1792_0.jpg,मुखर्जी,hindi
train/hindi/D_image_1792_1.jpg,प्रणब,hindi
train/hindi/D_image_1794_11.jpg,बैंक,hindi
train/hindi/D_image_1794_12.jpg,ऑफ़,hindi
train/hindi/D_image_1794_13.jpg,इंडिया,hindi
train/hindi/D_image_1795_5.jpg,सर्म,hindi
train/hindi/D_image_1795_6.jpg,के,hindi
train/hindi/D_image_1795_7.jpg,साथ,hindi
train/hindi/D_image_1795_8.jpg,बैंकों,hindi
train/hindi/D_image_1795_9.jpg,के,hindi
train/hindi/D_image_18_0.jpg,लखनऊ,hindi
train/hindi/D_image_18_1.jpg,इकोनॉमी,hindi
train/hindi/D_image_18_2.jpg,टियर,hindi
train/hindi/D_image_18_3.jpg,वातानुकूलित३,hindi
train/hindi/D_image_1800_0.jpg,जयंती,hindi
train/hindi/D_image_1800_1.jpg,सरकार,hindi
train/hindi/D_image_1800_10.jpg,पटेल,hindi
train/hindi/D_image_1800_11.jpg,दिवस,hindi
train/hindi/D_image_1800_13.jpg,एकता,hindi
train/hindi/D_image_1800_15.jpg,गृह,hindi
train/hindi/D_image_1800_2.jpg,भारत,hindi
train/hindi/D_image_1800_3.jpg,मंत्रालय,hindi
train/hindi/D_image_1800_4.jpg,दौड़,hindi
train/hindi/D_image_1800_5.jpg,अक्तूबर,hindi
train/hindi/D_image_1800_7.jpg,एकता,hindi
train/hindi/D_image_1800_8.jpg,वल्लभभाई,hindi
train/hindi/D_image_1800_9.jpg,रदार,hindi
train/hindi/D_image_1806_10.jpg,संकल्प,hindi
train/hindi/D_image_1806_11.jpg,सेे,hindi
train/hindi/D_image_1806_12.jpg,सिहिर,hindi
train/hindi/D_image_1806_13.jpg,न्यू,hindi
train/hindi/D_image_1806_14.jpg,अगस्त,hindi
train/hindi/D_image_1806_15.jpg,हम,hindi
train/hindi/D_image_1806_16.jpg,सब,hindi
train/hindi/D_image_1806_17.jpg,मिलकर,hindi
train/hindi/D_image_1806_18.jpg,संकल्प,hindi
train/hindi/D_image_1806_2.jpg,इण्डिया,hindi
train/hindi/D_image_1806_20.jpg,"हैं,",hindi
train/hindi/D_image_1806_22.jpg,तक‍,hindi
train/hindi/D_image_1806_23.jpg,कृषि,hindi
train/hindi/D_image_1806_24.jpg,आय,hindi
train/hindi/D_image_1806_25.jpg,दोगुना,hindi
train/hindi/D_image_1806_26.jpg,करने,hindi
train/hindi/D_image_1806_27.jpg,का‌,hindi
train/hindi/D_image_1806_3.jpg,मंथन,hindi
train/hindi/D_image_1806_4.jpg,या,hindi
train/hindi/D_image_1806_5.jpg,से‍,hindi
train/hindi/D_image_1806_6.jpg,सिद्धि,hindi
train/hindi/D_image_1806_7.jpg,रॉकल्प,hindi
train/hindi/D_image_1806_8.jpg,मंथन,hindi
train/hindi/D_image_1806_9.jpg,न्यू,hindi
train/hindi/D_image_1813_0.jpg,भारतीय,hindi
train/hindi/D_image_1813_1.jpg,रतीय,hindi
train/hindi/D_image_1813_10.jpg,ना,hindi
train/hindi/D_image_1813_11.jpg,डाक,hindi
train/hindi/D_image_1813_12.jpg,डाक,hindi
train/hindi/D_image_1813_13.jpg,प्रसाद.,hindi
train/hindi/D_image_1813_14.jpg,नीय ,hindi
train/hindi/D_image_1813_15.jpg,प्रौद्योगिकी,hindi
train/hindi/D_image_1813_16.jpg,मंत्री,hindi
train/hindi/D_image_1813_17.jpg,सरकार,hindi
train/hindi/D_image_1813_2.jpg,समारोह,hindi
train/hindi/D_image_1813_3.jpg,उद्घाटन,hindi
train/hindi/D_image_1813_4.jpg,एम.,hindi
train/hindi/D_image_1813_5.jpg,ए.टी.,hindi
train/hindi/D_image_1813_6.jpg,एवं,hindi
train/hindi/D_image_1813_7.jpg,बैंकिंग,hindi
train/hindi/D_image_1813_8.jpg,अक,hindi
train/hindi/D_image_1813_9.jpg,भारतीय,hindi
train/hindi/D_image_1814_0.jpg,भारतीय,hindi
train/hindi/D_image_1814_1.jpg,डाक,hindi
train/hindi/D_image_1817_10.jpg,श्री,hindi
train/hindi/D_image_1817_11.jpg,श्रीम,hindi
train/hindi/D_image_1817_12.jpg,मानव्,hindi
train/hindi/D_image_1817_13.jpg,दिनॉक,hindi
train/hindi/D_image_1817_2.jpg,माननीय,hindi
train/hindi/D_image_1817_3.jpg,एवं,hindi
train/hindi/D_image_1817_4.jpg,संचार,hindi
train/hindi/D_image_1817_5.jpg,नगर,hindi
train/hindi/D_image_1817_6.jpg,अरुणा,hindi
train/hindi/D_image_1817_7.jpg,उद्घाटन,hindi
train/hindi/D_image_1817_8.jpg,श्री,hindi
train/hindi/D_image_1817_9.jpg,तिथि,hindi
train/hindi/D_image_1818_10.jpg,समस्त,hindi
train/hindi/D_image_1818_11.jpg,महिला,hindi
train/hindi/D_image_1818_12.jpg,डाक,hindi
train/hindi/D_image_1818_13.jpg,कर्मचारी,hindi
train/hindi/D_image_1818_14.jpg,डाक,hindi
train/hindi/D_image_1818_15.jpg,श्री,hindi
train/hindi/D_image_1818_16.jpg,माननीय,hindi
train/hindi/D_image_1818_17.jpg,संचार,hindi
train/hindi/D_image_1818_18.jpg,एवं,hindi
train/hindi/D_image_1818_19.jpg,सूचना,hindi
train/hindi/D_image_1818_20.jpg,प्रौद्य,hindi
train/hindi/D_image_1818_3.jpg,दिव,hindi
train/hindi/D_image_1818_4.jpg,महिला,hindi
train/hindi/D_image_1818_5.jpg,अन्तर्राष्ट्रीय,hindi
train/hindi/D_image_1818_7.jpg,केन्द्रीय,hindi
train/hindi/D_image_1818_8.jpg,कपिल,hindi
train/hindi/D_image_1818_9.jpg,सिब्ब,hindi
train/hindi/D_image_1820_0.jpg,कूड़ेद,hindi
train/hindi/D_image_1820_1.jpg,डेदान,hindi
train/hindi/D_image_1830_2.jpg,हितैषी,hindi
train/hindi/D_image_1830_4.jpg,बैंक,hindi
train/hindi/D_image_1830_5.jpg,इंडियन,hindi
train/hindi/D_image_1830_6.jpg,बैंक,hindi
train/hindi/D_image_1841_11.jpg,वहनीय,hindi
train/hindi/D_image_1841_12.jpg,हेतु,hindi
train/hindi/D_image_1841_13.jpg,अमृत,hindi
train/hindi/D_image_1841_14.jpg,कालेज,hindi
train/hindi/D_image_1841_15.jpg,एवं,hindi
train/hindi/D_image_1841_16.jpg,सफदरजंग,hindi
train/hindi/D_image_1841_17.jpg,अस्पताल,hindi
train/hindi/D_image_1841_18.jpg,नई,hindi
train/hindi/D_image_1841_19.jpg,दिल्ली,hindi
train/hindi/D_image_1841_20.jpg,प्रत्यारोपण,hindi
train/hindi/D_image_1841_21.jpg,का,hindi
train/hindi/D_image_1841_22.jpg,उद्घाटन,hindi
train/hindi/D_image_1841_23.jpg,श्री,hindi
train/hindi/D_image_1841_24.jpg,जे॰,hindi
train/hindi/D_image_1841_25.jpg,पी,hindi
train/hindi/D_image_1841_26.jpg,नड्डा,hindi
train/hindi/D_image_1841_27.jpg,केन्द्रीय,hindi
train/hindi/D_image_1841_28.jpg,स्वास्थ्य,hindi
train/hindi/D_image_1841_29.jpg,एवं,hindi
train/hindi/D_image_1841_30.jpg,परिवार,hindi
train/hindi/D_image_1841_31.jpg,मंत्री,hindi
train/hindi/D_image_1841_32.jpg,के,hindi
train/hindi/D_image_1841_33.jpg,कर‍,hindi
train/hindi/D_image_1841_34.jpg,कमलों,hindi
train/hindi/D_image_1841_39.jpg,है,hindi
train/hindi/D_image_1841_4.jpg,हुआ।,hindi
train/hindi/D_image_1841_5.jpg,सम्पन्न,hindi
train/hindi/D_image_1841_6.jpg,द्वारा,hindi
train/hindi/D_image_1843_10.jpg,नई,hindi
train/hindi/D_image_1843_11.jpg,उद्घाटन,hindi
train/hindi/D_image_1843_4.jpg,आई॰एम॰ई॰आर॰,hindi
train/hindi/D_image_1843_5.jpg,पी॰जी॰,hindi
train/hindi/D_image_1843_6.jpg,जयते,hindi
train/hindi/D_image_1843_7.jpg,सत्यमेव,hindi
train/hindi/D_image_1843_8.jpg,दि,hindi
train/hindi/D_image_1843_9.jpg,नव,hindi
train/hindi/D_image_1849_0.jpg,लगेग,hindi
train/hindi/D_image_1849_1.jpg,अच्‍छा,hindi
train/hindi/D_image_1849_2.jpg,करें,hindi
train/hindi/D_image_1849_6.jpg,भी,hindi
train/hindi/D_image_1849_7.jpg,आप,hindi
train/hindi/D_image_1849_8.jpg,हूँ,hindi
train/hindi/D_image_185_11.jpg,दिल्ली,hindi
train/hindi/D_image_185_8.jpg,नई,hindi
train/hindi/D_image_185_9.jpg,मार्च,hindi
train/hindi/D_image_1850_0.jpg,जाँ,hindi
train/hindi/D_image_1850_10.jpg,होती,hindi
train/hindi/D_image_1850_11.jpg,नं.,hindi
train/hindi/D_image_1850_12.jpg,बेहोशी,hindi
train/hindi/D_image_1850_14.jpg,क‍ी,hindi
train/hindi/D_image_1850_15.jpg,पीने,hindi
train/hindi/D_image_1850_16.jpg,योग्य,hindi
train/hindi/D_image_1850_17.jpg,पानी,hindi
train/hindi/D_image_1850_20.jpg,में,hindi
train/hindi/D_image_1850_24.jpg,का‍,hindi
train/hindi/D_image_1850_25.jpg,कमरा,hindi
train/hindi/D_image_1850_3.jpg,है।,hindi
train/hindi/D_image_1850_4.jpg,बाहर,hindi
train/hindi/D_image_1850_5.jpg,लाईन,hindi
train/hindi/D_image_1850_7.jpg,न.,hindi
train/hindi/D_image_1850_8.jpg,कमरा,hindi
train/hindi/D_image_1851_1.jpg,तीसरी,hindi
train/hindi/D_image_1851_12.jpg,त्वचा/DERMATOLOGY,hindi
train/hindi/D_image_1851_13.jpg,रोग/,hindi
train/hindi/D_image_1851_14.jpg,वि‍कार,hindi
train/hindi/D_image_1851_16.jpg,आंत,hindi
train/hindi/D_image_1851_18.jpg,विभाग,hindi
train/hindi/D_image_1851_19.jpg,प्रसूति,hindi
train/hindi/D_image_1851_2.jpg,मंजिल,hindi
train/hindi/D_image_1851_20.jpg,जनन्,hindi
train/hindi/D_image_1851_21.jpg,ग्रन्थी,hindi
train/hindi/D_image_1851_22.jpg,गुर्दा,hindi
train/hindi/D_image_1851_23.jpg,कल्याण,hindi
train/hindi/D_image_1851_26.jpg,नाक-कान-गला रोग/,hindi
train/hindi/D_image_1851_27.jpg,मूत्ररोग/,hindi
train/hindi/D_image_1851_30.jpg,है।,hindi
train/hindi/D_image_1851_31.jpg,के,hindi
train/hindi/D_image_1851_32.jpg,कर्मचारियो,hindi
train/hindi/D_image_1851_33.jpg,"चिकित्सकों,",hindi
train/hindi/D_image_1851_34.jpg,एम्स,hindi
train/hindi/D_image_1851_35.jpg,केवल,hindi
train/hindi/D_image_1851_36.jpg,लिफ्ट,hindi
train/hindi/D_image_1851_37.jpg,यह,hindi
train/hindi/D_image_1851_38.jpg,०९६९४००९,hindi
train/hindi/D_image_1851_4.jpg,पांचवी,hindi
train/hindi/D_image_1851_40.jpg,द्वारा,hindi
train/hindi/D_image_1851_41.jpg,आपरेटर,hindi
train/hindi/D_image_1851_42.jpg,लिफ्ट,hindi
train/hindi/D_image_1851_44.jpg,लिफ्ट,hindi
train/hindi/D_image_1851_45.jpg,नं.,hindi
train/hindi/D_image_1851_46.jpg,कार्य,hindi
train/hindi/D_image_1851_47.jpg,समय,hindi
train/hindi/D_image_1851_49.jpg,क‍े,hindi
train/hindi/D_image_1851_5.jpg,मंजिल,hindi
train/hindi/D_image_1851_53.jpg,नर्सो,hindi
train/hindi/D_image_1851_54.jpg,एवं,hindi
train/hindi/D_image_1851_55.jpg,लिऐ,hindi
train/hindi/D_image_1851_58.jpg,००८७०१५,hindi
train/hindi/D_image_1851_63.jpg,ओ॰पी॰डी॰,hindi
train/hindi/D_image_1851_66.jpg,वृद्धावस्था,hindi
train/hindi/D_image_1851_67.jpg,रोग/,hindi
train/hindi/D_image_1851_68.jpg,परिवार,hindi
train/hindi/D_image_1851_69.jpg,रोग/,hindi
train/hindi/D_image_1851_7.jpg,शल्य,hindi
train/hindi/D_image_1851_70.jpg,रोग,hindi
train/hindi/D_image_1851_72.jpg,पेट,hindi
train/hindi/D_image_1851_73.jpg,रोग/,hindi
train/hindi/D_image_1851_74.jpg,मनोरोग,hindi
train/hindi/D_image_1851_76.jpg,रतिजरोग/,hindi
train/hindi/D_image_1851_77.jpg,चिकित्सा/,hindi
train/hindi/D_image_1851_78.jpg,स्त्रीरोग,hindi
train/hindi/D_image_1851_79.jpg,रुधिरविज्ञान,hindi
train/hindi/D_image_1851_80.jpg,बाल,hindi
train/hindi/D_image_1851_81.jpg,चिकित्सा,hindi
train/hindi/D_image_1851_83.jpg,दूसरी,hindi
train/hindi/D_image_1851_85.jpg,मंजिल,hindi
train/hindi/D_image_1851_86.jpg,चौथी,hindi
train/hindi/D_image_1851_88.jpg,मंजिल,hindi
train/hindi/D_image_1854_1.jpg,सितम्बर,hindi
train/hindi/D_image_1854_13.jpg,सरकार,hindi
train/hindi/D_image_1854_14.jpg,भारत,hindi
train/hindi/D_image_1854_15.jpg,मंत्रालय,hindi
train/hindi/D_image_1854_16.jpg,स्कूल,hindi
train/hindi/D_image_1854_17.jpg,प्राधिकरण,hindi
train/hindi/D_image_1854_18.jpg,राष्ट्रीय,hindi
train/hindi/D_image_1854_19.jpg,साक्षरता,hindi
train/hindi/D_image_1854_20.jpg,मिशन,hindi
train/hindi/D_image_1854_21.jpg,शिक्षा,hindi
train/hindi/D_image_1854_22.jpg,और‍,hindi
train/hindi/D_image_1854_23.jpg,साक्षरता,hindi
train/hindi/D_image_1854_24.jpg,विभाग,hindi
train/hindi/D_image_1854_25.jpg,मानव,hindi
train/hindi/D_image_1854_26.jpg,संसाधन,hindi
train/hindi/D_image_1854_27.jpg,विकास,hindi
train/hindi/D_image_1854_28.jpg,साक्षर,hindi
train/hindi/D_image_1854_29.jpg,भारत,hindi
train/hindi/D_image_1854_40.jpg,अंतरराष्ट्रीय,hindi
train/hindi/D_image_1854_41.jpg,साक्षरता,hindi
train/hindi/D_image_1854_42.jpg,दिवस,hindi
train/hindi/D_image_1856_1.jpg,30th,hindi
train/hindi/D_image_1856_11.jpg,माननीय,hindi
train/hindi/D_image_1856_12.jpg,पार्सेकर,hindi
train/hindi/D_image_1856_13.jpg,लक्ष्मीकांत,hindi
train/hindi/D_image_1856_14.jpg,श्री,hindi
train/hindi/D_image_1856_15.jpg,उद्घाटन,hindi
train/hindi/D_image_1856_16.jpg,का,hindi
train/hindi/D_image_1856_17.jpg,गोवा,hindi
train/hindi/D_image_1856_18.jpg,संस्थान,hindi
train/hindi/D_image_1856_19.jpg,प्रौद्योगिकी,hindi
train/hindi/D_image_1856_20.jpg,भारतीय,hindi
train/hindi/D_image_1856_21.jpg,श्री,hindi
train/hindi/D_image_1856_22.jpg,प्रकाश,hindi
train/hindi/D_image_1856_23.jpg,जावडेकर,hindi
train/hindi/D_image_1856_24.jpg,श्री,hindi
train/hindi/D_image_1856_25.jpg,मनोहर,hindi
train/hindi/D_image_1856_26.jpg,पर्रिकर,hindi
train/hindi/D_image_1856_3.jpg,30 जुलाई ,hindi
train/hindi/D_image_1856_37.jpg,शनिवार,hindi
train/hindi/D_image_1857_1.jpg,समारोह,hindi
train/hindi/D_image_1857_2.jpg,तुर्थ,hindi
train/hindi/D_image_1857_6.jpg,भारतीय,hindi
train/hindi/D_image_1857_7.jpg,प्रौद्योगिकी,hindi
train/hindi/D_image_1857_8.jpg,संस्थान,hindi
train/hindi/D_image_1857_9.jpg,भुवनश्‍वर,hindi
train/hindi/D_image_1862_0.jpg,राज,hindi
train/hindi/D_image_1862_1.jpg,‍री,hindi
train/hindi/D_image_1862_3.jpg,स्वच्छ,hindi
train/hindi/D_image_1862_4.jpg,भारत,hindi
train/hindi/D_image_1862_5.jpg,एक,hindi
train/hindi/D_image_1862_6.jpg,कदम,hindi
train/hindi/D_image_1862_7.jpg,स्वच्छता,hindi
train/hindi/D_image_1862_8.jpg,‍की,hindi
train/hindi/D_image_1862_9.jpg,ओर‍,hindi
train/hindi/D_image_1868_1.jpg,सरकार,hindi
train/hindi/D_image_187_0.jpg,भवन,hindi
train/hindi/D_image_187_1.jpg,वाणिज्य,hindi
train/hindi/D_image_187_2.jpg,द्वारा,hindi
train/hindi/D_image_187_3.jpg,मोदी,hindi
train/hindi/D_image_187_4.jpg,नरेन्द्र,hindi
train/hindi/D_image_187_5.jpg,प्रधानमंत्री,hindi
train/hindi/D_image_187_6.jpg,सत्यमेव,hindi
train/hindi/D_image_187_7.jpg,जयते,hindi
train/hindi/D_image_1870_5.jpg,सर,hindi
train/hindi/D_image_1870_6.jpg,भारत,hindi
train/hindi/D_image_1872_1.jpg,नई,hindi
train/hindi/D_image_1872_2.jpg,रेल,hindi
train/hindi/D_image_1872_3.jpg,राष्ट्रीय‌,hindi
train/hindi/D_image_1872_5.jpg,सत्यान,hindi
train/hindi/D_image_1872_6.jpg,मिशन,hindi
train/hindi/D_image_1874_0.jpg,जयते,hindi
train/hindi/D_image_1874_1.jpg,सत्यमेव,hindi
train/hindi/D_image_1874_10.jpg,आर्थिक,hindi
train/hindi/D_image_1874_11.jpg,संपादकों,hindi
train/hindi/D_image_1874_12.jpg,सम्मलन,hindi
train/hindi/D_image_1874_13.jpg,अक्तूबर,hindi
train/hindi/D_image_1874_6.jpg,२६,hindi
train/hindi/D_image_1874_9.jpg,का‍,hindi
train/hindi/D_image_1875_0.jpg,मुख्यमंत्री,hindi
train/hindi/D_image_1875_1.jpg,माननीय,hindi
train/hindi/D_image_1875_2.jpg,अतिथि,hindi
train/hindi/D_image_1875_3.jpg,मुख्य,hindi
train/hindi/D_image_1875_4.jpg,शुभारम्भ,hindi
train/hindi/D_image_1875_5.jpg,दीक्षित,hindi
train/hindi/D_image_1875_6.jpg,श्रीमती,hindi
train/hindi/D_image_1875_7.jpg,का‍,hindi
train/hindi/D_image_1875_8.jpg,सरकार,hindi
train/hindi/D_image_1876_0.jpg,नीर,hindi
train/hindi/D_image_1876_1.jpg,।शाः,hindi
train/hindi/D_image_1876_10.jpg,एम,hindi
train/hindi/D_image_1876_11.jpg,मंत्री,hindi
train/hindi/D_image_1876_12.jpg,राज्य,hindi
train/hindi/D_image_1876_13.jpg,रेल,hindi
train/hindi/D_image_1876_15.jpg,आयुक्त,hindi
train/hindi/D_image_1876_16.jpg,वित्त,hindi
train/hindi/D_image_1876_17.jpg,रेल,hindi
train/hindi/D_image_1876_18.jpg,मंत्री,hindi
train/hindi/D_image_1876_2.jpg,इंजीनियरी,hindi
train/hindi/D_image_1876_22.jpg,रेल rail,hindi
train/hindi/D_image_1876_3.jpg,सदस्य,hindi
train/hindi/D_image_1876_5.jpg,बोर्ड,hindi
train/hindi/D_image_1876_6.jpg,रेलवे,hindi
train/hindi/D_image_1876_7.jpg,अध्यक्ष,hindi
train/hindi/D_image_1877_1.jpg,मंत्री,hindi
train/hindi/D_image_1877_10.jpg,एम,hindi
train/hindi/D_image_1877_11.jpg,सदस्य,hindi
train/hindi/D_image_1877_12.jpg,बिजली,hindi
train/hindi/D_image_1877_14.jpg,राज्य,hindi
train/hindi/D_image_1877_2.jpg,राज्य,hindi
train/hindi/D_image_1877_3.jpg,रेल,hindi
train/hindi/D_image_1877_4.jpg,रेल,hindi
train/hindi/D_image_1877_5.jpg,रेल,hindi
train/hindi/D_image_1877_6.jpg,मंत्री,hindi
train/hindi/D_image_1877_7.jpg,(बी),hindi
train/hindi/D_image_1877_9.jpg,मंत्री,hindi
train/hindi/D_image_1879_5.jpg,एक्‍सप्रेस,hindi
train/hindi/D_image_1879_6.jpg,दुरन्तो,hindi
train/hindi/D_image_1883_4.jpg,रेलटेल,hindi
train/hindi/D_image_1886_0.jpg,लोकार्पण,hindi
train/hindi/D_image_1886_1.jpg,रेल,hindi
train/hindi/D_image_1886_11.jpg,भारतीय,hindi
train/hindi/D_image_1886_12.jpg,रेल,hindi
train/hindi/D_image_1886_16.jpg,भारतीय,hindi
train/hindi/D_image_1886_17.jpg,रेल,hindi
train/hindi/D_image_1886_4.jpg,रेल,hindi
train/hindi/D_image_1886_5.jpg,भारतीय,hindi
train/hindi/D_image_1891_10.jpg,शिक्षा,hindi
train/hindi/D_image_1891_11.jpg,नीति,hindi
train/hindi/D_image_1891_12.jpg,के‌,hindi
train/hindi/D_image_1891_13.jpg,आयाम,hindi
train/hindi/D_image_1891_8.jpg,भारतीय,hindi
train/hindi/D_image_1891_9.jpg,उच्च,hindi
train/hindi/D_image_19_2.jpg,तुगलकाबाद,hindi
train/hindi/D_image_19_3.jpg,डी,hindi
train/hindi/D_image_19_4.jpg,डब्ल्यू,hindi
train/hindi/D_image_19_5.jpg,पी4बी,hindi
train/hindi/D_image_19_8.jpg,घोक्सडांगा,hindi
train/hindi/D_image_190_10.jpg,कोविड,hindi
train/hindi/D_image_190_2.jpg,केन्द्र,hindi
train/hindi/D_image_190_3.jpg,वैक्सीनेशन,hindi
train/hindi/D_image_190_4.jpg,रेल,hindi
train/hindi/D_image_190_6.jpg,चिकित्सालय,hindi
train/hindi/D_image_190_7.jpg,रेलवे,hindi
train/hindi/D_image_190_8.jpg,उत्तर,hindi
train/hindi/D_image_190_9.jpg,केन्द्रीय,hindi
train/hindi/D_image_1900_0.jpg,ओर,hindi
train/hindi/D_image_1900_1.jpg,की,hindi
train/hindi/D_image_1900_10.jpg,स्वागत,hindi
train/hindi/D_image_1900_11.jpg,है।,hindi
train/hindi/D_image_1900_12.jpg,कूडे,hindi
train/hindi/D_image_1900_13.jpg,वानी,hindi
train/hindi/D_image_1900_2.jpg,स्वच्छता,hindi
train/hindi/D_image_1900_3.jpg,कदम,hindi
train/hindi/D_image_1900_4.jpg,एक,hindi
train/hindi/D_image_1900_5.jpg,भारत,hindi
train/hindi/D_image_1900_6.jpg,स्वच्छ,hindi
train/hindi/D_image_1900_7.jpg,हमसफर,hindi
train/hindi/D_image_1900_8.jpg,में,hindi
train/hindi/D_image_1900_9.jpg,आपका,hindi
train/hindi/D_image_1902_1.jpg,रेल,hindi
train/hindi/D_image_1902_12.jpg,उद्‌घाटन,hindi
train/hindi/D_image_1902_13.jpg,रेल,hindi
train/hindi/D_image_1902_14.jpg,गीत,hindi
train/hindi/D_image_1902_18.jpg,भारतीय,hindi
train/hindi/D_image_1902_19.jpg,रेल,hindi
train/hindi/D_image_1902_2.jpg,लोकार्पण,hindi
train/hindi/D_image_1902_22.jpg,शुभारम्भ,hindi
train/hindi/D_image_1902_3.jpg,गीत,hindi
train/hindi/D_image_1902_4.jpg,रेल,hindi
train/hindi/D_image_1902_8.jpg,६६९९,hindi
train/hindi/D_image_1906_2.jpg,ब्यूरो,hindi
train/hindi/D_image_1906_3.jpg,पर्यटक,hindi
train/hindi/D_image_1909_2.jpg,रेल,hindi
train/hindi/D_image_1909_3.jpg,भारतीय,hindi
train/hindi/D_image_1919_0.jpg,पी,hindi
train/hindi/D_image_1919_1.jpg,गडकरी,hindi
train/hindi/D_image_1919_10.jpg,बी,hindi
train/hindi/D_image_1919_11.jpg,बी,hindi
train/hindi/D_image_1919_12.jpg,कष्णपाल,hindi
train/hindi/D_image_1919_13.jpg,पी,hindi
train/hindi/D_image_1919_2.jpg,नितिन,hindi
train/hindi/D_image_1919_3.jpg,कुशवाहा,hindi
train/hindi/D_image_1919_4.jpg,उपेन्द्र,hindi
train/hindi/D_image_1919_5.jpg,आई,hindi
train/hindi/D_image_1919_6.jpg,पी,hindi
train/hindi/D_image_1919_7.jpg,पी,hindi
train/hindi/D_image_1919_9.jpg,आईं,hindi
train/hindi/D_image_1920_10.jpg,मंत्रालय,hindi
train/hindi/D_image_1920_8.jpg,पोत,hindi
train/hindi/D_image_1920_9.jpg,परिवहन,hindi
train/hindi/D_image_1940_0.jpg,ल्ली,hindi
train/hindi/D_image_1940_11.jpg,दिसम्बर,hindi
train/hindi/D_image_1940_5.jpg,सुरक्षा,hindi
train/hindi/D_image_1940_6.jpg,विधायन,hindi
train/hindi/D_image_1940_7.jpg,दृढ़ीकरण,hindi
train/hindi/D_image_1940_8.jpg,संबंधी,hindi
train/hindi/D_image_1940_9.jpg,जीवन,hindi
train/hindi/D_image_1946_0.jpg,कार्यालय,hindi
train/hindi/D_image_1946_1.jpg,सूचना,hindi
train/hindi/D_image_1946_10.jpg,कें,hindi
train/hindi/D_image_1946_11.jpg,अमरजीत,hindi
train/hindi/D_image_1946_12.jpg,सिन्‍हा,hindi
train/hindi/D_image_1946_13.jpg,नरेन्द्र,hindi
train/hindi/D_image_1946_14.jpg,सिह,hindi
train/hindi/D_image_1946_15.jpg,तोमर,hindi
train/hindi/D_image_1946_16.jpg,सितांशु,hindi
train/hindi/D_image_1946_17.jpg,कार‍,hindi
train/hindi/D_image_1946_2.jpg,पत्र,hindi
train/hindi/D_image_1946_3.jpg,ज य ते,hindi
train/hindi/D_image_1946_4.jpg,सत्यमेव,hindi
train/hindi/D_image_1946_5.jpg,दिल्‍ली,hindi
train/hindi/D_image_1946_6.jpg,मीडिया,hindi
train/hindi/D_image_1946_7.jpg,बी,hindi
train/hindi/D_image_1949_14.jpg,नवम्बर,hindi
train/hindi/D_image_1949_5.jpg,का,hindi
train/hindi/D_image_1949_6.jpg,सम्पादकों,hindi
train/hindi/D_image_1949_7.jpg,र्थिक,hindi
train/hindi/D_image_1949_8.jpg,स,hindi
train/hindi/D_image_195_1.jpg,चाकुलि,hindi
train/hindi/D_image_1952_0.jpg,जयते,hindi
train/hindi/D_image_1952_1.jpg,सत्यमेव,hindi
train/hindi/D_image_196_1.jpg,चन्दनपहाड़ी,hindi
train/hindi/D_image_1960_0.jpg,राज,hindi
train/hindi/D_image_1960_1.jpg,पंचायती,hindi
train/hindi/D_image_1960_2.jpg,राष्ट्रीय,hindi
train/hindi/D_image_1960_3.jpg,सरकार,hindi
train/hindi/D_image_1960_4.jpg,भारत,hindi
train/hindi/D_image_1960_5.jpg,मंत्रालय,hindi
train/hindi/D_image_1960_6.jpg,राज,hindi
train/hindi/D_image_1960_7.jpg,पंचायती,hindi
train/hindi/D_image_1960_8.jpg,सत्यमेव,hindi
train/hindi/D_image_1960_9.jpg,जयते,hindi
train/hindi/D_image_1964_3.jpg,विजेता,hindi
train/hindi/D_image_1965_0.jpg,विजेता3,hindi
train/hindi/D_image_1965_4.jpg,के‌,hindi
train/hindi/D_image_1970_0.jpg,प्रात,hindi
train/hindi/D_image_1970_10.jpg,का‍,hindi
train/hindi/D_image_1970_11.jpg,"भिवाड़ी,",hindi
train/hindi/D_image_1970_12.jpg,ईएसआईसी,hindi
train/hindi/D_image_1970_13.jpg,सामाजिक,hindi
train/hindi/D_image_1970_14.jpg,सुरक्षा,hindi
train/hindi/D_image_1970_2.jpg,जुलाई,hindi
train/hindi/D_image_1970_4.jpg,अस्पताल,hindi
train/hindi/D_image_1970_5.jpg,ईएसआई,hindi
train/hindi/D_image_1970_6.jpg,चिन्ता,hindi
train/hindi/D_image_1970_7.jpg,सॆ,hindi
train/hindi/D_image_1970_8.jpg,मुक्ति,hindi
train/hindi/D_image_1970_9.jpg,शिलान्,hindi
train/hindi/D_image_1971_4.jpg,मारत,hindi
train/hindi/D_image_1973_0.jpg,सम्मेलन,hindi
train/hindi/D_image_1973_3.jpg,आर्थिक,hindi
train/hindi/D_image_1973_4.jpg,सम्पादकों,hindi
train/hindi/D_image_1973_5.jpg,का,hindi
train/hindi/D_image_1977_1.jpg,दर्डा,hindi
train/hindi/D_image_1977_10.jpg,समाचार,hindi
train/hindi/D_image_1977_11.jpg,भारत,hindi
train/hindi/D_image_1977_12.jpg,जवाहरलाल,hindi
train/hindi/D_image_1977_4.jpg,लोकमत,hindi
train/hindi/D_image_1977_9.jpg,मत,hindi
train/hindi/D_image_1979_1.jpg,सितम्बर,hindi
train/hindi/D_image_1979_10.jpg,संसाधन,hindi
train/hindi/D_image_1979_11.jpg,मानव,hindi
train/hindi/D_image_1979_12.jpg,विभाग,hindi
train/hindi/D_image_1979_13.jpg,साक्षरता,hindi
train/hindi/D_image_1979_14.jpg,और,hindi
train/hindi/D_image_1979_15.jpg,शिक्षा,hindi
train/hindi/D_image_1979_16.jpg,स्कूल,hindi
train/hindi/D_image_1979_17.jpg,प्राधिकरण,hindi
train/hindi/D_image_1979_18.jpg,मिशन,hindi
train/hindi/D_image_1979_19.jpg,साक्षरता,hindi
train/hindi/D_image_1979_20.jpg,राष्ट्रीय,hindi
train/hindi/D_image_1979_23.jpg,भारत,hindi
train/hindi/D_image_1979_24.jpg,साक्षर,hindi
train/hindi/D_image_1979_25.jpg,जयते,hindi
train/hindi/D_image_1979_26.jpg,सत्यमेव,hindi
train/hindi/D_image_1979_3.jpg,दिवस,hindi
train/hindi/D_image_1979_4.jpg,साक्षरता,hindi
train/hindi/D_image_1979_5.jpg,अंतरराष्ट्रीय,hindi
train/hindi/D_image_1979_6.jpg,सरकार,hindi
train/hindi/D_image_1979_7.jpg,भारत,hindi
train/hindi/D_image_1979_8.jpg,मंत्रालय,hindi
train/hindi/D_image_1979_9.jpg,विकास,hindi
train/hindi/D_image_199_0.jpg,पी॰एन॰दुबे,hindi
train/hindi/D_image_199_1.jpg,श्री,hindi
train/hindi/D_image_199_10.jpg,रॉँची,hindi
train/hindi/D_image_199_11.jpg,श्री,hindi
train/hindi/D_image_199_12.jpg,दिनेश्‍वर,hindi
train/hindi/D_image_199_13.jpg,पाण्डे,hindi
train/hindi/D_image_199_14.jpg,बद्री़,hindi
train/hindi/D_image_199_15.jpg,चोेबे,hindi
train/hindi/D_image_199_2.jpg,सहयोगकर्त्ता,hindi
train/hindi/D_image_199_3.jpg,आजाद,hindi
train/hindi/D_image_199_4.jpg,चन्द्रशेखर,hindi
train/hindi/D_image_199_5.jpg,क्रांतिकारी,hindi
train/hindi/D_image_199_6.jpg,जय,hindi
train/hindi/D_image_199_7.jpg,हिन्द,hindi
train/hindi/D_image_199_8.jpg,चौक,hindi
train/hindi/D_image_199_9.jpg,अधिवक्ता,hindi
train/hindi/D_image_2_10.jpg,दिल्ली,hindi
train/hindi/D_image_2_11.jpg,सराय,hindi
train/hindi/D_image_2_12.jpg,रौहिल्ला,hindi
train/hindi/D_image_2_4.jpg,ऊँचाई,hindi
train/hindi/D_image_2_5.jpg,से‍,hindi
train/hindi/D_image_2_6.jpg,तल‍,hindi
train/hindi/D_image_2_7.jpg,समुद्र,hindi
train/hindi/D_image_2_9.jpg,मी.,hindi
train/hindi/D_image_200_0.jpg,शक्‍ति,hindi
train/hindi/D_image_200_1.jpg,टाटा,hindi
train/hindi/D_image_200_10.jpg,इस्टेट,hindi
train/hindi/D_image_200_12.jpg,बैंक,hindi
train/hindi/D_image_200_13.jpg,ऑफ़,hindi
train/hindi/D_image_200_14.jpg,इंडिया,hindi
train/hindi/D_image_200_15.jpg,के,hindi
train/hindi/D_image_200_16.jpg,आई.,hindi
train/hindi/D_image_200_9.jpg,शाखा,hindi
train/hindi/D_image_2008_4.jpg,लोकमत,hindi
train/hindi/D_image_2008_5.jpg,लोक,hindi
train/hindi/D_image_2010_0.jpg,प्रभाकर,hindi
train/hindi/D_image_2010_1.jpg,मिश्र,hindi
train/hindi/D_image_2010_2.jpg,कन्हैयालाल,hindi
train/hindi/D_image_2010_3.jpg,डा॰,hindi
train/hindi/D_image_2010_4.jpg,श्री,hindi
train/hindi/D_image_2010_5.jpg,पद्म,hindi
train/hindi/D_image_2011_0.jpg,जागरण,hindi
train/hindi/D_image_2011_1.jpg,दैनिक,hindi
train/hindi/D_image_2011_10.jpg,नए,hindi
train/hindi/D_image_2011_2.jpg,में,hindi
train/hindi/D_image_2011_3.jpg,स्मृति,hindi
train/hindi/D_image_2011_4.jpg,केे,hindi
train/hindi/D_image_2011_5.jpg,प्रधान,hindi
train/hindi/D_image_2011_6.jpg,दैनिक,hindi
train/hindi/D_image_2011_7.jpg,जागरण,hindi
train/hindi/D_image_2011_8.jpg,पूर्व,hindi
train/hindi/D_image_2011_9.jpg,संपाद,hindi
train/hindi/D_image_2014_0.jpg,समारोह,hindi
train/hindi/D_image_2014_1.jpg,अभिनंदन,hindi
train/hindi/D_image_2014_2.jpg,सम्मान,hindi
train/hindi/D_image_2014_3.jpg,गुरु,hindi
train/hindi/D_image_2014_4.jpg,संकल्प,hindi
train/hindi/D_image_2014_5.jpg,वि.सं,hindi
train/hindi/D_image_2014_6.jpg,षाढ़,hindi
train/hindi/D_image_2014_7.jpg,जुलाई,hindi
train/hindi/D_image_2014_8.jpg,शक्ल,hindi
train/hindi/D_image_2016_10.jpg,क्लब,hindi
train/hindi/D_image_2016_11.jpg,सचिवालय,hindi
train/hindi/D_image_2016_12.jpg,सभा,hindi
train/hindi/D_image_2016_13.jpg,राज्य,hindi
train/hindi/D_image_2016_14.jpg,संसद,hindi
train/hindi/D_image_2016_3.jpg,सभा,hindi
train/hindi/D_image_2016_4.jpg,राज्य,hindi
train/hindi/D_image_2016_5.jpg,भारतीय,hindi
train/hindi/D_image_2017_5.jpg,सभा,hindi
train/hindi/D_image_2017_6.jpg,राज्य,hindi
train/hindi/D_image_2017_7.jpg,संसद,hindi
train/hindi/D_image_2017_8.jpg,भारतीय,hindi
train/hindi/D_image_202_0.jpg,सहभागिता,hindi
train/hindi/D_image_202_1.jpg,हेतु,hindi
train/hindi/D_image_202_10.jpg,है,hindi
train/hindi/D_image_202_11.jpg,अधिकार,hindi
train/hindi/D_image_202_12.jpg,मतदान,hindi
train/hindi/D_image_202_13.jpg,चुनाव,hindi
train/hindi/D_image_202_14.jpg,लोकसभा,hindi
train/hindi/D_image_202_16.jpg,आपका,hindi
train/hindi/D_image_202_17.jpg,हमारा,hindi
train/hindi/D_image_202_18.jpg,संकल्प,hindi
train/hindi/D_image_202_19.jpg,मतदान,hindi
train/hindi/D_image_202_2.jpg,आयोग,hindi
train/hindi/D_image_202_20.jpg,मुख्‍य,hindi
train/hindi/D_image_202_21.jpg,निर्वाचन,hindi
train/hindi/D_image_202_22.jpg,पदाधिकारी,hindi
train/hindi/D_image_202_23.jpg,झारखण्ड,hindi
train/hindi/D_image_202_24.jpg,द्वारा,hindi
train/hindi/D_image_202_26.jpg,निर्वाचन,hindi
train/hindi/D_image_202_27.jpg,प्रजातत्र,hindi
train/hindi/D_image_202_3.jpg,जारी।,hindi
train/hindi/D_image_202_4.jpg,में,hindi
train/hindi/D_image_202_5.jpg,जनहित,hindi
train/hindi/D_image_202_6.jpg,शतप्रतिशत,hindi
train/hindi/D_image_202_7.jpg,करें,hindi
train/hindi/D_image_202_8.jpg,अवश्य,hindi
train/hindi/D_image_202_9.jpg,मतदान,hindi
train/hindi/D_image_2020_12.jpg,बिल्डब्लोक,hindi
train/hindi/D_image_2020_13.jpg,एकरनी,hindi
train/hindi/D_image_2020_14.jpg,बिल्डब्लोक,hindi
train/hindi/D_image_2020_15.jpg,सकरनी,hindi
train/hindi/D_image_2020_16.jpg,एकरनी,hindi
train/hindi/D_image_2020_17.jpg,एकरनी,hindi
train/hindi/D_image_2020_3.jpg,वातानकुलित,hindi
train/hindi/D_image_2020_4.jpg,डेकर,hindi
train/hindi/D_image_2020_5.jpg,डबल,hindi
train/hindi/D_image_2020_6.jpg,कुर्सी,hindi
train/hindi/D_image_2020_7.jpg,वातानुकूलित,hindi
train/hindi/D_image_2020_8.jpg,डेकर,hindi
train/hindi/D_image_2020_9.jpg,डबल,hindi
train/hindi/D_image_2024_0.jpg,के लिए,hindi
train/hindi/D_image_2024_10.jpg,ग्राम,hindi
train/hindi/D_image_2024_11.jpg,पंचायत,hindi
train/hindi/D_image_2024_12.jpg,बोपल,hindi
train/hindi/D_image_2024_13.jpg,तिथि,hindi
train/hindi/D_image_2024_14.jpg,काग,hindi
train/hindi/D_image_2024_15.jpg,मंत्रालय,hindi
train/hindi/D_image_2024_2.jpg,राज,hindi
train/hindi/D_image_2024_3.jpg,पंचायती,hindi
train/hindi/D_image_2024_4.jpg,जारी,hindi
train/hindi/D_image_2024_5.jpg,सूची,hindi
train/hindi/D_image_2024_6.jpg,कार्य,hindi
train/hindi/D_image_2024_7.jpg,पंचायत,hindi
train/hindi/D_image_2024_8.jpg,ग्राम,hindi
train/hindi/D_image_2024_9.jpg,कार्यालय,hindi
train/hindi/D_image_2025_0.jpg,मंत्रालय,hindi
train/hindi/D_image_2025_1.jpg,राज,hindi
train/hindi/D_image_2025_2.jpg,पंचायती,hindi
train/hindi/D_image_2025_3.jpg,परिषद्,hindi
train/hindi/D_image_2025_4.jpg,जिला,hindi
train/hindi/D_image_2026_0.jpg,मंत्रालय,hindi
train/hindi/D_image_2026_1.jpg,राजमार्ग,hindi
train/hindi/D_image_2026_2.jpg,और‍,hindi
train/hindi/D_image_2026_3.jpg,परिवहन,hindi
train/hindi/D_image_2026_4.jpg,सडक,hindi
train/hindi/D_image_2026_5.jpg,जहाजरानी,hindi
train/hindi/D_image_203_1.jpg,चौबुर्जी,hindi
train/hindi/D_image_2032_0.jpg,प्रतिमा,hindi
train/hindi/D_image_2032_1.jpg,क‍ी,hindi
train/hindi/D_image_2032_2.jpg,पैर,hindi
train/hindi/D_image_2032_3.jpg,तीन,hindi
train/hindi/D_image_2034_2.jpg,बॉर्डर,hindi
train/hindi/D_image_2034_3.jpg,टीकरी,hindi
train/hindi/D_image_2037_0.jpg,स्‍टेट,hindi
train/hindi/D_image_2037_1.jpg,टो,hindi
train/hindi/D_image_2038_2.jpg,हजारी,hindi
train/hindi/D_image_2038_3.jpg,तीस,hindi
train/hindi/D_image_2039_8.jpg,तीस,hindi
train/hindi/D_image_2039_9.jpg,हजारी,hindi
train/hindi/D_image_204_1.jpg,चौबुर्जी,hindi
train/hindi/D_image_2042_0.jpg,गृह,hindi
train/hindi/D_image_2042_1.jpg,गृह,hindi
train/hindi/D_image_2042_2.jpg,गृ,hindi
train/hindi/D_image_2042_3.jpg,लक्ष्,hindi
train/hindi/D_image_2043_10.jpg,रामफल,hindi
train/hindi/D_image_2043_11.jpg,मन्र्दीर,hindi
train/hindi/D_image_2043_12.jpg,वन,hindi
train/hindi/D_image_2043_3.jpg,दिल्ली,hindi
train/hindi/D_image_2043_4.jpg,नई,hindi
train/hindi/D_image_2043_5.jpg,श्री,hindi
train/hindi/D_image_2043_6.jpg,श्री,hindi
train/hindi/D_image_2043_8.jpg,लकेश,hindi
train/hindi/D_image_2043_9.jpg,श्री,hindi
train/hindi/D_image_2046_1.jpg,जनजातीय,hindi
train/hindi/D_image_2046_2.jpg,उत्सव,hindi
train/hindi/D_image_2046_5.jpg,वनज,hindi
train/hindi/D_image_2047_2.jpg,वनज,hindi
train/hindi/D_image_2050_2.jpg,राष्ट्रीय,hindi
train/hindi/D_image_2050_3.jpg,जनजातीय,hindi
train/hindi/D_image_2050_4.jpg,उत्सव,hindi
train/hindi/D_image_2051_1.jpg,जनजातीय,hindi
train/hindi/D_image_2051_2.jpg,राष्ट्रीय,hindi
train/hindi/D_image_2052_3.jpg,जयते,hindi
train/hindi/D_image_2052_4.jpg,सत्यमेव,hindi
train/hindi/D_image_2052_6.jpg,वनज,hindi
train/hindi/D_image_2055_5.jpg,राष्ट्रीय,hindi
train/hindi/D_image_2055_6.jpg,जनजातीय,hindi
train/hindi/D_image_2055_7.jpg,उत्सव,hindi
train/hindi/D_image_2055_9.jpg,वनज,hindi
train/hindi/D_image_2059_2.jpg,स्टेशन,hindi
train/hindi/D_image_2059_3.jpg,तुगलकाबाद,hindi
train/hindi/D_image_206_1.jpg,घाट,hindi
train/hindi/D_image_206_2.jpg,चौकी,hindi
train/hindi/D_image_2060_14.jpg,तुलिप,hindi
train/hindi/D_image_2060_15.jpg,टेलिकॉम,hindi
train/hindi/D_image_2060_16.jpg,लि.,hindi
train/hindi/D_image_2061_11.jpg,दिल्ली,hindi
train/hindi/D_image_2061_13.jpg,।।।,hindi
train/hindi/D_image_2061_8.jpg,नई,hindi
train/hindi/D_image_2061_9.jpg,मार्च,hindi
train/hindi/D_image_2062_3.jpg,पहले,hindi
train/hindi/D_image_2062_4.jpg,सबसे,hindi
train/hindi/D_image_2062_5.jpg,खबर,hindi
train/hindi/D_image_2062_6.jpg,नीवार्ता,hindi
train/hindi/D_image_2064_1.jpg,फाउंडेशन,hindi
train/hindi/D_image_2064_2.jpg,५६८५,hindi
train/hindi/D_image_2064_4.jpg,उदय,hindi
train/hindi/D_image_2066_0.jpg,उद्योग,hindi
train/hindi/D_image_2066_1.jpg,नगर,hindi
train/hindi/D_image_2068_1.jpg,उग्रसेन,hindi
train/hindi/D_image_2068_2.jpg,बावली,hindi
train/hindi/D_image_2068_3.jpg,की,hindi
train/hindi/D_image_207_14.jpg,चित्रित,hindi
train/hindi/D_image_207_15.jpg,हाथीदांत,hindi
train/hindi/D_image_207_16.jpg,कपड़ा,hindi
train/hindi/D_image_207_17.jpg,परवती,hindi
train/hindi/D_image_207_18.jpg,मोहरे,hindi
train/hindi/D_image_207_24.jpg,मिनटों,hindi
train/hindi/D_image_207_25.jpg,में,hindi
train/hindi/D_image_207_26.jpg,संग्रहालय,hindi
train/hindi/D_image_207_27.jpg,‍की,hindi
train/hindi/D_image_207_28.jpg,सैर,hindi
train/hindi/D_image_207_30.jpg,खानो,hindi
train/hindi/D_image_207_31.jpg,वाला,hindi
train/hindi/D_image_207_32.jpg,जैन,hindi
train/hindi/D_image_207_33.jpg,ज्ञान,hindi
train/hindi/D_image_207_34.jpg,चौपड़,hindi
train/hindi/D_image_207_35.jpg,एवं,hindi
train/hindi/D_image_207_38.jpg,शताब्दी,hindi
train/hindi/D_image_207_39.jpg,अवाप्‍ति,hindi
train/hindi/D_image_2070_2.jpg,उत्तरसंडा,hindi
train/hindi/D_image_2072_1.jpg,पूर्व,hindi
train/hindi/D_image_2072_2.jpg,नगर,hindi
train/hindi/D_image_2072_3.jpg,उत्तम,hindi
train/hindi/D_image_2073_3.jpg,पश्चिम,hindi
train/hindi/D_image_2073_4.jpg,नगर,hindi
train/hindi/D_image_2073_5.jpg,उत्तम,hindi
train/hindi/D_image_2073_6.jpg,थूकता,hindi
train/hindi/D_image_2073_8.jpg,है,hindi
train/hindi/D_image_2074_4.jpg,पश्चिम,hindi
train/hindi/D_image_2074_5.jpg,नगर,hindi
train/hindi/D_image_2074_6.jpg,उत्तम,hindi
train/hindi/D_image_2075_10.jpg,उत्‍तरांचल,hindi
train/hindi/D_image_2075_12.jpg,दिल्ली,hindi
train/hindi/D_image_2075_14.jpg,सामान,hindi
train/hindi/D_image_2075_16.jpg,काठगोदाम,hindi
train/hindi/D_image_2075_17.jpg,दिल्ली,hindi
train/hindi/D_image_2075_2.jpg,काठगोदाम,hindi
train/hindi/D_image_2075_20.jpg,आपातकालीन,hindi
train/hindi/D_image_2075_21.jpg,खिड़की,hindi
train/hindi/D_image_2075_7.jpg,एक्सप्रेस,hindi
train/hindi/D_image_2075_8.jpg,क्रांति,hindi
train/hindi/D_image_2075_9.jpg,संपर्क,hindi
train/hindi/D_image_2076_0.jpg,आयोजि,hindi
train/hindi/D_image_2076_1.jpg,पर,hindi
train/hindi/D_image_2078_13.jpg,दिवस्,hindi
train/hindi/D_image_2078_14.jpg,दिल्ली,hindi
train/hindi/D_image_2078_6.jpg,नई,hindi
train/hindi/D_image_2078_7.jpg,राज,hindi
train/hindi/D_image_208_2.jpg,घाट,hindi
train/hindi/D_image_208_3.jpg,चौसट्टी,hindi
train/hindi/D_image_2081_0.jpg,जनजातीय,hindi
train/hindi/D_image_2081_2.jpg,उत्सव,hindi
train/hindi/D_image_2081_3.jpg,राष्ट्रीय,hindi
train/hindi/D_image_2081_9.jpg,वनज,hindi
train/hindi/D_image_2082_10.jpg,जनजातीय,hindi
train/hindi/D_image_2082_2.jpg,वनज,hindi
train/hindi/D_image_2082_3.jpg,उत्सव,hindi
train/hindi/D_image_2082_9.jpg,राष्ट्रीय,hindi
train/hindi/D_image_2084_0.jpg,वनज,hindi
train/hindi/D_image_2084_2.jpg,वनज,hindi
train/hindi/D_image_2084_3.jpg,उत्सव,hindi
train/hindi/D_image_2084_4.jpg,जनजातीय,hindi
train/hindi/D_image_2084_8.jpg,राष्ट्रीय,hindi
train/hindi/D_image_2085_10.jpg,वनज,hindi
train/hindi/D_image_2086_13.jpg,१८,hindi
train/hindi/D_image_2086_16.jpg,वनज,hindi
train/hindi/D_image_2086_5.jpg,उत्सव,hindi
train/hindi/D_image_2086_6.jpg,जनजातीय,hindi
train/hindi/D_image_2086_7.jpg,राष्ट्रीय,hindi
train/hindi/D_image_2088_10.jpg,इंडा।१४।।,hindi
train/hindi/D_image_2088_11.jpg,राष्ट्रीय,hindi
train/hindi/D_image_2088_12.jpg,जनजातीय,hindi
train/hindi/D_image_2088_13.jpg,उत्सव,hindi
train/hindi/D_image_2088_6.jpg,वनज,hindi
train/hindi/D_image_209_2.jpg,बाजार,hindi
train/hindi/D_image_209_3.jpg,चावड़ी,hindi
train/hindi/D_image_2091_26.jpg,नाम,hindi
train/hindi/D_image_2091_27.jpg,महीमदिति,hindi
train/hindi/D_image_2091_29.jpg,स्वस्तये,hindi
train/hindi/D_image_2091_30.jpg,अस्त्रवन्तीमा,hindi
train/hindi/D_image_2091_31.jpg,स्वरित्रामनागसो,hindi
train/hindi/D_image_2091_33.jpg,देवी,hindi
train/hindi/D_image_2091_34.jpg,सुप्रणोतिभू,hindi
train/hindi/D_image_2091_35.jpg,शर्माणर्मादतिं,hindi
train/hindi/D_image_2091_36.jpg,मु,hindi
train/hindi/D_image_2091_37.jpg,रामणिमदिर्तिम्,hindi
train/hindi/D_image_2091_38.jpg,मु,hindi
train/hindi/D_image_2091_40.jpg,तिमिदितर्जनित्वम्‌,hindi
train/hindi/D_image_2091_43.jpg,मार्ग,hindi
train/hindi/D_image_2091_44.jpg,निकास,hindi
train/hindi/D_image_2091_45.jpg,शंनोवरुणः,hindi
train/hindi/D_image_2091_47.jpg,ग्नि,hindi
train/hindi/D_image_2091_48.jpg,अदितिर्द्यी,hindi
train/hindi/D_image_2091_49.jpg,रवितिरन्ततिश्रम,hindi
train/hindi/D_image_2091_50.jpg,दितिर्माता,hindi
train/hindi/D_image_2091_51.jpg,पिता,hindi
train/hindi/D_image_2091_52.jpg,स,hindi
train/hindi/D_image_2091_53.jpg,पुत्रैः,hindi
train/hindi/D_image_2091_54.jpg,विश्वे,hindi
train/hindi/D_image_2091_55.jpg,देवा,hindi
train/hindi/D_image_2091_56.jpg,अदितिः,hindi
train/hindi/D_image_2091_58.jpg,अदितिज,hindi
train/hindi/D_image_2091_59.jpg,महिम,hindi
train/hindi/D_image_2091_60.jpg,च़्र्,hindi
train/hindi/D_image_2091_61.jpg,मातरंं,hindi
train/hindi/D_image_2091_63.jpg,हम,hindi
train/hindi/D_image_2091_64.jpg,महे,hindi
train/hindi/D_image_2091_66.jpg,सत्रामाणं,hindi
train/hindi/D_image_2091_68.jpg,द्यामनेहमं,hindi
train/hindi/D_image_2091_71.jpg,मु,hindi
train/hindi/D_image_2091_72.jpg,प्रसवे,hindi
train/hindi/D_image_2091_73.jpg,बचसा,hindi
train/hindi/D_image_2091_74.jpg,करामहे,hindi
train/hindi/D_image_2091_75.jpg,गस्या,hindi
train/hindi/D_image_2091_76.jpg,उपस्थ,hindi
train/hindi/D_image_2091_77.jpg,अन्तरिक्ष,hindi
train/hindi/D_image_2091_78.jpg,मा,hindi
train/hindi/D_image_2091_79.jpg,शर्म,hindi
train/hindi/D_image_2091_82.jpg,पच्छात्‌।,hindi
train/hindi/D_image_2092_1.jpg,शंकर,hindi
train/hindi/D_image_2092_4.jpg,विहार,hindi
train/hindi/D_image_2092_5.jpg,वसंत,hindi
train/hindi/D_image_2092_6.jpg,मुनिरका,hindi
train/hindi/D_image_2092_7.jpg,विहार,hindi
train/hindi/D_image_2093_0.jpg,ऋषि,hindi
train/hindi/D_image_2093_1.jpg,वशिष्ठ,hindi
train/hindi/D_image_2093_2.jpg,वशिष्ठ,hindi
train/hindi/D_image_2094_2.jpg,सभा,hindi
train/hindi/D_image_2094_3.jpg,विधान,hindi
train/hindi/D_image_2095_7.jpg,छात्रावास,hindi
train/hindi/D_image_2095_8.jpg,विद्यासागर,hindi
train/hindi/D_image_2096_2.jpg,ओर‍,hindi
train/hindi/D_image_2096_3.jpg,सेंटर,hindi
train/hindi/D_image_2096_4.jpg,सिटी,hindi
train/hindi/D_image_2096_5.jpg,एडा,hindi
train/hindi/D_image_2096_6.jpg,‍की,hindi
train/hindi/D_image_2097_10.jpg,उचित,hindi
train/hindi/D_image_2097_11.jpg,पान,hindi
train/hindi/D_image_2097_12.jpg,खान,hindi
train/hindi/D_image_2097_13.jpg,दर,hindi
train/hindi/D_image_2097_17.jpg,वेज,hindi
train/hindi/D_image_2097_18.jpg,नौन,hindi
train/hindi/D_image_2097_19.jpg,एण्ड,hindi
train/hindi/D_image_2097_2.jpg,स्टेशन,hindi
train/hindi/D_image_2097_20.jpg,वेज,hindi
train/hindi/D_image_2097_21.jpg,भाेजनालय,hindi
train/hindi/D_image_2097_22.jpg,वेज,hindi
train/hindi/D_image_2097_23.jpg,बॉन,hindi
train/hindi/D_image_2097_24.jpg,एण्ड,hindi
train/hindi/D_image_2097_27.jpg,भोजनालय,hindi
train/hindi/D_image_2097_3.jpg,दिल्ली,hindi
train/hindi/D_image_2097_32.jpg,उचित,hindi
train/hindi/D_image_2097_33.jpg,सेवा,hindi
train/hindi/D_image_2097_34.jpg,दर्,hindi
train/hindi/D_image_2097_35.jpg,सेवा,hindi
train/hindi/D_image_2097_36.jpg,मस्टर्ड्‌स,hindi
train/hindi/D_image_2097_37.jpg,रेलवे,hindi
train/hindi/D_image_2097_38.jpg,बाहर,hindi
train/hindi/D_image_2097_39.jpg,सारथी,hindi
train/hindi/D_image_2097_4.jpg,नई,hindi
train/hindi/D_image_2097_5.jpg,पुलिस,hindi
train/hindi/D_image_2097_6.jpg,रेलवे,hindi
train/hindi/D_image_2097_7.jpg,राजकीय,hindi
train/hindi/D_image_2097_9.jpg,खान-पान,hindi
train/hindi/D_image_210_11.jpg,का,hindi
train/hindi/D_image_210_14.jpg,दवाईयाँ,hindi
train/hindi/D_image_210_15.jpg,रेडिमेड,hindi
train/hindi/D_image_210_16.jpg,आधुनिक,hindi
train/hindi/D_image_210_17.jpg,एंव,hindi
train/hindi/D_image_210_18.jpg,बयालिटी,hindi
train/hindi/D_image_210_19.jpg,सन्‍स,hindi
train/hindi/D_image_210_20.jpg,हीरा,hindi
train/hindi/D_image_210_21.jpg,वस्त्रों,hindi
train/hindi/D_image_210_22.jpg,व,hindi
train/hindi/D_image_210_23.jpg,वूलन,hindi
train/hindi/D_image_210_24.jpg,गारमेंटस,hindi
train/hindi/D_image_210_25.jpg,के,hindi
train/hindi/D_image_210_26.jpg,विक्रेता,hindi
train/hindi/D_image_210_28.jpg,दवाईयाँ,hindi
train/hindi/D_image_210_31.jpg,को,hindi
train/hindi/D_image_210_34.jpg,डायानाईटल,hindi
train/hindi/D_image_210_35.jpg,कैप्सूल,hindi
train/hindi/D_image_210_37.jpg,प्राविकार,hindi
train/hindi/D_image_210_40.jpg,दवाईयाँ,hindi
train/hindi/D_image_210_6.jpg,लिए,hindi
train/hindi/D_image_210_7.jpg,के,hindi
train/hindi/D_image_210_8.jpg,करने,hindi
train/hindi/D_image_210_9.jpg,स्थल,hindi
train/hindi/D_image_2101_1.jpg,विक्रमशिला,hindi
train/hindi/D_image_2104_0.jpg,लोकार्पण,hindi
train/hindi/D_image_2104_1.jpg,शॉप,hindi
train/hindi/D_image_2104_2.jpg,टैंक,hindi
train/hindi/D_image_2104_3.jpg,एवं,hindi
train/hindi/D_image_2104_4.jpg,कोर,hindi
train/hindi/D_image_2104_6.jpg,बे,hindi
train/hindi/D_image_2104_7.jpg,ब्लॉक,hindi
train/hindi/D_image_2104_8.jpg,ट्रांसफार्मर,hindi
train/hindi/D_image_2104_9.jpg,बीएचईएल,hindi
train/hindi/D_image_2105_1.jpg,विनोबापुरी,hindi
train/hindi/D_image_2105_3.jpg,विनोबापुरी,hindi
train/hindi/D_image_2108_10.jpg,नई,hindi
train/hindi/D_image_2108_13.jpg,दिल्ली,hindi
train/hindi/D_image_2108_18.jpg,२५६०६२,hindi
train/hindi/D_image_2108_19.jpg,मी.,hindi
train/hindi/D_image_2108_21.jpg,गाज़ियाबाद,hindi
train/hindi/D_image_2108_22.jpg,सामान,hindi
train/hindi/D_image_2108_23.jpg,बैंक,hindi
train/hindi/D_image_2108_24.jpg,और,hindi
train/hindi/D_image_2108_25.jpg,जनरेटर,hindi
train/hindi/D_image_2108_6.jpg,ऊचॉई,hindi
train/hindi/D_image_2108_7.jpg,सेे,hindi
train/hindi/D_image_2108_8.jpg,तल‍,hindi
train/hindi/D_image_2108_9.jpg,समुद्र,hindi
train/hindi/D_image_2109_1.jpg,काचीगुडा,hindi
train/hindi/D_image_2109_15.jpg,श्रेणी,hindi
train/hindi/D_image_2109_16.jpg,द्वितीय,hindi
train/hindi/D_image_2109_18.jpg,पी,hindi
train/hindi/D_image_2109_8.jpg,ए,hindi
train/hindi/D_image_2109_9.jpg,डब्ल्यू,hindi
train/hindi/D_image_211_10.jpg,आपातकालीन,hindi
train/hindi/D_image_211_11.jpg,खिड़की,hindi
train/hindi/D_image_2110_0.jpg,ल,hindi
train/hindi/D_image_2110_10.jpg,डब्ल्यू,hindi
train/hindi/D_image_2110_11.jpg,डी,hindi
train/hindi/D_image_2110_12.jpg,भारतीय,hindi
train/hindi/D_image_2110_2.jpg,महोत्सव,hindi
train/hindi/D_image_2110_3.jpg,आज़ादीका,hindi
train/hindi/D_image_2110_4.jpg,डीएलटीबी,hindi
train/hindi/D_image_2110_5.jpg,उरे,hindi
train/hindi/D_image_2110_7.jpg,जी 4,hindi
train/hindi/D_image_2110_9.jpg,अमृत,hindi
train/hindi/D_image_2112_1.jpg,4 डी,hindi
train/hindi/D_image_2112_2.jpg,पी,hindi
train/hindi/D_image_2112_3.jpg,डो,hindi
train/hindi/D_image_2112_4.jpg,डब्ल्यू,hindi
train/hindi/D_image_2113_0.jpg,जय,hindi
train/hindi/D_image_2113_1.jpg,जय,hindi
train/hindi/D_image_2113_10.jpg,णी,hindi
train/hindi/D_image_2113_11.jpg,जय,hindi
train/hindi/D_image_2113_12.jpg,जय,hindi
train/hindi/D_image_2113_13.jpg,सीता,hindi
train/hindi/D_image_2113_15.jpg,जय,hindi
train/hindi/D_image_2113_16.jpg,ज,hindi
train/hindi/D_image_2113_17.jpg,सद,hindi
train/hindi/D_image_2113_18.jpg,सम्ब,hindi
train/hindi/D_image_2113_19.jpg,सदाशि,hindi
train/hindi/D_image_2113_2.jpg,काली,hindi
train/hindi/D_image_2113_20.jpg,सदाशिव,hindi
train/hindi/D_image_2113_21.jpg,जय,hindi
train/hindi/D_image_2113_22.jpg,शंकर,hindi
train/hindi/D_image_2113_23.jpg,शंकर,hindi
train/hindi/D_image_2113_24.jpg,दुखहर,hindi
train/hindi/D_image_2113_25.jpg,सुखक,hindi
train/hindi/D_image_2113_26.jpg,तम,hindi
train/hindi/D_image_2113_27.jpg,हर,hindi
train/hindi/D_image_2113_28.jpg,हर,hindi
train/hindi/D_image_2113_29.jpg,हर,hindi
train/hindi/D_image_2113_3.jpg,जय,hindi
train/hindi/D_image_2113_30.jpg,शंकर,hindi
train/hindi/D_image_2113_4.jpg,जय,hindi
train/hindi/D_image_2113_5.jpg,दुर्गा,hindi
train/hindi/D_image_2113_6.jpg,नाशिनि,hindi
train/hindi/D_image_2113_7.jpg,दुर्गति,hindi
train/hindi/D_image_2113_8.jpg,मंत्र,hindi
train/hindi/D_image_2113_9.jpg,दुर्गा,hindi
train/hindi/D_image_2117_1.jpg,कलाकार,hindi
train/hindi/D_image_2117_2.jpg,४०१९,hindi
train/hindi/D_image_2117_3.jpg,प्रजापति,hindi
train/hindi/D_image_212_6.jpg,छत्तरपुर,hindi
train/hindi/D_image_2120_0.jpg,रामगंगा,hindi
train/hindi/D_image_2121_2.jpg,महिलायें,hindi
train/hindi/D_image_2121_3.jpg,केवल,hindi
train/hindi/D_image_2122_3.jpg,महिलायें,hindi
train/hindi/D_image_2122_4.jpg,केवल,hindi
train/hindi/D_image_2122_5.jpg,महिलाये,hindi
train/hindi/D_image_2122_6.jpg,वल,hindi
train/hindi/D_image_2123_0.jpg,ई,hindi
train/hindi/D_image_2123_1.jpg,है,hindi
train/hindi/D_image_2123_10.jpg,सैक्टर=3,hindi
train/hindi/D_image_2123_11.jpg,के,hindi
train/hindi/D_image_2123_12.jpg,ठेके,hindi
train/hindi/D_image_2123_13.jpg,हटाओ,hindi
train/hindi/D_image_2123_14.jpg,हटाओ,hindi
train/hindi/D_image_2123_15.jpg,बचाओ,hindi
train/hindi/D_image_2123_16.jpg,शराब,hindi
train/hindi/D_image_2123_17.jpg,के,hindi
train/hindi/D_image_2123_18.jpg,ठेके,hindi
train/hindi/D_image_2123_19.jpg,बंद,hindi
train/hindi/D_image_2123_2.jpg,गणेश,hindi
train/hindi/D_image_2123_20.jpg,कराओ,hindi
train/hindi/D_image_2123_21.jpg,हानिकारक,hindi
train/hindi/D_image_2123_22.jpg,हानिकारक,hindi
train/hindi/D_image_2123_23.jpg,ब्रम्हा,hindi
train/hindi/D_image_2123_24.jpg,विष्णु,hindi
train/hindi/D_image_2123_25.jpg,शेर,hindi
train/hindi/D_image_2123_3.jpg,नही,hindi
train/hindi/D_image_2123_4.jpg,थी,hindi
train/hindi/D_image_2123_5.jpg,नशा,hindi
train/hindi/D_image_2123_6.jpg,मशा,hindi
train/hindi/D_image_2123_7.jpg,हटाओ,hindi
train/hindi/D_image_2123_8.jpg,देश,hindi
train/hindi/D_image_2123_9.jpg,बचाओ,hindi
train/hindi/D_image_2124_0.jpg,शराब,hindi
train/hindi/D_image_2124_1.jpg,हटाओ,hindi
train/hindi/D_image_2124_10.jpg,नशा,hindi
train/hindi/D_image_2124_11.jpg,हानिकारक,hindi
train/hindi/D_image_2124_12.jpg,हानिकारक,hindi
train/hindi/D_image_2124_13.jpg,नशा,hindi
train/hindi/D_image_2124_14.jpg,हटाओदेश,hindi
train/hindi/D_image_2124_15.jpg,के,hindi
train/hindi/D_image_2124_16.jpg,ठेके,hindi
train/hindi/D_image_2124_2.jpg,सैक्टर=3,hindi
train/hindi/D_image_2124_3.jpg,बूचाओ,hindi
train/hindi/D_image_2124_4.jpg,कराओ,hindi
train/hindi/D_image_2124_5.jpg,बंद,hindi
train/hindi/D_image_2124_6.jpg,ठेके,hindi
train/hindi/D_image_2124_7.jpg,के,hindi
train/hindi/D_image_2124_8.jpg,बचाओ,hindi
train/hindi/D_image_2124_9.jpg,हटाओं,hindi
train/hindi/D_image_2125_11.jpg,केन्द्रीय,hindi
train/hindi/D_image_2125_5.jpg,कार्यशाला,hindi
train/hindi/D_image_2126_1.jpg,पवनदूत,hindi
train/hindi/D_image_2130_3.jpg,भारतीय,hindi
train/hindi/D_image_2130_4.jpg,रेल,hindi
train/hindi/D_image_2131_0.jpg,यक्ष,hindi
train/hindi/D_image_2132_1.jpg,यमुनाबैंक,hindi
train/hindi/D_image_2133_6.jpg,यूसुफगूडा,hindi
train/hindi/D_image_22_0.jpg,दिल्ली,hindi
train/hindi/D_image_22_10.jpg,नई,hindi
train/hindi/D_image_22_5.jpg,एक्सप्रेस,hindi
train/hindi/D_image_22_7.jpg,दुरन्तो,hindi
train/hindi/D_image_22_9.jpg,इलाहाबाद,hindi
train/hindi/D_image_220_1.jpg,सर्वेक्षण,hindi
train/hindi/D_image_220_2.jpg,स्वच्छ,hindi
train/hindi/D_image_220_3.jpg,प्रदुषणकेविरुद्ध,hindi
train/hindi/D_image_220_4.jpg,युद्ध,hindi
train/hindi/D_image_220_5.jpg,ऑफ,hindi
train/hindi/D_image_220_6.jpg,साड़ी,hindi
train/hindi/D_image_220_7.jpg,ऑन,hindi
train/hindi/D_image_220_8.jpg,लाइट,hindi
train/hindi/D_image_220_9.jpg,रेड,hindi
train/hindi/D_image_221_4.jpg,बैंक,hindi
train/hindi/D_image_221_5.jpg,ऑफ़,hindi
train/hindi/D_image_221_6.jpg,बड़ौदा,hindi
train/hindi/D_image_222_7.jpg,बड़ौदा,hindi
train/hindi/D_image_222_8.jpg,ऑफ़,hindi
train/hindi/D_image_222_9.jpg,बैंक,hindi
train/hindi/D_image_224_10.jpg,मीनारटिकट,hindi
train/hindi/D_image_224_8.jpg,काउन्टर,hindi
train/hindi/D_image_226_10.jpg,मंत्री,hindi
train/hindi/D_image_226_11.jpg,रेल,hindi
train/hindi/D_image_226_12.jpg,मंत्री,hindi
train/hindi/D_image_226_13.jpg,समीक्षा,hindi
train/hindi/D_image_226_14.jpg,जून,hindi
train/hindi/D_image_226_2.jpg,निष्पादन,hindi
train/hindi/D_image_226_3.jpg,‍का‍,hindi
train/hindi/D_image_226_4.jpg,राज्य,hindi
train/hindi/D_image_226_5.jpg,माननीय,hindi
train/hindi/D_image_226_6.jpg,रेल,hindi
train/hindi/D_image_226_7.jpg,भारतीय,hindi
train/hindi/D_image_226_8.jpg,रेल,hindi
train/hindi/D_image_226_9.jpg,माननीय,hindi
train/hindi/D_image_23_1.jpg,ब्रेक,hindi
train/hindi/D_image_23_10.jpg,का‍र,hindi
train/hindi/D_image_23_11.jpg,उरे,hindi
train/hindi/D_image_23_14.jpg,गोमती,hindi
train/hindi/D_image_23_15.jpg,एक्सप्रेस,hindi
train/hindi/D_image_23_16.jpg,एवं,hindi
train/hindi/D_image_23_17.jpg,जे,hindi
train/hindi/D_image_23_2.jpg,सामान,hindi
train/hindi/D_image_23_21.jpg,अन्यप्रभावन,hindi
train/hindi/D_image_23_3.jpg,कैण्ट,hindi
train/hindi/D_image_23_4.jpg,आगरा,hindi
train/hindi/D_image_23_5.jpg,दिल्ली,hindi
train/hindi/D_image_23_6.jpg,नई,hindi
train/hindi/D_image_23_7.jpg,लखनऊ,hindi
train/hindi/D_image_23_8.jpg,रेल,hindi
train/hindi/D_image_23_9.jpg,भारतीय,hindi
train/hindi/D_image_232_1.jpg,मेट्रो,hindi
train/hindi/D_image_232_11.jpg,फ्री,hindi
train/hindi/D_image_232_12.jpg,मलबा,hindi
train/hindi/D_image_232_13.jpg,कूडा,hindi
train/hindi/D_image_232_14.jpg,दिल्ली,hindi
train/hindi/D_image_232_15.jpg,फ्री,hindi
train/hindi/D_image_232_16.jpg,मलबा,hindi
train/hindi/D_image_232_17.jpg,और,hindi
train/hindi/D_image_232_18.jpg,कूडा,hindi
train/hindi/D_image_232_19.jpg,स्वच्छ दिल्ली,hindi
train/hindi/D_image_232_2.jpg,से‍,hindi
train/hindi/D_image_232_20.jpg,और,hindi
train/hindi/D_image_232_21.jpg,दिल्ली,hindi
train/hindi/D_image_232_22.jpg,स्वच्छ,hindi
train/hindi/D_image_232_24.jpg,जरिए,hindi
train/hindi/D_image_232_25.jpg,उसका,hindi
train/hindi/D_image_232_26.jpg,नेहरू,hindi
train/hindi/D_image_232_27.jpg,प्लेस,hindi
train/hindi/D_image_232_3.jpg,मेट्रो,hindi
train/hindi/D_image_232_4.jpg,साकेत,hindi
train/hindi/D_image_232_5.jpg,भेंजे,hindi
train/hindi/D_image_232_6.jpg,हमें,hindi
train/hindi/D_image_232_7.jpg,फोटो,hindi
train/hindi/D_image_232_8.jpg,के,hindi
train/hindi/D_image_232_9.jpg,छदिल्ली,hindi
train/hindi/D_image_234_2.jpg,गेट,hindi
train/hindi/D_image_234_3.jpg,स्टेशन,hindi
train/hindi/D_image_235_11.jpg,संगठन,hindi
train/hindi/D_image_235_12.jpg,विकास,hindi
train/hindi/D_image_235_13.jpg,एवं,hindi
train/hindi/D_image_235_14.jpg,अनुसंधान,hindi
train/hindi/D_image_235_15.jpg,रक्षा,hindi
train/hindi/D_image_237_0.jpg,निगम,hindi
train/hindi/D_image_237_1.jpg,परिवहन,hindi
train/hindi/D_image_237_2.jpg,दिल्ली,hindi
train/hindi/D_image_237_4.jpg,दिल्ली,hindi
train/hindi/D_image_237_5.jpg,रे स्टे,hindi
train/hindi/D_image_238_0.jpg,बाईपास,hindi
train/hindi/D_image_238_1.jpg,जी॰टी॰के॰,hindi
train/hindi/D_image_238_2.jpg,विल्ली,hindi
train/hindi/D_image_238_4.jpg,निगम,hindi
train/hindi/D_image_239_1.jpg,दिल्ली,hindi
train/hindi/D_image_239_10.jpg,सी.एन.जी,hindi
train/hindi/D_image_239_11.jpg,बस,hindi
train/hindi/D_image_239_12.jpg,सेवा,hindi
train/hindi/D_image_239_2.jpg,परिवहन,hindi
train/hindi/D_image_239_3.jpg,निंगम,hindi
train/hindi/D_image_239_5.jpg,की,hindi
train/hindi/D_image_239_6.jpg,सबसे,hindi
train/hindi/D_image_239_7.jpg,बड़ीं,hindi
train/hindi/D_image_239_8.jpg,प्रदूषण,hindi
train/hindi/D_image_239_9.jpg,नियंत्रित,hindi
train/hindi/D_image_24_10.jpg,दिल्ली,hindi
train/hindi/D_image_24_11.jpg,नई,hindi
train/hindi/D_image_24_13.jpg,एक्सप्रेस,hindi
train/hindi/D_image_24_14.jpg,गोमती,hindi
train/hindi/D_image_24_15.jpg,कैण्ट,hindi
train/hindi/D_image_24_16.jpg,आगरा,hindi
train/hindi/D_image_24_17.jpg,खिड़की,hindi
train/hindi/D_image_24_18.jpg,आपातकालीन,hindi
train/hindi/D_image_24_20.jpg,नुकूलित,hindi
train/hindi/D_image_24_21.jpg,2.टियर,hindi
train/hindi/D_image_24_22.jpg,लखनऊ,hindi
train/hindi/D_image_24_23.jpg,वाया,hindi
train/hindi/D_image_24_24.jpg,कानपुर,hindi
train/hindi/D_image_24_25.jpg,नई,hindi
train/hindi/D_image_24_26.jpg,दिल्ली,hindi
train/hindi/D_image_24_27.jpg,वाया,hindi
train/hindi/D_image_24_28.jpg,मथुरा,hindi
train/hindi/D_image_24_29.jpg,एक्सप्रेस,hindi
train/hindi/D_image_24_8.jpg,कैण्ट,hindi
train/hindi/D_image_24_9.jpg,आगरा,hindi
train/hindi/D_image_240_0.jpg,सेवा,hindi
train/hindi/D_image_240_1.jpg,नियंत्रित,hindi
train/hindi/D_image_240_2.jpg,दिल्ली,hindi
train/hindi/D_image_240_3.jpg,परिवहन,hindi
train/hindi/D_image_240_4.jpg,निगम,hindi
train/hindi/D_image_240_5.jpg,विश्व,hindi
train/hindi/D_image_240_6.jpg,सबसे,hindi
train/hindi/D_image_240_7.jpg,बड़ी,hindi
train/hindi/D_image_240_8.jpg,प्रदूषण,hindi
train/hindi/D_image_240_9.jpg,सी.एन.जी.बस,hindi
train/hindi/D_image_241_10.jpg,धनबाद,hindi
train/hindi/D_image_241_4.jpg,दामोदर,hindi
train/hindi/D_image_241_5.jpg,घाटी,hindi
train/hindi/D_image_241_6.jpg,निंगम,hindi
train/hindi/D_image_241_7.jpg,स्वागलम,hindi
train/hindi/D_image_241_8.jpg,मंथन,hindi
train/hindi/D_image_241_9.jpg,बाँध,hindi
train/hindi/D_image_242_2.jpg,दादरी,hindi
train/hindi/D_image_244_2.jpg,पुरी,hindi
train/hindi/D_image_244_3.jpg,दशरथ,hindi
train/hindi/D_image_244_4.jpg,गेटन०,hindi
train/hindi/D_image_245_1.jpg,हिन्दी,hindi
train/hindi/D_image_245_2.jpg,विकिपीडिया,hindi
train/hindi/D_image_246_10.jpg,बल,hindi
train/hindi/D_image_246_11.jpg,नई,hindi
train/hindi/D_image_246_12.jpg,दिल्ली,hindi
train/hindi/D_image_246_3.jpg,पार्किंग,hindi
train/hindi/D_image_246_4.jpg,कार,hindi
train/hindi/D_image_246_5.jpg,प्रवेश,hindi
train/hindi/D_image_246_6.jpg,नई,hindi
train/hindi/D_image_246_7.jpg,दिल्‍ली,hindi
train/hindi/D_image_246_8.jpg,रेलवे,hindi
train/hindi/D_image_246_9.jpg,सुरक्षा,hindi
train/hindi/D_image_247_0.jpg,अभियान,hindi
train/hindi/D_image_247_1.jpg,भारत निर्माण,hindi
train/hindi/D_image_247_2.jpg,भारत।,hindi
train/hindi/D_image_247_3.jpg,निर्माण,hindi
train/hindi/D_image_247_4.jpg,जन,hindi
train/hindi/D_image_247_5.jpg,सूचना,hindi
train/hindi/D_image_247_6.jpg,सितम्बर,hindi
train/hindi/D_image_248_2.jpg,जेटली,hindi
train/hindi/D_image_249_0.jpg,जेटली,hindi
train/hindi/D_image_249_2.jpg,मंत्री,hindi
train/hindi/D_image_25_10.jpg,कुर्सी,hindi
train/hindi/D_image_25_11.jpg,लखनऊ,hindi
train/hindi/D_image_25_12.jpg,नई,hindi
train/hindi/D_image_25_13.jpg,दिल्ली,hindi
train/hindi/D_image_25_14.jpg,आगरा,hindi
train/hindi/D_image_25_15.jpg,कैण्ट,hindi
train/hindi/D_image_25_9.jpg,यान,hindi
train/hindi/D_image_250_0.jpg,एक्सप्रेस,hindi
train/hindi/D_image_250_10.jpg,समुद्र,hindi
train/hindi/D_image_250_11.jpg,तल‍,hindi
train/hindi/D_image_250_12.jpg,ऊँचाई,hindi
train/hindi/D_image_250_16.jpg,पूर्व,hindi
train/hindi/D_image_250_2.jpg,214-42मी. Mts,hindi
train/hindi/D_image_250_4.jpg,सेे,hindi
train/hindi/D_image_250_7.jpg,दिल्ली,hindi
train/hindi/D_image_250_8.jpg,नई,hindi
train/hindi/D_image_252_3.jpg,ब्रिज,hindi
train/hindi/D_image_252_4.jpg,शिवाजी,hindi
train/hindi/D_image_253_2.jpg,बिजरौठा ,hindi
train/hindi/D_image_26_0.jpg,एक्सप्रेस,hindi
train/hindi/D_image_26_1.jpg,राजधानी,hindi
train/hindi/D_image_260_0.jpg,दिल्ली,hindi
train/hindi/D_image_260_1.jpg,नीमका,hindi
train/hindi/D_image_260_11.jpg,दिल्ली,hindi
train/hindi/D_image_260_12.jpg,रोहतक,hindi
train/hindi/D_image_260_13.jpg,शामली,hindi
train/hindi/D_image_260_14.jpg,सहारनपुर,hindi
train/hindi/D_image_260_15.jpg,दिल्ली,hindi
train/hindi/D_image_260_16.jpg,शामली,hindi
train/hindi/D_image_260_17.jpg,रेवाड़ी,hindi
train/hindi/D_image_260_18.jpg,थाना,hindi
train/hindi/D_image_260_2.jpg,सहारनपुर,hindi
train/hindi/D_image_260_3.jpg,रोहतक,hindi
train/hindi/D_image_260_4.jpg,दिल्ली,hindi
train/hindi/D_image_260_5.jpg,थाना,hindi
train/hindi/D_image_260_6.jpg,नीमका,hindi
train/hindi/D_image_260_7.jpg,रेवाडी,hindi
train/hindi/D_image_260_9.jpg,उरे,hindi
train/hindi/D_image_264_0.jpg,सेन्ट्रल,hindi
train/hindi/D_image_265_0.jpg,विश्वविद्यालय,hindi
train/hindi/D_image_266_1.jpg,स्थल,hindi
train/hindi/D_image_266_10.jpg,सेंटर,hindi
train/hindi/D_image_266_14.jpg,गन्तव्य,hindi
train/hindi/D_image_266_15.jpg,स्थान,hindi
train/hindi/D_image_266_17.jpg,लिफ्ट,hindi
train/hindi/D_image_266_19.jpg,सिटी,hindi
train/hindi/D_image_266_3.jpg,सेंटर,hindi
train/hindi/D_image_266_4.jpg,नोएडा,hindi
train/hindi/D_image_266_8.jpg,नोएडा,hindi
train/hindi/D_image_266_9.jpg,सिटी,hindi
train/hindi/D_image_267_10.jpg,नोएडा,hindi
train/hindi/D_image_267_12.jpg,स्थान,hindi
train/hindi/D_image_267_13.jpg,गन्तव्य,hindi
train/hindi/D_image_267_15.jpg,समय,hindi
train/hindi/D_image_267_21.jpg,नोएडासिटीसेंटर,hindi
train/hindi/D_image_267_4.jpg,लिफ्ट,hindi
train/hindi/D_image_267_8.jpg,सेंटर,hindi
train/hindi/D_image_267_9.jpg,सिटी,hindi
train/hindi/D_image_268_0.jpg,बॉर्डर,hindi
train/hindi/D_image_268_1.jpg,6906बदरपुर,hindi
train/hindi/D_image_269_1.jpg,विश्वविद्यालय,hindi
train/hindi/D_image_269_4.jpg,निकास,hindi
train/hindi/D_image_269_5.jpg,लिफ्ट,hindi
train/hindi/D_image_27_10.jpg,जन,hindi
train/hindi/D_image_27_11.jpg,आहार,hindi
train/hindi/D_image_27_12.jpg,गीले,hindi
train/hindi/D_image_27_13.jpg,कूड़े,hindi
train/hindi/D_image_27_14.jpg,के‌,hindi
train/hindi/D_image_27_15.jpg,लिए,hindi
train/hindi/D_image_27_16.jpg,उपयोग,hindi
train/hindi/D_image_27_17.jpg,करें,hindi
train/hindi/D_image_27_2.jpg,दिल्ली,hindi
train/hindi/D_image_27_3.jpg,नई,hindi
train/hindi/D_image_27_9.jpg,मिल्ली,hindi
train/hindi/D_image_270_0.jpg,भवन,hindi
train/hindi/D_image_270_1.jpg,महाराष्ट्र,hindi
train/hindi/D_image_270_10.jpg,महाराष्ट्र,hindi
train/hindi/D_image_270_11.jpg,भवन,hindi
train/hindi/D_image_270_12.jpg,बृहन,hindi
train/hindi/D_image_270_13.jpg,महारा़ष्ट्र,hindi
train/hindi/D_image_270_14.jpg,बृहन,hindi
train/hindi/D_image_270_15.jpg,महाराष्ट्र,hindi
train/hindi/D_image_270_16.jpg,भवन,hindi
train/hindi/D_image_270_19.jpg,१९९१९३९,hindi
train/hindi/D_image_270_2.jpg,बृहन,hindi
train/hindi/D_image_270_4.jpg,ट्रेव्हल्स,hindi
train/hindi/D_image_270_5.jpg,महाराष्‍ट्र,hindi
train/hindi/D_image_270_6.jpg,भवन,hindi
train/hindi/D_image_270_7.jpg,महाराष्ट्र,hindi
train/hindi/D_image_270_8.jpg,बृहन,hindi
train/hindi/D_image_270_9.jpg,भवन,hindi
train/hindi/D_image_272_1.jpg,सामान,hindi
train/hindi/D_image_272_10.jpg,स्वागत,hindi
train/hindi/D_image_272_11.jpg,आपका,hindi
train/hindi/D_image_272_12.jpg,में,hindi
train/hindi/D_image_272_13.jpg,भारत,hindi
train/hindi/D_image_272_22.jpg,अप्रवास,hindi
train/hindi/D_image_272_23.jpg,निकास,hindi
train/hindi/D_image_272_3.jpg,स्थानांतरण,hindi
train/hindi/D_image_272_4.jpg,अन्तर्राज्यीय,hindi
train/hindi/D_image_272_9.jpg,है,hindi
train/hindi/D_image_275_0.jpg,पार्किंग,hindi
train/hindi/D_image_275_10.jpg,नेशनल,hindi
train/hindi/D_image_275_15.jpg,नवारात्त्रात,hindi
train/hindi/D_image_275_2.jpg,नेशनल,hindi
train/hindi/D_image_275_4.jpg,इन्श्योरेन्स,hindi
train/hindi/D_image_275_6.jpg,बैंक,hindi
train/hindi/D_image_275_7.jpg,यूनियन,hindi
train/hindi/D_image_276_1.jpg,टर्मिनल,hindi
train/hindi/D_image_278_10.jpg,द्वारका,hindi
train/hindi/D_image_278_12.jpg,हवाई,hindi
train/hindi/D_image_278_13.jpg,अड्डा,hindi
train/hindi/D_image_278_14.jpg,द्वारका,hindi
train/hindi/D_image_278_2.jpg,अड्डा/द्वारका-21,hindi
train/hindi/D_image_278_24.jpg,निप्रा।,hindi
train/hindi/D_image_278_3.jpg,हवाई,hindi
train/hindi/D_image_278_5.jpg,द्वारका-21,hindi
train/hindi/D_image_278_6.jpg,अड्डा,hindi
train/hindi/D_image_278_7.jpg,हवाई,hindi
train/hindi/D_image_278_8.jpg,हवाई,hindi
train/hindi/D_image_278_9.jpg,अड्डा,hindi
train/hindi/D_image_28_2.jpg,श्रेणी,hindi
train/hindi/D_image_28_3.jpg,व्दितीय,hindi
train/hindi/D_image_28_4.jpg,सामान,hindi
train/hindi/D_image_280_3.jpg,दिल्ली,hindi
train/hindi/D_image_280_6.jpg,कैन्ट,hindi
train/hindi/D_image_281_12.jpg,ओरिएण्टल,hindi
train/hindi/D_image_281_14.jpg,दिल्ली,hindi
train/hindi/D_image_281_15.jpg,गेट,hindi
train/hindi/D_image_281_16.jpg,नं. 5,hindi
train/hindi/D_image_281_17.jpg,गेट,hindi
train/hindi/D_image_281_19.jpg,इंश्योरेंस,hindi
train/hindi/D_image_281_2.jpg,सम्पति,hindi
train/hindi/D_image_281_21.jpg,दिल्ली,hindi
train/hindi/D_image_281_22.jpg,गेट,hindi
train/hindi/D_image_281_24.jpg,गेट,hindi
train/hindi/D_image_281_3.jpg,मेट्रो,hindi
train/hindi/D_image_281_4.jpg,चेतावनी,hindi
train/hindi/D_image_282_1.jpg,पार्किंग,hindi
train/hindi/D_image_282_10.jpg,जंक्शन,hindi
train/hindi/D_image_282_11.jpg,स्टेशन,hindi
train/hindi/D_image_282_15.jpg,जंक्शन,hindi
train/hindi/D_image_282_16.jpg,लीटर,hindi
train/hindi/D_image_282_17.jpg,रेल,hindi
train/hindi/D_image_282_18.jpg,कार,hindi
train/hindi/D_image_282_4.jpg,भारतीय,hindi
train/hindi/D_image_282_6.jpg,रबाजाचा,hindi
train/hindi/D_image_282_7.jpg,प्रवेश,hindi
train/hindi/D_image_282_8.jpg,रेलवे,hindi
train/hindi/D_image_282_9.jpg,दिल्ली,hindi
train/hindi/D_image_284_1.jpg,जंक्शन,hindi
train/hindi/D_image_284_12.jpg,जंक्शन,hindi
train/hindi/D_image_284_13.jpg,दिल्ली,hindi
train/hindi/D_image_284_15.jpg,तल‍,hindi
train/hindi/D_image_284_16.jpg,दिल्ली,hindi
train/hindi/D_image_284_18.jpg,उ।पः,hindi
train/hindi/D_image_284_3.jpg,218-76 मी,hindi
train/hindi/D_image_284_7.jpg,ऊचाँई,hindi
train/hindi/D_image_284_8.jpg,से‍,hindi
train/hindi/D_image_284_9.jpg,समुद्र,hindi
train/hindi/D_image_289_3.jpg,करें,hindi
train/hindi/D_image_289_4.jpg,सुनिश्चित,hindi
train/hindi/D_image_289_5.jpg,दूरी,hindi
train/hindi/D_image_289_6.jpg,सामाजिक,hindi
train/hindi/D_image_29_2.jpg,यान,hindi
train/hindi/D_image_29_3.jpg,ब्रेकर,hindi
train/hindi/D_image_29_4.jpg,और,hindi
train/hindi/D_image_29_5.jpg,सामान,hindi
train/hindi/D_image_29_6.jpg,विकलांगों,hindi
train/hindi/D_image_29_7.jpg,केलिए,hindi
train/hindi/D_image_290_3.jpg,करें,hindi
train/hindi/D_image_290_4.jpg,सुनिश्चित,hindi
train/hindi/D_image_290_5.jpg,दूरी,hindi
train/hindi/D_image_290_6.jpg,सामाजिक,hindi
train/hindi/D_image_292_10.jpg,गन्तव्य,hindi
train/hindi/D_image_292_11.jpg,स्थान,hindi
train/hindi/D_image_292_12.jpg,०९५ांत००१००,hindi
train/hindi/D_image_292_2.jpg,समय,hindi
train/hindi/D_image_292_3.jpg,बैकं,hindi
train/hindi/D_image_292_4.jpg,यमुना,hindi
train/hindi/D_image_292_8.jpg,निकास,hindi
train/hindi/D_image_293_0.jpg,मेट्रो,hindi
train/hindi/D_image_293_3.jpg,दिल्ली,hindi
train/hindi/D_image_294_10.jpg,माँका,hindi
train/hindi/D_image_294_11.jpg,आशीर्वाद,hindi
train/hindi/D_image_294_3.jpg,साथ,hindi
train/hindi/D_image_294_4.jpg,कर,hindi
train/hindi/D_image_294_5.jpg,सोच,hindi
train/hindi/D_image_294_6.jpg,सोचो,hindi
train/hindi/D_image_294_7.jpg,क्या,hindi
train/hindi/D_image_294_8.jpg,जायेना,hindi
train/hindi/D_image_299_0.jpg,लिमिटेड,hindi
train/hindi/D_image_299_1.jpg,गेल,hindi
train/hindi/D_image_299_10.jpg,अंतर्गत,hindi
train/hindi/D_image_299_12.jpg,अभियान,hindi
train/hindi/D_image_299_15.jpg,एक,hindi
train/hindi/D_image_299_16.jpg,कदम,hindi
train/hindi/D_image_299_17.jpg,स्वच्छता,hindi
train/hindi/D_image_299_18.jpg,‍ओर,hindi
train/hindi/D_image_299_19.jpg,स्वच्छ,hindi
train/hindi/D_image_299_2.jpg,अंतर्गत,hindi
train/hindi/D_image_299_20.jpg,भारत,hindi
train/hindi/D_image_299_21.jpg,सौजन्यः,hindi
train/hindi/D_image_299_23.jpg,गेल,hindi
train/hindi/D_image_299_24.jpg,(इंडिया),hindi
train/hindi/D_image_299_3.jpg,केे,hindi
train/hindi/D_image_299_4.jpg,अभियान,hindi
train/hindi/D_image_299_5.jpg,कीे,hindi
train/hindi/D_image_299_6.jpg,भारत,hindi
train/hindi/D_image_299_7.jpg,स्वच्छ,hindi
train/hindi/D_image_299_8.jpg,लिमिटेड,hindi
train/hindi/D_image_302_1.jpg,मी॰,hindi
train/hindi/D_image_302_13.jpg,दिल्ली,hindi
train/hindi/D_image_302_14.jpg,सराय,hindi
train/hindi/D_image_302_15.jpg,रौहिल्ला,hindi
train/hindi/D_image_302_4.jpg,ऊँचाई,hindi
train/hindi/D_image_302_5.jpg,से‍,hindi
train/hindi/D_image_302_6.jpg,समुद्र,hindi
train/hindi/D_image_302_9.jpg,तल‍,hindi
train/hindi/D_image_303_0.jpg,जं.,hindi
train/hindi/D_image_303_1.jpg,शाहदरा,hindi
train/hindi/D_image_303_2.jpg,दिल्ली,hindi
train/hindi/D_image_303_3.jpg,JN.,hindi
train/hindi/D_image_305_0.jpg,DELHI,hindi
train/hindi/D_image_305_3.jpg,सत्यम्,hindi
train/hindi/D_image_305_4.jpg,धृतिः,hindi
train/hindi/D_image_305_5.jpg,निष्ठा,hindi
train/hindi/D_image_305_6.jpg,दिल्ली,hindi
train/hindi/D_image_305_7.jpg,विश्वविधालय,hindi
train/hindi/D_image_306_2.jpg,फ्लाइंग,hindi
train/hindi/D_image_306_3.jpg,रिटेन्स,hindi
train/hindi/D_image_306_4.jpg,सदस्य,hindi
train/hindi/D_image_308_10.jpg,२००,hindi
train/hindi/D_image_308_11.jpg,रू,hindi
train/hindi/D_image_308_12.jpg,का‍,hindi
train/hindi/D_image_308_13.jpg,जुर्माना,hindi
train/hindi/D_image_308_5.jpg,थूकना,hindi
train/hindi/D_image_308_6.jpg,मना,hindi
train/hindi/D_image_308_7.jpg,है,hindi
train/hindi/D_image_308_8.jpg,थूकने,hindi
train/hindi/D_image_308_9.jpg,पर,hindi
train/hindi/D_image_309_10.jpg,में,hindi
train/hindi/D_image_309_11.jpg,‍की,hindi
train/hindi/D_image_309_12.jpg,निगरानी,hindi
train/hindi/D_image_309_13.jpg,कैमरे,hindi
train/hindi/D_image_309_3.jpg,हैं।,hindi
train/hindi/D_image_309_4.jpg,सी‍,hindi
train/hindi/D_image_309_5.jpg,टी,hindi
train/hindi/D_image_309_6.jpg,सी,hindi
train/hindi/D_image_309_7.jpg,‍वी,hindi
train/hindi/D_image_309_8.jpg,परिसर,hindi
train/hindi/D_image_309_9.jpg,यह,hindi
train/hindi/D_image_31_1.jpg,टियर,hindi
train/hindi/D_image_31_2.jpg,वातानुकूलित 2,hindi
train/hindi/D_image_31_3.jpg,आपातकालीन,hindi
train/hindi/D_image_31_4.jpg,खिडकी,hindi
train/hindi/D_image_313_0.jpg,लिमिटेड,hindi
train/hindi/D_image_313_1.jpg,कॉरपोरेशन,hindi
train/hindi/D_image_313_12.jpg,कार्ड,hindi
train/hindi/D_image_313_13.jpg,यात्री,hindi
train/hindi/D_image_313_2.jpg,रेल,hindi
train/hindi/D_image_313_3.jpg,मेट्रो,hindi
train/hindi/D_image_313_4.jpg,दिल्ली,hindi
train/hindi/D_image_314_0.jpg,लि.,hindi
train/hindi/D_image_314_1.jpg,कॉरपोरेशन,hindi
train/hindi/D_image_314_10.jpg,या‌त्री,hindi
train/hindi/D_image_314_11.jpg,कार्ड,hindi
train/hindi/D_image_314_2.jpg,रेल,hindi
train/hindi/D_image_314_8.jpg,दिल्ली,hindi
train/hindi/D_image_314_9.jpg,मेट्रो,hindi
train/hindi/D_image_315_10.jpg,ऊचाँई,hindi
train/hindi/D_image_315_13.jpg,मी.,hindi
train/hindi/D_image_315_2.jpg,जंक्शन,hindi
train/hindi/D_image_315_4.jpg,दिल्ली,hindi
train/hindi/D_image_315_7.jpg,समुद्र,hindi
train/hindi/D_image_315_8.jpg,तल‍,hindi
train/hindi/D_image_315_9.jpg,से‍,hindi
train/hindi/D_image_317_0.jpg,वर्ष,hindi
train/hindi/D_image_317_1.jpg,जयंती,hindi
train/hindi/D_image_317_10.jpg,की,hindi
train/hindi/D_image_317_11.jpg,प्रगति,hindi
train/hindi/D_image_317_12.jpg,पग,hindi
train/hindi/D_image_317_13.jpg,पग,hindi
train/hindi/D_image_317_15.jpg,पार्टी,hindi
train/hindi/D_image_317_16.jpg,आदमी,hindi
train/hindi/D_image_317_17.jpg,आम,hindi
train/hindi/D_image_317_2.jpg,स्वर्ण,hindi
train/hindi/D_image_317_3.jpg,पू्र्ण,hindi
train/hindi/D_image_317_36.jpg,अपने,hindi
train/hindi/D_image_317_37.jpg,देश,hindi
train/hindi/D_image_317_38.jpg,का‍,hindi
train/hindi/D_image_317_39.jpg,नं. 1,hindi
train/hindi/D_image_317_4.jpg,ओर,hindi
train/hindi/D_image_317_40.jpg,आटा,hindi
train/hindi/D_image_317_41.jpg,एक,hindi
train/hindi/D_image_317_42.jpg,मौका,hindi
train/hindi/D_image_317_43.jpg,केजरीवाल,hindi
train/hindi/D_image_317_44.jpg,को,hindi
train/hindi/D_image_317_45.jpg,एकमोका,hindi
train/hindi/D_image_317_46.jpg,केजरीवाल,hindi
train/hindi/D_image_317_47.jpg,को,hindi
train/hindi/D_image_317_48.jpg,राज्यत्व,hindi
train/hindi/D_image_317_49.jpg,का,hindi
train/hindi/D_image_317_5.jpg,की,hindi
train/hindi/D_image_317_6.jpg,शिखर,hindi
train/hindi/D_image_317_7.jpg,हिमाचल,hindi
train/hindi/D_image_317_8.jpg,वला,hindi
train/hindi/D_image_317_9.jpg,डोर,hindi
train/hindi/D_image_32_3.jpg,जलंधर,hindi
train/hindi/D_image_32_4.jpg,एक्सप्रेस,hindi
train/hindi/D_image_32_5.jpg,इन्टरसिटी,hindi
train/hindi/D_image_32_6.jpg,अमृतसर,hindi
train/hindi/D_image_32_7.jpg,नई,hindi
train/hindi/D_image_32_8.jpg,दिल्ली,hindi
train/hindi/D_image_321_1.jpg,विभाग,hindi
train/hindi/D_image_321_2.jpg,अभियान्त्रिकी,hindi
train/hindi/D_image_321_3.jpg,एवम्,hindi
train/hindi/D_image_321_4.jpg,वि‍ज्ञान,hindi
train/hindi/D_image_321_5.jpg,संगणक,hindi
train/hindi/D_image_322_1.jpg,इलेक्ट्रोनिकी,hindi
train/hindi/D_image_322_2.jpg,एवं,hindi
train/hindi/D_image_322_3.jpg,वैधुत,hindi
train/hindi/D_image_322_4.jpg,संचार,hindi
train/hindi/D_image_322_5.jpg,अभियांत्रिकी,hindi
train/hindi/D_image_322_6.jpg,विभाग,hindi
train/hindi/D_image_323_1.jpg,मानविकी,hindi
train/hindi/D_image_323_2.jpg,तथा,hindi
train/hindi/D_image_323_3.jpg,सामाजिक,hindi
train/hindi/D_image_323_4.jpg,विज्ञान‌,hindi
train/hindi/D_image_323_5.jpg,विभाग,hindi
train/hindi/D_image_324_2.jpg,अध्ययन,hindi
train/hindi/D_image_324_3.jpg,प्रबंध,hindi
train/hindi/D_image_325_0.jpg,ट्रिपला,hindi
train/hindi/D_image_325_1.jpg,रसोई,hindi
train/hindi/D_image_325_2.jpg,मे,hindi
train/hindi/D_image_325_3.jpg,डेली,hindi
train/hindi/D_image_325_4.jpg,आपका,hindi
train/hindi/D_image_325_5.jpg,स्‍वागत,hindi
train/hindi/D_image_325_6.jpg,है,hindi
train/hindi/D_image_326_1.jpg,परिवहन,hindi
train/hindi/D_image_326_2.jpg,पोत,hindi
train/hindi/D_image_327_0.jpg,मूमगढ़,hindi
train/hindi/D_image_329_1.jpg,गतिमान,hindi
train/hindi/D_image_329_11.jpg,कुआँ,hindi
train/hindi/D_image_329_16.jpg,कुआँ,hindi
train/hindi/D_image_329_17.jpg,धौला,hindi
train/hindi/D_image_329_18.jpg,धौला,hindi
train/hindi/D_image_329_2.jpg,रखे,hindi
train/hindi/D_image_329_25.jpg,धौला,hindi
train/hindi/D_image_329_26.jpg,कुआँ,hindi
train/hindi/D_image_329_3.jpg,की,hindi
train/hindi/D_image_329_4.jpg,भारत,hindi
train/hindi/D_image_329_5.jpg,जो,hindi
train/hindi/D_image_329_6.jpg,ऊर्जा,hindi
train/hindi/D_image_33_11.jpg,खिडकी,hindi
train/hindi/D_image_33_2.jpg,जसीडीह,hindi
train/hindi/D_image_33_3.jpg,डा-गामा,hindi
train/hindi/D_image_33_4.jpg,वास्को-,hindi
train/hindi/D_image_33_5.jpg,आपातकालीन,hindi
train/hindi/D_image_33_9.jpg,वातानुकूलित,hindi
train/hindi/D_image_330_10.jpg,छात्रावास,hindi
train/hindi/D_image_330_11.jpg,अधीक्षक,hindi
train/hindi/D_image_330_8.jpg,कार्यालय,hindi
train/hindi/D_image_330_9.jpg,मुख्य,hindi
train/hindi/D_image_331_12.jpg,आपातकालीन,hindi
train/hindi/D_image_331_13.jpg,खिडकी,hindi
train/hindi/D_image_331_16.jpg,डिब्रूगढ़,hindi
train/hindi/D_image_331_17.jpg,टाऊन,hindi
train/hindi/D_image_331_18.jpg,एक्सप्रेस,hindi
train/hindi/D_image_331_3.jpg,राजधानी,hindi
train/hindi/D_image_331_7.jpg,दिल्ली,hindi
train/hindi/D_image_331_8.jpg,नई,hindi
train/hindi/D_image_332_1.jpg,दिलवा,hindi
train/hindi/D_image_333_1.jpg,बोर्ड,hindi
train/hindi/D_image_333_10.jpg,मंत्री,hindi
train/hindi/D_image_333_2.jpg,रेलवे,hindi
train/hindi/D_image_333_3.jpg,अध्यक्ष,hindi
train/hindi/D_image_333_4.jpg,रेल,hindi
train/hindi/D_image_333_5.jpg,राज्य,hindi
train/hindi/D_image_333_6.jpg,मंत्री,hindi
train/hindi/D_image_333_7.jpg,बी,hindi
train/hindi/D_image_333_9.jpg,रेल,hindi
train/hindi/D_image_334_2.jpg,रेलवे,hindi
train/hindi/D_image_334_3.jpg,बोर्ड,hindi
train/hindi/D_image_334_4.jpg,मंत्री,hindi
train/hindi/D_image_334_5.jpg,अध्यक्ष,hindi
train/hindi/D_image_334_6.jpg,रेल,hindi
train/hindi/D_image_335_2.jpg,एरोसिटी,hindi
train/hindi/D_image_335_3.jpg,टर्मिनल,hindi
train/hindi/D_image_337_1.jpg,निकास,hindi
train/hindi/D_image_339_3.jpg,से‍,hindi
train/hindi/D_image_339_4.jpg,मोबाइल,hindi
train/hindi/D_image_339_5.jpg,डायरेक्ट,hindi
train/hindi/D_image_339_6.jpg,करो,hindi
train/hindi/D_image_339_7.jpg,बुक,hindi
train/hindi/D_image_339_8.jpg,टिकट,hindi
train/hindi/D_image_339_9.jpg,मूवी,hindi
train/hindi/D_image_342_0.jpg,सामने,hindi
train/hindi/D_image_342_1.jpg,के॓,hindi
train/hindi/D_image_342_10.jpg,मनाली,hindi
train/hindi/D_image_342_11.jpg,जय,hindi
train/hindi/D_image_342_12.jpg,माँ,hindi
train/hindi/D_image_342_13.jpg,दुर्गा,hindi
train/hindi/D_image_342_14.jpg,मन्दिर,hindi
train/hindi/D_image_342_15.jpg,में,hindi
train/hindi/D_image_342_16.jpg,मास्क,hindi
train/hindi/D_image_342_17.jpg,के,hindi
train/hindi/D_image_342_18.jpg,साथ,hindi
train/hindi/D_image_342_19.jpg,प्रवेश,hindi
train/hindi/D_image_342_2.jpg,सीढ़ीयों,hindi
train/hindi/D_image_342_20.jpg,करें,hindi
train/hindi/D_image_342_21.jpg,फोटो,hindi
train/hindi/D_image_342_22.jpg,लेना,hindi
train/hindi/D_image_342_23.jpg,सख्त,hindi
train/hindi/D_image_342_24.jpg,मना,hindi
train/hindi/D_image_342_25.jpg,है,hindi
train/hindi/D_image_342_26.jpg,भिखारियों,hindi
train/hindi/D_image_342_27.jpg,से,hindi
train/hindi/D_image_342_28.jpg,सावधान,hindi
train/hindi/D_image_342_29.jpg,रहें,hindi
train/hindi/D_image_342_3.jpg,की,hindi
train/hindi/D_image_342_4.jpg,मन्दिर,hindi
train/hindi/D_image_342_5.jpg,रोड़,hindi
train/hindi/D_image_342_6.jpg,माल,hindi
train/hindi/D_image_342_7.jpg,माता,hindi
train/hindi/D_image_342_8.jpg,मन्दिर,hindi
train/hindi/D_image_342_9.jpg,दुर्गा,hindi
train/hindi/D_image_344_3.jpg,नई दिल्ली,hindi
train/hindi/D_image_344_4.jpg,हावड़ा,hindi
train/hindi/D_image_345_0.jpg,द्वारका,hindi
train/hindi/D_image_345_1.jpg,मोड़,hindi
train/hindi/D_image_349_3.jpg,सेक्टर,hindi
train/hindi/D_image_349_4.jpg,द्वारका,hindi
train/hindi/D_image_35_0.jpg,में,hindi
train/hindi/D_image_35_1.jpg,भवतु,hindi
train/hindi/D_image_35_2.jpg,पथगामी,hindi
train/hindi/D_image_35_3.jpg,नयन,hindi
train/hindi/D_image_35_4.jpg,स्वामी,hindi
train/hindi/D_image_35_5.jpg,जगन्नाथः,hindi
train/hindi/D_image_351_2.jpg,सेक्टर,hindi
train/hindi/D_image_351_3.jpg,द्वारका,hindi
train/hindi/D_image_354_0.jpg,II,hindi
train/hindi/D_image_354_1.jpg,विहार,hindi
train/hindi/D_image_354_2.jpg,ईस्ट,hindi
train/hindi/D_image_354_3.jpg,विनोद,hindi
train/hindi/D_image_354_4.jpg,नगर,hindi
train/hindi/D_image_354_5.jpg,मयूर,hindi
train/hindi/D_image_355_3.jpg,दिल्‍ली,hindi
train/hindi/D_image_355_4.jpg,नई,hindi
train/hindi/D_image_355_5.jpg,प्रवेश,hindi
train/hindi/D_image_355_6.jpg,एवं,hindi
train/hindi/D_image_355_7.jpg,शौचालय,hindi
train/hindi/D_image_355_8.jpg,डॉलक्स,hindi
train/hindi/D_image_356_0.jpg,सिद्धिर्भवति,hindi
train/hindi/D_image_356_4.jpg,प्रमापनासाठाचा,hindi
train/hindi/D_image_356_6.jpg,कर्मजा,hindi
train/hindi/D_image_360_18.jpg,डी.टी.यू.,hindi
train/hindi/D_image_360_19.jpg,सुरक्षा,hindi
train/hindi/D_image_360_20.jpg,डी. टी. यू.,hindi
train/hindi/D_image_360_21.jpg,सुरक्ष,hindi
train/hindi/D_image_360_23.jpg,डी.टी.यू.,hindi
train/hindi/D_image_360_24.jpg,सुरक्षा,hindi
train/hindi/D_image_360_25.jpg,डी. टी. यू.,hindi
train/hindi/D_image_360_26.jpg,सुरक्षा,hindi
train/hindi/D_image_360_8.jpg,सुरक्षा,hindi
train/hindi/D_image_360_9.jpg,डी. टी. यू.,hindi
train/hindi/D_image_361_100.jpg,पुराना,hindi
train/hindi/D_image_361_101.jpg,‍का,hindi
train/hindi/D_image_361_102.jpg,दिल्ली,hindi
train/hindi/D_image_361_106.jpg,पुरातत्व,hindi
train/hindi/D_image_361_12.jpg,मानव्यवस्थे,hindi
train/hindi/D_image_361_126.jpg,अवकाश,hindi
train/hindi/D_image_361_26.jpg,लि.,hindi
train/hindi/D_image_361_27.jpg,निगम,hindi
train/hindi/D_image_361_28.jpg,विकास,hindi
train/hindi/D_image_361_29.jpg,पर्यटन,hindi
train/hindi/D_image_361_30.jpg,भारत,hindi
train/hindi/D_image_361_33.jpg,सर्वेक्षण,hindi
train/hindi/D_image_361_34.jpg,भारतीय,hindi
train/hindi/D_image_361_38.jpg,शहर,hindi
train/hindi/D_image_361_39.jpg,शहरों,hindi
train/hindi/D_image_361_4.jpg,शुक्रवार,hindi
train/hindi/D_image_361_41.jpg,टिकट,hindi
train/hindi/D_image_361_61.jpg,लें।,hindi
train/hindi/D_image_361_62.jpg,संकल्प,hindi
train/hindi/D_image_361_63.jpg,और‍,hindi
train/hindi/D_image_361_64.jpg,आयें,hindi
train/hindi/D_image_361_65.jpg,आगे,hindi
train/hindi/D_image_361_66.jpg,लिये,hindi
train/hindi/D_image_361_67.jpg,के,hindi
train/hindi/D_image_361_68.jpg,150 वीं,hindi
train/hindi/D_image_361_69.jpg,वर्षगांठ,hindi
train/hindi/D_image_361_70.jpg,समारोह,hindi
train/hindi/D_image_361_72.jpg,भारतीय,hindi
train/hindi/D_image_361_73.jpg,पुरातत्व,hindi
train/hindi/D_image_361_74.jpg,सर्वेक्षण,hindi
train/hindi/D_image_361_75.jpg,सांस्कृतिक,hindi
train/hindi/D_image_361_76.jpg,वि‍रासत,hindi
train/hindi/D_image_361_77.jpg,‍की,hindi
train/hindi/D_image_361_78.jpg,सुरक्षा,hindi
train/hindi/D_image_361_79.jpg,पुराना,hindi
train/hindi/D_image_361_80.jpg,किला,hindi
train/hindi/D_image_361_81.jpg,राष्ट्रीय,hindi
train/hindi/D_image_361_82.jpg,महत्व,hindi
train/hindi/D_image_361_83.jpg,का‍,hindi
train/hindi/D_image_361_84.jpg,संरक्षित,hindi
train/hindi/D_image_361_85.jpg,स्मारक,hindi
train/hindi/D_image_361_92.jpg,५००००००३००,hindi
train/hindi/D_image_361_93.jpg,दिल्ली,hindi
train/hindi/D_image_361_94.jpg,पर्यटन,hindi
train/hindi/D_image_361_95.jpg,नौका,hindi
train/hindi/D_image_361_96.jpg,आनद,hindi
train/hindi/D_image_361_97.jpg,लें,hindi
train/hindi/D_image_361_98.jpg,घर,hindi
train/hindi/D_image_362_1.jpg,इन्दौर,hindi
train/hindi/D_image_362_10.jpg,भारतीय,hindi
train/hindi/D_image_362_13.jpg,आई॰आई॰टी॰,hindi
train/hindi/D_image_362_2.jpg,सर्वजनहिताय,hindi
train/hindi/D_image_362_3.jpg,ज्ञानम,hindi
train/hindi/D_image_362_6.jpg,इंदौर,hindi
train/hindi/D_image_362_7.jpg,संस्थान,hindi
train/hindi/D_image_362_9.jpg,प्रौद्योगिकी,hindi
train/hindi/D_image_364_0.jpg,शुक्रिया,hindi
train/hindi/D_image_364_1.jpg,रहें।,hindi
train/hindi/D_image_364_10.jpg,अपील,hindi
train/hindi/D_image_364_11.jpg,मेहरबानी,hindi
train/hindi/D_image_364_12.jpg,बराये,hindi
train/hindi/D_image_364_14.jpg,ईदगाह,hindi
train/hindi/D_image_364_15.jpg,चौक,hindi
train/hindi/D_image_364_16.jpg,हाथ,hindi
train/hindi/D_image_364_17.jpg,जोड़कर,hindi
train/hindi/D_image_364_18.jpg,गुजारिश,hindi
train/hindi/D_image_364_19.jpg,है,hindi
train/hindi/D_image_364_2.jpg,अन्दर,hindi
train/hindi/D_image_364_20.jpg,बिना‌,hindi
train/hindi/D_image_364_21.jpg,काम,hindi
train/hindi/D_image_364_22.jpg,के,hindi
train/hindi/D_image_364_23.jpg,अन्दर,hindi
train/hindi/D_image_364_24.jpg,ना‌,hindi
train/hindi/D_image_364_25.jpg,आयें,hindi
train/hindi/D_image_364_26.jpg,सिर्फ,hindi
train/hindi/D_image_364_27.jpg,वॉलिंटर,hindi
train/hindi/D_image_364_28.jpg,और‍,hindi
train/hindi/D_image_364_29.jpg,न‌,hindi
train/hindi/D_image_364_3.jpg,ही,hindi
train/hindi/D_image_364_30.jpg,करें,hindi
train/hindi/D_image_364_31.jpg,होती,hindi
train/hindi/D_image_364_32.jpg,है‍,hindi
train/hindi/D_image_364_4.jpg,मेहमान,hindi
train/hindi/D_image_364_5.jpg,पीड़ित,hindi
train/hindi/D_image_364_6.jpg,कि‍,hindi
train/hindi/D_image_364_7.jpg,से‍,hindi
train/hindi/D_image_364_8.jpg,लोगो,hindi
train/hindi/D_image_364_9.jpg,मुकामी,hindi
train/hindi/D_image_365_1.jpg,पुरातत्त्व,hindi
train/hindi/D_image_365_2.jpg,सग्रहालय,hindi
train/hindi/D_image_366_2.jpg,पुरातत्व,hindi
train/hindi/D_image_366_3.jpg,सग्रहालय,hindi
train/hindi/D_image_368_2.jpg,प्लेटफॉर्म,hindi
train/hindi/D_image_37_0.jpg,दौड़,hindi
train/hindi/D_image_37_1.jpg,अक्टूबर,hindi
train/hindi/D_image_37_10.jpg,एकता,hindi
train/hindi/D_image_37_12.jpg,सत्यमेव,hindi
train/hindi/D_image_37_13.jpg,जयते,hindi
train/hindi/D_image_37_3.jpg,सरदार,hindi
train/hindi/D_image_37_4.jpg,वल्लभभाई,hindi
train/hindi/D_image_37_5.jpg,पटेल,hindi
train/hindi/D_image_37_6.jpg,जयंती,hindi
train/hindi/D_image_37_7.jpg,राष्ट्रीय,hindi
train/hindi/D_image_37_8.jpg,एकता,hindi
train/hindi/D_image_37_9.jpg,दिवस,hindi
train/hindi/D_image_370_10.jpg,पद्रीद्वारे,hindi
train/hindi/D_image_370_6.jpg,यूनियन,hindi
train/hindi/D_image_370_7.jpg,बैंक,hindi
train/hindi/D_image_370_8.jpg,बैक,hindi
train/hindi/D_image_370_9.jpg,ऑफ,hindi
train/hindi/D_image_371_2.jpg,विंघ्याचल,hindi
train/hindi/D_image_371_3.jpg,छात्रावास,hindi
train/hindi/D_image_375_2.jpg,मुजेसर,hindi
train/hindi/D_image_375_3.jpg,एस्कॉर्ट्‌स,hindi
train/hindi/D_image_376_0.jpg,सुकवण्य,hindi
train/hindi/D_image_376_1.jpg,भात,hindi
train/hindi/D_image_376_2.jpg,साळ,hindi
train/hindi/D_image_39_4.jpg,५।१०७९,hindi
train/hindi/D_image_39_6.jpg,सितारा,hindi
train/hindi/D_image_39_7.jpg,पर्ल,hindi
train/hindi/D_image_397_1.jpg,निषेध,hindi
train/hindi/D_image_397_2.jpg,सूचना,hindi
train/hindi/D_image_397_21.jpg,अर्न्तराष्‍ट्रीय,hindi
train/hindi/D_image_397_51.jpg,विशेष,hindi
train/hindi/D_image_397_52.jpg,प्रवेश,hindi
train/hindi/D_image_399_0.jpg,लाभ,hindi
train/hindi/D_image_399_1.jpg,जा,hindi
train/hindi/D_image_399_10.jpg,पावन,hindi
train/hindi/D_image_399_11.jpg,के,hindi
train/hindi/D_image_399_12.jpg,जयन्ती,hindi
train/hindi/D_image_399_13.jpg,महावीर,hindi
train/hindi/D_image_399_14.jpg,हार्दिक,hindi
train/hindi/D_image_399_15.jpg,बधाई,hindi
train/hindi/D_image_399_17.jpg,महावार,hindi
train/hindi/D_image_399_18.jpg,का‍,hindi
train/hindi/D_image_399_19.jpg,आर,hindi
train/hindi/D_image_399_2.jpg,नाथ,hindi
train/hindi/D_image_399_20.jpg,जीने,hindi
train/hindi/D_image_399_3.jpg,श्री,hindi
train/hindi/D_image_399_4.jpg,हर,hindi
train/hindi/D_image_399_5.jpg,दी,hindi
train/hindi/D_image_399_6.jpg,माता,hindi
train/hindi/D_image_399_7.jpg,जय,hindi
train/hindi/D_image_399_8.jpg,पर,hindi
train/hindi/D_image_399_9.jpg,अवसर,hindi
train/hindi/D_image_400_0.jpg,पूर्व,hindi
train/hindi/D_image_400_5.jpg,सामान,hindi
train/hindi/D_image_400_6.jpg,ब्रेक,hindi
train/hindi/D_image_400_7.jpg,और‍,hindi
train/hindi/D_image_400_8.jpg,जेनरेटर,hindi
train/hindi/D_image_400_9.jpg,का‍र,hindi
train/hindi/D_image_410_1.jpg,गोकुलपुरी,hindi
train/hindi/D_image_412_10.jpg,दिल्ली,hindi
train/hindi/D_image_412_11.jpg,खिड़की,hindi
train/hindi/D_image_412_12.jpg,आपातकालीन,hindi
train/hindi/D_image_412_13.jpg,2.टियर,hindi
train/hindi/D_image_412_14.jpg,एवं,hindi
train/hindi/D_image_412_15.jpg,प्रथम,hindi
train/hindi/D_image_412_16.jpg,वातानुकूलित,hindi
train/hindi/D_image_412_17.jpg,वातानुकूलित,hindi
train/hindi/D_image_412_19.jpg,लखनऊ,hindi
train/hindi/D_image_412_20.jpg,नई,hindi
train/hindi/D_image_412_21.jpg,आगरा,hindi
train/hindi/D_image_412_22.jpg,कैण्ट,hindi
train/hindi/D_image_412_23.jpg,नई,hindi
train/hindi/D_image_412_24.jpg,दिल्ली,hindi
train/hindi/D_image_412_25.jpg,मथुरा,hindi
train/hindi/D_image_412_5.jpg,एक्सप्रेस,hindi
train/hindi/D_image_412_6.jpg,कैण्ट,hindi
train/hindi/D_image_412_7.jpg,आगरा,hindi
train/hindi/D_image_412_8.jpg,एक्सप्रेस,hindi
train/hindi/D_image_412_9.jpg,गोमती,hindi
train/hindi/D_image_413_10.jpg,अप,hindi
train/hindi/D_image_413_12.jpg,डा०,hindi
train/hindi/D_image_413_6.jpg,हिसार,hindi
train/hindi/D_image_413_8.jpg,गोरखपुर,hindi
train/hindi/D_image_415_10.jpg,2 टियर,hindi
train/hindi/D_image_415_5.jpg,गोरखपुर,hindi
train/hindi/D_image_415_6.jpg,अप,hindi
train/hindi/D_image_415_9.jpg,हिसार,hindi
train/hindi/D_image_417_2.jpg,सरकार,hindi
train/hindi/D_image_417_3.jpg,झारखण्ड,hindi
train/hindi/D_image_417_5.jpg,सत्यमेव,hindi
train/hindi/D_image_417_6.jpg,जयते,hindi
train/hindi/D_image_419_1.jpg,गोविन्दपुरी,hindi
train/hindi/D_image_419_2.jpg,गोविन्दपुरी,hindi
train/hindi/D_image_420_1.jpg,प्राणी,hindi
train/hindi/D_image_420_2.jpg,राष्‍ट्रीय,hindi
train/hindi/D_image_420_3.jpg,का,hindi
train/hindi/D_image_420_4.jpg,मनुष्य,hindi
train/hindi/D_image_421_5.jpg,प्राणी,hindi
train/hindi/D_image_421_6.jpg,ष्ट्रीय,hindi
train/hindi/D_image_421_7.jpg,रा,hindi
train/hindi/D_image_421_8.jpg,मनुष्य,hindi
train/hindi/D_image_421_9.jpg,का,hindi
train/hindi/D_image_422_11.jpg,ओर‍,hindi
train/hindi/D_image_422_12.jpg,‍की,hindi
train/hindi/D_image_422_13.jpg,मुण्डका,hindi
train/hindi/D_image_422_15.jpg,राजधानी,hindi
train/hindi/D_image_422_17.jpg,गन्तव्य,hindi
train/hindi/D_image_422_19.jpg,कीर्ति,hindi
train/hindi/D_image_422_2.jpg,ओर,hindi
train/hindi/D_image_422_20.jpg,‍की,hindi
train/hindi/D_image_422_3.jpg,नगर,hindi
train/hindi/D_image_422_4.jpg,इन्द्रलोक,hindi
train/hindi/D_image_422_5.jpg,स्थान,hindi
train/hindi/D_image_422_7.jpg,पार्क,hindi
train/hindi/D_image_424_0.jpg,है‍,hindi
train/hindi/D_image_424_1.jpg,जाता,hindi
train/hindi/D_image_424_2.jpg,लादा,hindi
train/hindi/D_image_424_3.jpg,क्रूस,hindi
train/hindi/D_image_424_4.jpg,पर,hindi
train/hindi/D_image_424_5.jpg,कंधे,hindi
train/hindi/D_image_424_6.jpg,सरास्थान,hindi
train/hindi/D_image_425_0.jpg,प्रणाम,hindi
train/hindi/D_image_425_1.jpg,मरिया,hindi
train/hindi/D_image_426_0.jpg,कर,hindi
train/hindi/D_image_426_1.jpg,पूरी,hindi
train/hindi/D_image_426_2.jpg,और,hindi
train/hindi/D_image_426_3.jpg,सन,hindi
train/hindi/D_image_426_4.jpg,को,hindi
train/hindi/D_image_426_5.jpg,ममतामयी,hindi
train/hindi/D_image_426_6.jpg,माँ,hindi
train/hindi/D_image_426_7.jpg,हमारी,hindi
train/hindi/D_image_426_8.jpg,विन्तियों,hindi
train/hindi/D_image_428_0.jpg,गड़ेरिये,hindi
train/hindi/D_image_428_1.jpg,भले,hindi
train/hindi/D_image_429_0.jpg,आइडिया,hindi
train/hindi/D_image_429_1.jpg,स्टोर्स,hindi
train/hindi/D_image_429_10.jpg,हर,hindi
train/hindi/D_image_429_11.jpg,हाथ,hindi
train/hindi/D_image_429_12.jpg,शक्ति,hindi
train/hindi/D_image_429_14.jpg,वेराईटी,hindi
train/hindi/D_image_429_4.jpg,तरक्‍की,hindi
train/hindi/D_image_429_5.jpg,हाथ,hindi
train/hindi/D_image_429_6.jpg,हर,hindi
train/hindi/D_image_429_7.jpg,मैं,hindi
train/hindi/D_image_429_8.jpg,नहीं,hindi
train/hindi/D_image_429_9.jpg,हम,hindi
train/hindi/D_image_43_0.jpg,जवान,hindi
train/hindi/D_image_43_1.jpg,अम,hindi
train/hindi/D_image_43_2.jpg,अमर,hindi
train/hindi/D_image_43_3.jpg,जवान,hindi
train/hindi/D_image_433_1.jpg,वनज,hindi
train/hindi/D_image_434_2.jpg,वनज,hindi
train/hindi/D_image_435_0.jpg,बणम,hindi
train/hindi/D_image_436_10.jpg,ज,hindi
train/hindi/D_image_436_5.jpg,वनज,hindi
train/hindi/D_image_436_6.jpg,वनज,hindi
train/hindi/D_image_436_8.jpg,वनज,hindi
train/hindi/D_image_436_9.jpg,सत्यमेव,hindi
train/hindi/D_image_441_1.jpg,जाएँगे,hindi
train/hindi/D_image_441_10.jpg,बाग,hindi
train/hindi/D_image_441_2.jpg,तख्त,hindi
train/hindi/D_image_441_3.jpg,जाएँगे,hindi
train/hindi/D_image_441_4.jpg,तजि,hindi
train/hindi/D_image_441_5.jpg,सब,hindi
train/hindi/D_image_441_6.jpg,उछाले,hindi
train/hindi/D_image_441_7.jpg,सब,hindi
train/hindi/D_image_441_8.jpg,गिराए,hindi
train/hindi/D_image_441_9.jpg,शाहीन,hindi
train/hindi/D_image_444_5.jpg,विज्ञ,hindi
train/hindi/D_image_444_8.jpg,जून,hindi
train/hindi/D_image_445_13.jpg,ओखला,hindi
train/hindi/D_image_445_14.jpg,हरकेश,hindi
train/hindi/D_image_445_17.jpg,महिलायें,hindi
train/hindi/D_image_445_18.jpg,केवल,hindi
train/hindi/D_image_445_22.jpg,समय\Time,hindi
train/hindi/D_image_445_24.jpg,स्‍थान,hindi
train/hindi/D_image_445_25.jpg,गन्तव्य,hindi
train/hindi/D_image_445_26.jpg,नगर,hindi
train/hindi/D_image_445_28.jpg,कृपया,hindi
train/hindi/D_image_445_29.jpg,ध्यान,hindi
train/hindi/D_image_445_30.jpg,दें,hindi
train/hindi/D_image_445_33.jpg,कृपया,hindi
train/hindi/D_image_445_34.jpg,अपना,hindi
train/hindi/D_image_445_35.jpg,सामान,hindi
train/hindi/D_image_445_36.jpg,सदैव,hindi
train/hindi/D_image_445_37.jpg,अपते,hindi
train/hindi/D_image_445_4.jpg,है।,hindi
train/hindi/D_image_445_40.jpg,यात्री,hindi
train/hindi/D_image_445_41.jpg,अपने,hindi
train/hindi/D_image_445_5.jpg,उत्तरदायी,hindi
train/hindi/D_image_445_7.jpg,लिए,hindi
train/hindi/D_image_445_8.jpg,के,hindi
train/hindi/D_image_448_1.jpg,लि.,hindi
train/hindi/D_image_448_4.jpg,दिल्ली,hindi
train/hindi/D_image_448_5.jpg,मेट्रो,hindi
train/hindi/D_image_448_6.jpg,रेल,hindi
train/hindi/D_image_448_7.jpg,कॉर्पोरेशन,hindi
train/hindi/D_image_45_10.jpg,दिल्ली,hindi
train/hindi/D_image_45_13.jpg,कन्ट,hindi
train/hindi/D_image_45_15.jpg,अयो,hindi
train/hindi/D_image_45_17.jpg,प्रतापगढ जं.,hindi
train/hindi/D_image_45_2.jpg,भारतीय,hindi
train/hindi/D_image_45_24.jpg,रेल,hindi
train/hindi/D_image_451_1.jpg,हौज,hindi
train/hindi/D_image_451_11.jpg,गेट,hindi
train/hindi/D_image_451_12.jpg,गेट,hindi
train/hindi/D_image_451_14.jpg,पार्किंग,hindi
train/hindi/D_image_451_15.jpg,निषेध,hindi
train/hindi/D_image_451_4.jpg,निषेध,hindi
train/hindi/D_image_451_5.jpg,निकास,hindi
train/hindi/D_image_451_8.jpg,खास,hindi
train/hindi/D_image_451_9.jpg,हौज,hindi
train/hindi/D_image_452_3.jpg,मस्जिद,hindi
train/hindi/D_image_452_4.jpg,हौज,hindi
train/hindi/D_image_452_5.jpg,रानी,hindi
train/hindi/D_image_452_6.jpg,गाँव,hindi
train/hindi/D_image_452_7.jpg,(बड़ी,hindi
train/hindi/D_image_454_10.jpg,निजामुद्दीन,hindi
train/hindi/D_image_454_11.jpg,भारतीय,hindi
train/hindi/D_image_454_12.jpg,रेल,hindi
train/hindi/D_image_454_16.jpg,प्‍लेटफार्म,hindi
train/hindi/D_image_454_17.jpg,1 से 8,hindi
train/hindi/D_image_454_18.jpg,टिकट,hindi
train/hindi/D_image_454_19.jpg,घर,hindi
train/hindi/D_image_454_20.jpg,पूछताछ,hindi
train/hindi/D_image_454_21.jpg,प्‍लेटफार्म,hindi
train/hindi/D_image_454_22.jpg,टिकट,hindi
train/hindi/D_image_454_23.jpg,आज,hindi
train/hindi/D_image_454_24.jpg,‍का‍,hindi
train/hindi/D_image_454_25.jpg,आरक्षण,hindi
train/hindi/D_image_454_26.jpg,पार्किंग,hindi
train/hindi/D_image_454_27.jpg,निषेध,hindi
train/hindi/D_image_454_9.jpg,हजरत,hindi
train/hindi/D_image_458_10.jpg,जय,hindi
train/hindi/D_image_458_11.jpg,मां,hindi
train/hindi/D_image_458_12.jpg,हड़िम्बा,hindi
train/hindi/D_image_458_13.jpg,कृपया,hindi
train/hindi/D_image_458_14.jpg,श्रदालु,hindi
train/hindi/D_image_458_15.jpg,भेंट,hindi
train/hindi/D_image_458_16.jpg,दानपात्र,hindi
train/hindi/D_image_458_17.jpg,में,hindi
train/hindi/D_image_458_18.jpg,ही,hindi
train/hindi/D_image_458_19.jpg,डाले,hindi
train/hindi/D_image_458_7.jpg,अन्दर,hindi
train/hindi/D_image_458_9.jpg,बाहर,hindi
train/hindi/D_image_459_2.jpg,स्थान,hindi
train/hindi/D_image_459_4.jpg,प्राचीन,hindi
train/hindi/D_image_459_5.jpg,घटोत्कच,hindi
train/hindi/D_image_459_6.jpg,पूजा,hindi
train/hindi/D_image_459_8.jpg,मा.,hindi
train/hindi/D_image_461_1.jpg,ही,hindi
train/hindi/D_image_461_107.jpg,१८८०सास१५५२०,hindi
train/hindi/D_image_461_150.jpg,सूचना,hindi
train/hindi/D_image_461_151.jpg,मांस्क,hindi
train/hindi/D_image_461_152.jpg,मे,hindi
train/hindi/D_image_461_153.jpg,है,hindi
train/hindi/D_image_461_154.jpg,मैं,hindi
train/hindi/D_image_461_155.jpg,रखें,hindi
train/hindi/D_image_461_2.jpg,शूरैक,hindi
train/hindi/D_image_461_3.jpg,निषिध,hindi
train/hindi/D_image_461_35.jpg,रिड,hindi
train/hindi/D_image_461_4.jpg,प्रवेश,hindi
train/hindi/D_image_461_5.jpg,मन्दिर,hindi
train/hindi/D_image_461_6.jpg,बिना,hindi
train/hindi/D_image_461_7.jpg,जरूरी,hindi
train/hindi/D_image_466_4.jpg,केनरा,hindi
train/hindi/D_image_466_5.jpg,बैँक,hindi
train/hindi/D_image_466_8.jpg,केनरा,hindi
train/hindi/D_image_466_9.jpg,बैंक,hindi
train/hindi/D_image_467_11.jpg,बैंक,hindi
train/hindi/D_image_467_12.jpg,केनरा,hindi
train/hindi/D_image_470_1.jpg,केनरा,hindi
train/hindi/D_image_470_11.jpg,बैंक,hindi
train/hindi/D_image_470_18.jpg,बैंक,hindi
train/hindi/D_image_470_2.jpg,बैंक,hindi
train/hindi/D_image_470_3.jpg,केनरा,hindi
train/hindi/D_image_471_1.jpg,होडल,hindi
train/hindi/D_image_472_10.jpg,कलाम,hindi
train/hindi/D_image_472_3.jpg,समारोहः२०,hindi
train/hindi/D_image_472_4.jpg,संस्थान,hindi
train/hindi/D_image_472_5.jpg,२०१२,hindi
train/hindi/D_image_472_6.jpg,रविवार,hindi
train/hindi/D_image_472_7.jpg,तिथि,hindi
train/hindi/D_image_472_8.jpg,जे.,hindi
train/hindi/D_image_472_9.jpg,अब्दुल,hindi
train/hindi/D_image_476_1.jpg,एक्सप्रॆस,hindi
train/hindi/D_image_476_10.jpg,जनता,hindi
train/hindi/D_image_477_1.jpg,रेलवे,hindi
train/hindi/D_image_477_2.jpg,उत्तर,hindi
train/hindi/D_image_477_3.jpg,गाज़ियाबाद,hindi
train/hindi/D_image_48_2.jpg,खिड़की,hindi
train/hindi/D_image_48_3.jpg,आपातकालीन,hindi
train/hindi/D_image_48_4.jpg,यान,hindi
train/hindi/D_image_48_5.jpg,कुर्सी,hindi
train/hindi/D_image_48_6.jpg,वातानुकूलित,hindi
train/hindi/D_image_491_10.jpg,एसबीबीजे,hindi
train/hindi/D_image_491_12.jpg,एसबीबीजे,hindi
train/hindi/D_image_491_2.jpg,चौक,hindi
train/hindi/D_image_491_3.jpg,इफको,hindi
train/hindi/D_image_491_5.jpg,एसबीबीजे,hindi
train/hindi/D_image_491_8.jpg,चौक,hindi
train/hindi/D_image_491_9.jpg,इफको,hindi
train/hindi/D_image_494_3.jpg,केन्द्र,hindi
train/hindi/D_image_494_4.jpg,कला,hindi
train/hindi/D_image_494_5.jpg,राष्ट्रीय,hindi
train/hindi/D_image_494_6.jpg,इन्दिरा,hindi
train/hindi/D_image_494_7.jpg,गाँधी,hindi
train/hindi/D_image_496_5.jpg,सिद्धिर्भवति,hindi
train/hindi/D_image_496_6.jpg,कर्मजा,hindi
train/hindi/D_image_497_4.jpg,भारतीय,hindi
train/hindi/D_image_497_5.jpg,प्रौद्योगिकी,hindi
train/hindi/D_image_497_6.jpg,संस्थान,hindi
train/hindi/D_image_497_7.jpg,भुवनेश्वर,hindi
train/hindi/D_image_499_0.jpg,रासायनिक,hindi
train/hindi/D_image_499_1.jpg,केमिकल,hindi
train/hindi/D_image_499_2.jpg,इंजीनियरिंग,hindi
train/hindi/D_image_50_1.jpg,एम्स,hindi
train/hindi/D_image_501_4.jpg,दिल्ली,hindi
train/hindi/D_image_501_5.jpg,संस्थान,hindi
train/hindi/D_image_501_6.jpg,प्रौद्योगिकी,hindi
train/hindi/D_image_501_7.jpg,भारतीय,hindi
train/hindi/D_image_505_0.jpg,भारतीय,hindi
train/hindi/D_image_505_1.jpg,प्रौद्योगिकी,hindi
train/hindi/D_image_505_2.jpg,संस्थान,hindi
train/hindi/D_image_505_3.jpg,दिल्ली,hindi
train/hindi/D_image_506_10.jpg,भारत,hindi
train/hindi/D_image_506_11.jpg,उन्नत,hindi
train/hindi/D_image_506_5.jpg,दिल्ली,hindi
train/hindi/D_image_506_6.jpg,संस्थान,hindi
train/hindi/D_image_506_7.jpg,प्रौद्योगिकी,hindi
train/hindi/D_image_506_8.jpg,भारतीय,hindi
train/hindi/D_image_506_9.jpg,अभियान,hindi
train/hindi/D_image_507_1.jpg,छात्रावास,hindi
train/hindi/D_image_507_2.jpg,कुमाऊँ,hindi
train/hindi/D_image_507_3.jpg,छात्रावास,hindi
train/hindi/D_image_507_4.jpg,विंध्याचल,hindi
train/hindi/D_image_507_5.jpg,छात्रावास,hindi
train/hindi/D_image_507_6.jpg,शिवालिक,hindi
train/hindi/D_image_507_7.jpg,ज्वाला,hindi
train/hindi/D_image_507_8.jpg,मुखी,hindi
train/hindi/D_image_507_9.jpg,धात्रावास,hindi
train/hindi/D_image_509_2.jpg,अतिथि,hindi
train/hindi/D_image_509_3.jpg,मुख्य,hindi
train/hindi/D_image_509_4.jpg,गृह,hindi
train/hindi/D_image_510_1.jpg,मानक,hindi
train/hindi/D_image_510_10.jpg,मानकः,hindi
train/hindi/D_image_510_11.jpg,भारतीय,hindi
train/hindi/D_image_510_12.jpg,मानक,hindi
train/hindi/D_image_510_13.jpg,ब्यूरो,hindi
train/hindi/D_image_510_14.jpg,६०७८२०,hindi
train/hindi/D_image_510_20.jpg,३००१,hindi
train/hindi/D_image_510_23.jpg,भारतीय,hindi
train/hindi/D_image_510_24.jpg,मानक,hindi
train/hindi/D_image_510_25.jpg,ब्यूरो,hindi
train/hindi/D_image_510_30.jpg,पार्किंग,hindi
train/hindi/D_image_510_31.jpg,निषेध,hindi
train/hindi/D_image_510_40.jpg,भारतीय,hindi
train/hindi/D_image_510_41.jpg,ब्यूरो,hindi
train/hindi/D_image_510_5.jpg,IIT,hindi
train/hindi/D_image_510_6.jpg,टी,hindi
train/hindi/D_image_510_7.jpg,आई,hindi
train/hindi/D_image_510_8.jpg,आई,hindi
train/hindi/D_image_510_9.jpg,पथप्रदर्शकः,hindi
train/hindi/D_image_515_17.jpg,प्रौद्योगिकी,hindi
train/hindi/D_image_515_6.jpg,भारतीय,hindi
train/hindi/D_image_515_7.jpg,संस्थान,hindi
train/hindi/D_image_515_8.jpg,खड़गपुर,hindi
train/hindi/D_image_516_0.jpg,मद्रास,hindi
train/hindi/D_image_516_1.jpg,संस्‍थान,hindi
train/hindi/D_image_516_2.jpg,प्रौद्योगिकी,hindi
train/hindi/D_image_516_3.jpg,भारतीय,hindi
train/hindi/D_image_518_3.jpg,पालक्काड,hindi
train/hindi/D_image_518_4.jpg,संस्थान,hindi
train/hindi/D_image_518_5.jpg,प्रौद्योगिकी,hindi
train/hindi/D_image_518_6.jpg,भारतीय,hindi
train/hindi/D_image_519_1.jpg,अगोरा,hindi
train/hindi/D_image_52_3.jpg,टर्मिनल,hindi
train/hindi/D_image_52_4.jpg,विहार,hindi
train/hindi/D_image_52_6.jpg,आनन्द,hindi
train/hindi/D_image_520_4.jpg,पालक्काड,hindi
train/hindi/D_image_520_5.jpg,संस्थान,hindi
train/hindi/D_image_520_6.jpg,प्रौद्योगि‍की,hindi
train/hindi/D_image_520_7.jpg,भारतीय,hindi
train/hindi/D_image_521_11.jpg,रूड़की,hindi
train/hindi/D_image_521_12.jpg,विश्‍वविद्यालय,hindi
train/hindi/D_image_521_6.jpg,वर्ष,hindi
train/hindi/D_image_521_7.jpg,केे,hindi
train/hindi/D_image_521_9.jpg,भारत,hindi
train/hindi/D_image_522_10.jpg,रोपड़,hindi
train/hindi/D_image_522_14.jpg,धीयो,hindi
train/hindi/D_image_522_15.jpg,यो,hindi
train/hindi/D_image_522_16.jpg,नः,hindi
train/hindi/D_image_522_17.jpg,प्रचोदयात्,hindi
train/hindi/D_image_522_7.jpg,भारतीय,hindi
train/hindi/D_image_522_8.jpg,प्रौद्योगिकी,hindi
train/hindi/D_image_522_9.jpg,संस्थान,hindi
train/hindi/D_image_524_10.jpg,कवाड़,hindi
train/hindi/D_image_524_11.jpg,सयाजी,hindi
train/hindi/D_image_524_12.jpg,राव,hindi
train/hindi/D_image_524_13.jpg,गायकवाड़,hindi
train/hindi/D_image_524_14.jpg,केन्द्रीय,hindi
train/hindi/D_image_524_15.jpg,ग्रन्थालय,hindi
train/hindi/D_image_524_20.jpg,काशी,hindi
train/hindi/D_image_524_21.jpg,हिन्द्र,hindi
train/hindi/D_image_524_22.jpg,विश्वविधालय,hindi
train/hindi/D_image_524_6.jpg,न्थालय,hindi
train/hindi/D_image_524_9.jpg,ग्रन्थालय,hindi
train/hindi/D_image_525_3.jpg,INSTITUTE,hindi
train/hindi/D_image_525_4.jpg,॥११०१३३,hindi
train/hindi/D_image_525_5.jpg,मुंबई,hindi
train/hindi/D_image_525_6.jpg,संस्थान,hindi
train/hindi/D_image_525_7.jpg,प्रौद्योगिकी,hindi
train/hindi/D_image_525_8.jpg,भारतीय,hindi
train/hindi/D_image_526_10.jpg,स्टेशन,hindi
train/hindi/D_image_526_11.jpg,प्रवेश,hindi
train/hindi/D_image_526_4.jpg,एक्सटेंशन,hindi
train/hindi/D_image_526_5.jpg,इन्द्रप्रस्थ,hindi
train/hindi/D_image_526_6.jpg,पार्किंग,hindi
train/hindi/D_image_526_7.jpg,निषेध,hindi
train/hindi/D_image_527_1.jpg,निषेध,hindi
train/hindi/D_image_527_10.jpg,JKTYRE,hindi
train/hindi/D_image_527_12.jpg,गेटनं,hindi
train/hindi/D_image_527_13.jpg,आई,hindi
train/hindi/D_image_527_14.jpg,टी,hindi
train/hindi/D_image_527_15.jpg,ओ,hindi
train/hindi/D_image_527_16.jpg,विराट,hindi
train/hindi/D_image_527_17.jpg,वैभव,hindi
train/hindi/D_image_527_18.jpg,आई॰टी॰ओ॰,hindi
train/hindi/D_image_527_22.jpg,पाकिंग,hindi
train/hindi/D_image_527_5.jpg,आईटीओ,hindi
train/hindi/D_image_53_0.jpg,भाई,hindi
train/hindi/D_image_53_1.jpg,नहीम,hindi
train/hindi/D_image_53_11.jpg,आनन्द,hindi
train/hindi/D_image_53_12.jpg,विहार,hindi
train/hindi/D_image_53_13.jpg,टर्मिनल,hindi
train/hindi/D_image_53_18.jpg,हिगर,hindi
train/hindi/D_image_53_20.jpg,मी‍,hindi
train/hindi/D_image_53_3.jpg,उँचाई,hindi
train/hindi/D_image_53_4.jpg,से,hindi
train/hindi/D_image_53_5.jpg,छत,hindi
train/hindi/D_image_53_6.jpg,समुद्र,hindi
train/hindi/D_image_530_0.jpg,विज्ञानमयोऽसि,hindi
train/hindi/D_image_530_1.jpg,ज्ञानमयो,hindi
train/hindi/D_image_530_2.jpg,त्वं,hindi
train/hindi/D_image_530_3.jpg,भारतीय,hindi
train/hindi/D_image_530_4.jpg,प्रौद्योगिकी,hindi
train/hindi/D_image_530_5.jpg,संस्थान,hindi
train/hindi/D_image_530_6.jpg,राजस्थान,hindi
train/hindi/D_image_534_0.jpg,भान,hindi
train/hindi/D_image_534_2.jpg,राधव,hindi
train/hindi/D_image_534_3.jpg,गोटा,hindi
train/hindi/D_image_534_4.jpg,स्टोर,hindi
train/hindi/D_image_536_0.jpg,पारिस्थितिकी,hindi
train/hindi/D_image_54_1.jpg,दुकान,hindi
train/hindi/D_image_54_2.jpg,गाज़ियाबाद,hindi
train/hindi/D_image_54_3.jpg,उत्तररेलवे,hindi
train/hindi/D_image_54_5.jpg,नई,hindi
train/hindi/D_image_54_6.jpg,दिल्ली,hindi
train/hindi/D_image_54_7.jpg,की,hindi
train/hindi/D_image_540_14.jpg,बैंक,hindi
train/hindi/D_image_540_15.jpg,इंडियन,hindi
train/hindi/D_image_540_16.jpg,शाखा,hindi
train/hindi/D_image_540_17.jpg,जी.जी.एस,hindi
train/hindi/D_image_540_18.jpg,इन्द्राप्रस्थ,hindi
train/hindi/D_image_540_19.jpg,यूनिर्वसिटी,hindi
train/hindi/D_image_540_20.jpg,सैक्टर,hindi
train/hindi/D_image_540_22.jpg,"सी,",hindi
train/hindi/D_image_540_23.jpg,द्वारका,hindi
train/hindi/D_image_542_2.jpg,धारवाड,hindi
train/hindi/D_image_542_7.jpg,भारतीय,hindi
train/hindi/D_image_542_8.jpg,प्रौद्योगिकी,hindi
train/hindi/D_image_542_9.jpg,संस्थान,hindi
train/hindi/D_image_546_2.jpg,रेखंड,hindi
train/hindi/D_image_546_3.jpg,डाक,hindi
train/hindi/D_image_546_4.jpg,भारतीय,hindi
train/hindi/D_image_546_6.jpg,मार्ग,hindi
train/hindi/D_image_546_7.jpg,संसद,hindi
train/hindi/D_image_546_8.jpg,भारतीय,hindi
train/hindi/D_image_546_9.jpg,डाक,hindi
train/hindi/D_image_556_0.jpg,पुरूष,hindi
train/hindi/D_image_557_10.jpg,शाकाहारी,hindi
train/hindi/D_image_557_11.jpg,शुध्द,hindi
train/hindi/D_image_557_12.jpg,भोजन,hindi
train/hindi/D_image_557_13.jpg,शाकाहारी,hindi
train/hindi/D_image_557_14.jpg,शुद्ध,hindi
train/hindi/D_image_557_21.jpg,पंजाबी,hindi
train/hindi/D_image_557_22.jpg,वैष्णों,hindi
train/hindi/D_image_557_23.jpg,ढाबा,hindi
train/hindi/D_image_557_24.jpg,शुद्ध,hindi
train/hindi/D_image_557_25.jpg,शाकाहारी,hindi
train/hindi/D_image_557_26.jpg,भोजन,hindi
train/hindi/D_image_557_27.jpg,पंजाबी,hindi
train/hindi/D_image_557_28.jpg,खाना,hindi
train/hindi/D_image_557_29.jpg,शुध्द,hindi
train/hindi/D_image_557_30.jpg,शाकाहारी,hindi
train/hindi/D_image_557_31.jpg,भोजन,hindi
train/hindi/D_image_557_35.jpg,भोजन,hindi
train/hindi/D_image_557_39.jpg,रेल,hindi
train/hindi/D_image_557_4.jpg,शाकाहारी,hindi
train/hindi/D_image_557_40.jpg,रिजर्वशन,hindi
train/hindi/D_image_557_43.jpg,रेल,hindi
train/hindi/D_image_557_44.jpg,रिजर्वेशन,hindi
train/hindi/D_image_557_5.jpg,शुद्ध,hindi
train/hindi/D_image_557_9.jpg,भोजन,hindi
train/hindi/D_image_565_1.jpg,प्लेटफॉर्म,hindi
train/hindi/D_image_565_12.jpg,नo,hindi
train/hindi/D_image_565_2.jpg,रोड,hindi
train/hindi/D_image_565_3.jpg,मिन्टो,hindi
train/hindi/D_image_565_5.jpg,निकास,hindi
train/hindi/D_image_565_8.jpg,पंचकुईया,hindi
train/hindi/D_image_565_9.jpg,रोड,hindi
train/hindi/D_image_566_0.jpg,लेटफ़ॉर्म,hindi
train/hindi/D_image_566_2.jpg,पिंक,hindi
train/hindi/D_image_566_3.jpg,लाइन,hindi
train/hindi/D_image_566_4.jpg,‍की,hindi
train/hindi/D_image_566_5.jpg,ओर‍,hindi
train/hindi/D_image_566_6.jpg,मजलिस,hindi
train/hindi/D_image_566_7.jpg,पार्क,hindi
train/hindi/D_image_566_8.jpg,शिव,hindi
train/hindi/D_image_566_9.jpg,विहार,hindi
train/hindi/D_image_567_5.jpg,अध्यक्ष,hindi
train/hindi/D_image_567_6.jpg,बोर्ड,hindi
train/hindi/D_image_567_7.jpg,रेलवे,hindi
train/hindi/D_image_568_0.jpg,रसोई,hindi
train/hindi/D_image_568_1.jpg,है,hindi
train/hindi/D_image_568_2.jpg,डेली,hindi
train/hindi/D_image_568_3.jpg,मे,hindi
train/hindi/D_image_568_4.jpg,ट्रिपला,hindi
train/hindi/D_image_568_5.jpg,आपका,hindi
train/hindi/D_image_568_6.jpg,स्‍वागत,hindi
train/hindi/D_image_569_3.jpg,भारत,hindi
train/hindi/D_image_569_4.jpg,में,hindi
train/hindi/D_image_569_5.jpg,आपका,hindi
train/hindi/D_image_569_6.jpg,स्‍वागत,hindi
train/hindi/D_image_569_7.jpg,है,hindi
train/hindi/D_image_57_0.jpg,जंग,hindi
train/hindi/D_image_57_1.jpg,सफ़दर,hindi
train/hindi/D_image_57_10.jpg,दलजीत,hindi
train/hindi/D_image_57_2.jpg,ग्रेस,hindi
train/hindi/D_image_57_3.jpg,सिंह,hindi
train/hindi/D_image_57_9.jpg,वोट,hindi
train/hindi/D_image_572_0.jpg,हो‍,hindi
train/hindi/D_image_572_1.jpg,हुए,hindi
train/hindi/D_image_572_10.jpg,प्लाज्मा,hindi
train/hindi/D_image_572_11.jpg,थेरेपी,hindi
train/hindi/D_image_572_12.jpg,‍ली,hindi
train/hindi/D_image_572_13.jpg,हो‍,hindi
train/hindi/D_image_572_2.jpg,एलर्जी,hindi
train/hindi/D_image_572_3.jpg,या,hindi
train/hindi/D_image_572_4.jpg,प्रतिक्रिया,hindi
train/hindi/D_image_572_5.jpg,जायेगा,hindi
train/hindi/D_image_572_6.jpg,लगाया,hindi
train/hindi/D_image_572_7.jpg,इलाज,hindi
train/hindi/D_image_572_8.jpg,क‍े,hindi
train/hindi/D_image_572_9.jpg,लिए,hindi
train/hindi/D_image_574_0.jpg,है,hindi
train/hindi/D_image_574_1.jpg,मिलता,hindi
train/hindi/D_image_574_10.jpg,नाम,hindi
train/hindi/D_image_574_11.jpg,अपने,hindi
train/hindi/D_image_574_12.jpg,हस्तकला,hindi
train/hindi/D_image_574_19.jpg,अपना,hindi
train/hindi/D_image_574_2.jpg,लाभ,hindi
train/hindi/D_image_574_20.jpg,नाम,hindi
train/hindi/D_image_574_21.jpg,लिख,hindi
train/hindi/D_image_574_22.jpg,गये,hindi
train/hindi/D_image_574_25.jpg,बंल,hindi
train/hindi/D_image_574_26.jpg,मंजन,hindi
train/hindi/D_image_574_28.jpg,का,hindi
train/hindi/D_image_574_3.jpg,मे,hindi
train/hindi/D_image_574_31.jpg,रक्ते,hindi
train/hindi/D_image_574_4.jpg,पाथेरिया,hindi
train/hindi/D_image_574_5.jpg,मंजन,hindi
train/hindi/D_image_574_6.jpg,आयुवेंदिक,hindi
train/hindi/D_image_574_7.jpg,हटवायें,hindi
train/hindi/D_image_574_8.jpg,ब्रास्लेट,hindi
train/hindi/D_image_574_9.jpg,का,hindi
train/hindi/D_image_576_0.jpg,हूँ।,hindi
train/hindi/D_image_576_1.jpg,अपना,hindi
train/hindi/D_image_576_10.jpg,योगदान,hindi
train/hindi/D_image_576_11.jpg,देने,hindi
train/hindi/D_image_576_12.jpg,का,hindi
train/hindi/D_image_576_13.jpg,आहवान,hindi
train/hindi/D_image_576_14.jpg,करता,hindi
train/hindi/D_image_576_2.jpg,में,hindi
train/hindi/D_image_576_3.jpg,अभियान,hindi
train/hindi/D_image_576_4.jpg,भारत,hindi
train/hindi/D_image_576_5.jpg,स्वच्छ,hindi
train/hindi/D_image_576_6.jpg,से,hindi
train/hindi/D_image_576_7.jpg,सभी,hindi
train/hindi/D_image_576_8.jpg,आप,hindi
train/hindi/D_image_576_9.jpg,मैं,hindi
train/hindi/D_image_577_2.jpg,त्यागनैके,hindi
train/hindi/D_image_577_3.jpg,अमृतत्वमानशुः,hindi
train/hindi/D_image_577_5.jpg,श्रद्धावान्,hindi
train/hindi/D_image_577_6.jpg,लभते,hindi
train/hindi/D_image_577_7.jpg,ज्ञानम्‌,hindi
train/hindi/D_image_581_1.jpg,जाफराबाद,hindi
train/hindi/D_image_582_0.jpg,पंजी,hindi
train/hindi/D_image_582_1.jpg,सभा,hindi
train/hindi/D_image_582_2.jpg,धर्म,hindi
train/hindi/D_image_582_3.jpg,श्री,hindi
train/hindi/D_image_582_4.jpg,नगर,hindi
train/hindi/D_image_582_5.jpg,कीर्ति,hindi
train/hindi/D_image_584_2.jpg,पुरी,hindi
train/hindi/D_image_584_3.jpg,जहांगीर,hindi
train/hindi/D_image_585_1.jpg,जामा,hindi
train/hindi/D_image_586_3.jpg,इस्लामिया,hindi
train/hindi/D_image_586_4.jpg,जामिया,hindi
train/hindi/D_image_586_5.jpg,मिल्लिया,hindi
train/hindi/D_image_586_7.jpg,गेट,hindi
train/hindi/D_image_586_8.jpg,न.,hindi
train/hindi/D_image_588_11.jpg,टियर,hindi
train/hindi/D_image_588_4.jpg,उरे,hindi
train/hindi/D_image_588_5.jpg,वातानुकूलित,hindi
train/hindi/D_image_588_6.jpg,जम्मू,hindi
train/hindi/D_image_588_7.jpg,तवी,hindi
train/hindi/D_image_588_8.jpg,काला।।,hindi
train/hindi/D_image_589_0.jpg,बाड़ी,hindi
train/hindi/D_image_589_1.jpg,ब्राहमन,hindi
train/hindi/D_image_590_12.jpg,ऊँचाई,hindi
train/hindi/D_image_590_13.jpg,335-261मी.,hindi
train/hindi/D_image_590_2.jpg,रेल,hindi
train/hindi/D_image_590_5.jpg,ब्राहमन,hindi
train/hindi/D_image_590_6.jpg,बाड़ी,hindi
train/hindi/D_image_590_8.jpg,लघुन्द्र,hindi
train/hindi/D_image_590_9.jpg,तल,hindi
train/hindi/D_image_591_0.jpg,विजय,hindi
train/hindi/D_image_592_3.jpg,बसन्तर,hindi
train/hindi/D_image_593_2.jpg,साम्बा,hindi
train/hindi/D_image_594_6.jpg,साम्बा,hindi
train/hindi/D_image_595_0.jpg,381-765मी.,hindi
train/hindi/D_image_595_1.jpg,ऊंचाई,hindi
train/hindi/D_image_595_2.jpg,की,hindi
train/hindi/D_image_595_3.jpg,तल,hindi
train/hindi/D_image_595_4.jpg,सेरेल,hindi
train/hindi/D_image_595_5.jpg,समुन्द्र,hindi
train/hindi/D_image_595_8.jpg,हीरानगर,hindi
train/hindi/D_image_597_2.jpg,नदी,hindi
train/hindi/D_image_597_3.jpg,तरना,hindi
train/hindi/D_image_598_11.jpg,टाटानगर,hindi
train/hindi/D_image_598_2.jpg,नारा,hindi
train/hindi/D_image_598_3.jpg,एक,hindi
train/hindi/D_image_598_4.jpg,गूंजेगा,hindi
train/hindi/D_image_598_7.jpg,बस,hindi
train/hindi/D_image_598_8.jpg,ही,hindi
train/hindi/D_image_599_1.jpg,‍का,hindi
train/hindi/D_image_599_2.jpg,झारखण्ड,hindi
train/hindi/D_image_599_3.jpg,खबर,hindi
train/hindi/D_image_599_4.jpg,प्रभात,hindi
train/hindi/D_image_599_5.jpg,झारखण्ड,hindi
train/hindi/D_image_599_6.jpg,टाटानगर,hindi
train/hindi/D_image_599_8.jpg,झाररवण्ड,hindi
train/hindi/D_image_601_3.jpg,राँची,hindi
train/hindi/D_image_601_6.jpg,बहरागोडा,hindi
train/hindi/D_image_602_3.jpg,पश्चिम,hindi
train/hindi/D_image_602_4.jpg,जनकपुरी,hindi
train/hindi/D_image_603_2.jpg,जनकपुरी,hindi
train/hindi/D_image_603_3.jpg,पूर्व,hindi
train/hindi/D_image_605_2.jpg,जंगपुरा,hindi
train/hindi/D_image_607_1.jpg,सामान,hindi
train/hindi/D_image_607_11.jpg,देहरादुन,hindi
train/hindi/D_image_607_12.jpg,नई,hindi
train/hindi/D_image_607_13.jpg,दिल्ली,hindi
train/hindi/D_image_607_3.jpg,जन,hindi
train/hindi/D_image_607_4.jpg,शताब्दी,hindi
train/hindi/D_image_607_8.jpg,एक्सप्रेस,hindi
train/hindi/D_image_608_1.jpg,शादी,hindi
train/hindi/D_image_608_10.jpg,कार्यालय,hindi
train/hindi/D_image_608_11.jpg,चुनाव,hindi
train/hindi/D_image_608_12.jpg,चिन्ह,hindi
train/hindi/D_image_608_13.jpg,तीर,hindi
train/hindi/D_image_608_14.jpg,जनता,hindi
train/hindi/D_image_608_15.jpg,दल,hindi
train/hindi/D_image_608_16.jpg,यूनाईटेड,hindi
train/hindi/D_image_608_24.jpg,7 नः,hindi
train/hindi/D_image_608_9.jpg,केन्द्रीय,hindi
train/hindi/D_image_610_0.jpg,जसीडीह,hindi
train/hindi/D_image_610_1.jpg,जंक्शन,hindi
train/hindi/D_image_611_0.jpg,जसीडीह,hindi
train/hindi/D_image_611_1.jpg,वास्को-डा-गामा,hindi
train/hindi/D_image_611_3.jpg,६७८।,hindi
train/hindi/D_image_611_8.jpg,जसीडीह,hindi
train/hindi/D_image_611_9.jpg,जं,hindi
train/hindi/D_image_615_0.jpg,सभा,hindi
train/hindi/D_image_615_1.jpg,राज्य,hindi
train/hindi/D_image_615_2.jpg,सत्यमेव,hindi
train/hindi/D_image_615_3.jpg,जयते,hindi
train/hindi/D_image_615_4.jpg,सत्यमेव,hindi
train/hindi/D_image_615_5.jpg,जयते,hindi
train/hindi/D_image_616_2.jpg,रेल,hindi
train/hindi/D_image_616_3.jpg,भारतीय,hindi
train/hindi/D_image_616_4.jpg,सत्यमेव,hindi
train/hindi/D_image_616_5.jpg,जयते,hindi
train/hindi/D_image_619_7.jpg,गजानन,hindi
train/hindi/D_image_619_8.jpg,द्वार,hindi
train/hindi/D_image_62_0.jpg,स्वच्छ,hindi
train/hindi/D_image_62_1.jpg,पर्यटन,hindi
train/hindi/D_image_62_10.jpg,अतुल्य,hindi
train/hindi/D_image_62_11.jpg,भारत,hindi
train/hindi/D_image_62_2.jpg,स्वच्छ,hindi
train/hindi/D_image_62_3.jpg,भारत,hindi
train/hindi/D_image_62_4.jpg,स्वच्छ,hindi
train/hindi/D_image_62_7.jpg,मंत्रालय,hindi
train/hindi/D_image_62_8.jpg,पर्यटन,hindi
train/hindi/D_image_621_11.jpg,सरकार,hindi
train/hindi/D_image_621_12.jpg,भारत,hindi
train/hindi/D_image_621_13.jpg,विभाग,hindi
train/hindi/D_image_621_14.jpg,शिकायत,hindi
train/hindi/D_image_621_15.jpg,लोक,hindi
train/hindi/D_image_621_16.jpg,और‍,hindi
train/hindi/D_image_621_17.jpg,प्रशासनिक,hindi
train/hindi/D_image_621_18.jpg,सुधार,hindi
train/hindi/D_image_621_19.jpg,सत्यमेव,hindi
train/hindi/D_image_621_20.jpg,जयते,hindi
train/hindi/D_image_626_1.jpg,लोक,hindi
train/hindi/D_image_626_10.jpg,सरकार,hindi
train/hindi/D_image_626_2.jpg,सुधार,hindi
train/hindi/D_image_626_3.jpg,और,hindi
train/hindi/D_image_626_4.jpg,प्रशासनिक,hindi
train/hindi/D_image_626_5.jpg,सत्यमेव,hindi
train/hindi/D_image_626_6.jpg,जयते,hindi
train/hindi/D_image_626_7.jpg,शिकायत,hindi
train/hindi/D_image_626_8.jpg,विभाग,hindi
train/hindi/D_image_626_9.jpg,भारत,hindi
train/hindi/D_image_628_0.jpg,साहित्य,hindi
train/hindi/D_image_628_10.jpg,कथा-,hindi
train/hindi/D_image_628_11.jpg,साहित्य,hindi
train/hindi/D_image_628_14.jpg,अग्रेजी,hindi
train/hindi/D_image_628_15.jpg,कवा-,hindi
train/hindi/D_image_628_3.jpg,साहित्य,hindi
train/hindi/D_image_628_4.jpg,हिन्दी,hindi
train/hindi/D_image_628_6.jpg,प्रबंधन,hindi
train/hindi/D_image_628_8.jpg,प्रबंधन,hindi
train/hindi/D_image_628_9.jpg,अग्रेजी,hindi
train/hindi/D_image_63_0.jpg,शासकीय,hindi
train/hindi/D_image_63_1.jpg,उच्चत्तर,hindi
train/hindi/D_image_63_2.jpg,माध्यमिक,hindi
train/hindi/D_image_63_3.jpg,विद्या,hindi
train/hindi/D_image_630_0.jpg,जोहरी,hindi
train/hindi/D_image_630_1.jpg,एन्कलेव,hindi
train/hindi/D_image_631_0.jpg,बोर्ड,hindi
train/hindi/D_image_631_1.jpg,रेलवे,hindi
train/hindi/D_image_631_2.jpg,अध्यक्ष,hindi
train/hindi/D_image_631_3.jpg,बत्रा,hindi
train/hindi/D_image_631_4.jpg,प्रकाश,hindi
train/hindi/D_image_631_5.jpg,जय,hindi
train/hindi/D_image_634_1.jpg,डब्ल्यूएपी.7,hindi
train/hindi/D_image_634_2.jpg,गाज़ियाबाद,hindi
train/hindi/D_image_634_3.jpg,उत्तर,hindi
train/hindi/D_image_634_4.jpg,रेलवे,hindi
train/hindi/D_image_637_5.jpg,वनज,hindi
train/hindi/D_image_637_8.jpg,सत्यमेव,hindi
train/hindi/D_image_637_9.jpg,जयते,hindi
train/hindi/D_image_638_12.jpg,वनज,hindi
train/hindi/D_image_638_2.jpg,वनज-2015,hindi
train/hindi/D_image_638_3.jpg,वनज,hindi
train/hindi/D_image_638_5.jpg,राष्ट्रीय,hindi
train/hindi/D_image_638_6.jpg,जनजातीय,hindi
train/hindi/D_image_638_7.jpg,उत्सव,hindi
train/hindi/D_image_639_14.jpg,वनज,hindi
train/hindi/D_image_639_16.jpg,वनज,hindi
train/hindi/D_image_639_17.jpg,वनज-2015,hindi
train/hindi/D_image_639_3.jpg,ां,hindi
train/hindi/D_image_639_7.jpg,जयते,hindi
train/hindi/D_image_639_8.jpg,सत्यमेव,hindi
train/hindi/D_image_644_1.jpg,वनज,hindi
train/hindi/D_image_645_1.jpg,वनज,hindi
train/hindi/D_image_646_2.jpg,वनज,hindi
train/hindi/D_image_648_1.jpg,वनज,hindi
train/hindi/D_image_650_2.jpg,कैलाश,hindi
train/hindi/D_image_650_3.jpg,कॉलोनी,hindi
train/hindi/D_image_653_13.jpg,कालिंदी,hindi
train/hindi/D_image_653_14.jpg,कुंज,hindi
train/hindi/D_image_653_3.jpg,बाग,hindi
train/hindi/D_image_653_4.jpg,शाहीन,hindi
train/hindi/D_image_653_5.jpg,सैंक्चूएरी,hindi
train/hindi/D_image_653_6.jpg,विहार,hindi
train/hindi/D_image_653_7.jpg,जसोला,hindi
train/hindi/D_image_653_8.jpg,ओखला,hindi
train/hindi/D_image_653_9.jpg,बर्ड,hindi
train/hindi/D_image_655_1.jpg,कल्पना,hindi
train/hindi/D_image_655_2.jpg,चावला,hindi
train/hindi/D_image_655_3.jpg,अन्तरिक्ष,hindi
train/hindi/D_image_655_4.jpg,प्रौद्योगिकी,hindi
train/hindi/D_image_655_5.jpg,कक्ष,hindi
train/hindi/D_image_656_1.jpg,अनार,hindi
train/hindi/D_image_656_3.jpg,कल्पवृक्ष,hindi
train/hindi/D_image_656_4.jpg,HIBISUS,hindi
train/hindi/D_image_656_5.jpg,गुडहल,hindi
train/hindi/D_image_657_1.jpg,कालुबथान,hindi
train/hindi/D_image_657_4.jpg,शौचालय,hindi
train/hindi/D_image_658_10.jpg,सम्मेलन,hindi
train/hindi/D_image_658_11.jpg,का,hindi
train/hindi/D_image_658_12.jpg,प्रतिनिधियों,hindi
train/hindi/D_image_658_13.jpg,पंचायत,hindi
train/hindi/D_image_658_14.jpg,नगर,hindi
train/hindi/D_image_658_15.jpg,एवं,hindi
train/hindi/D_image_658_2.jpg,दिल्ली,hindi
train/hindi/D_image_658_22.jpg,मंत्रालय,hindi
train/hindi/D_image_658_23.jpg,विकास,hindi
train/hindi/D_image_658_24.jpg,शहरी।,hindi
train/hindi/D_image_658_25.jpg,सरकार,hindi
train/hindi/D_image_658_26.jpg,भारत,hindi
train/hindi/D_image_658_3.jpg,नई,hindi
train/hindi/D_image_661_1.jpg,सूच,hindi
train/hindi/D_image_661_2.jpg,न,hindi
train/hindi/D_image_662_2.jpg,यान,hindi
train/hindi/D_image_662_3.jpg,कुर्सी,hindi
train/hindi/D_image_662_4.jpg,वातानुकूलित,hindi
train/hindi/D_image_662_5.jpg,आपातकालीन,hindi
train/hindi/D_image_662_6.jpg,खिडकी,hindi
train/hindi/D_image_664_2.jpg,सरकार,hindi
train/hindi/D_image_664_5.jpg,भारत,hindi
train/hindi/D_image_669_1.jpg,प. लि.,hindi
train/hindi/D_image_669_14.jpg,कुळकर,hindi
train/hindi/D_image_669_15.jpg,सुबह,hindi
train/hindi/D_image_669_16.jpg,नाश्ते,hindi
train/hindi/D_image_669_17.jpg,में,hindi
train/hindi/D_image_669_18.jpg,नहारी,hindi
train/hindi/D_image_669_19.jpg,और‍,hindi
train/hindi/D_image_669_2.jpg,होटल,hindi
train/hindi/D_image_669_20.jpg,पाए,hindi
train/hindi/D_image_669_3.jpg,करीम,hindi
train/hindi/D_image_670_10.jpg,होटल,hindi
train/hindi/D_image_670_11.jpg,प. लि.,hindi
train/hindi/D_image_670_12.jpg,सुबह,hindi
train/hindi/D_image_670_13.jpg,नाश्ते,hindi
train/hindi/D_image_670_14.jpg,में,hindi
train/hindi/D_image_670_15.jpg,नहारी,hindi
train/hindi/D_image_670_16.jpg,और‍,hindi
train/hindi/D_image_670_17.jpg,पाए,hindi
train/hindi/D_image_670_2.jpg,करीम,hindi
train/hindi/D_image_671_14.jpg,करीम,hindi
train/hindi/D_image_671_16.jpg,होटल,hindi
train/hindi/D_image_671_17.jpg,प. लि.,hindi
train/hindi/D_image_671_2.jpg,पाए,hindi
train/hindi/D_image_671_3.jpg,और‍,hindi
train/hindi/D_image_671_4.jpg,नहारी,hindi
train/hindi/D_image_671_5.jpg,में,hindi
train/hindi/D_image_671_6.jpg,नाश्ते,hindi
train/hindi/D_image_671_7.jpg,सुबह,hindi
train/hindi/D_image_671_8.jpg,३२६४९६१,hindi
train/hindi/D_image_673_1.jpg,कड़कड़डूमा,hindi
train/hindi/D_image_674_10.jpg,यनयान,hindi
train/hindi/D_image_674_12.jpg,आपातकालीन,hindi
train/hindi/D_image_674_13.jpg,खिड़की,hindi
train/hindi/D_image_675_0.jpg,दिल्ली,hindi
train/hindi/D_image_675_1.jpg,विश्वनाथ,hindi
train/hindi/D_image_675_2.jpg,काशी,hindi
train/hindi/D_image_675_3.jpg,एक्सप्रेस,hindi
train/hindi/D_image_675_4.jpg,बनारस,hindi
train/hindi/D_image_675_7.jpg,नई,hindi
train/hindi/D_image_678_0.jpg,कश्मीरी,hindi
train/hindi/D_image_678_1.jpg,गेट,hindi
train/hindi/D_image_678_2.jpg,Kashmera,hindi
train/hindi/D_image_679_0.jpg,साथ,hindi
train/hindi/D_image_679_1.jpg,वरेटी,hindi
train/hindi/D_image_679_10.jpg,मोबाईल,hindi
train/hindi/D_image_679_11.jpg,चाईना,hindi
train/hindi/D_image_679_15.jpg,पर,hindi
train/hindi/D_image_679_16.jpg,रेट,hindi
train/hindi/D_image_679_17.jpg,केे,hindi
train/hindi/D_image_679_18.jpg,बाग,hindi
train/hindi/D_image_679_19.jpg,करोल,hindi
train/hindi/D_image_679_2.jpg,टाईम,hindi
train/hindi/D_image_679_20.jpg,राधे,hindi
train/hindi/D_image_679_21.jpg,राधे,hindi
train/hindi/D_image_679_26.jpg,नोकिया,hindi
train/hindi/D_image_679_27.jpg,मोबाइल,hindi
train/hindi/D_image_679_28.jpg,बैटरी,hindi
train/hindi/D_image_679_29.jpg,चार्जर,hindi
train/hindi/D_image_679_3.jpg,लाइफ,hindi
train/hindi/D_image_679_30.jpg,हैण्डफ्री,hindi
train/hindi/D_image_679_31.jpg,राधे,hindi
train/hindi/D_image_679_32.jpg,राधे,hindi
train/hindi/D_image_679_33.jpg,राधे,hindi
train/hindi/D_image_679_34.jpg,सामने,hindi
train/hindi/D_image_679_35.jpg,पधारे।,hindi
train/hindi/D_image_679_4.jpg,पाइए,hindi
train/hindi/D_image_679_5.jpg,पासपोर्ट,hindi
train/hindi/D_image_679_6.jpg,मोबाईल,hindi
train/hindi/D_image_679_7.jpg,फोटोस्टेट,hindi
train/hindi/D_image_679_8.jpg,फोटो,hindi
train/hindi/D_image_679_9.jpg,पासपोर्ट,hindi
train/hindi/D_image_682_0.jpg,ब्ब,hindi
train/hindi/D_image_682_1.jpg,मोबाईल,hindi
train/hindi/D_image_682_10.jpg,से,hindi
train/hindi/D_image_682_11.jpg,कतरों,hindi
train/hindi/D_image_682_12.jpg,जेब,hindi
train/hindi/D_image_682_13.jpg,ही,hindi
train/hindi/D_image_682_14.jpg,सकता,hindi
train/hindi/D_image_682_15.jpg,पीले,hindi
train/hindi/D_image_682_16.jpg,खाने,hindi
train/hindi/D_image_682_17.jpg,से,hindi
train/hindi/D_image_682_18.jpg,व्यक्ति,hindi
train/hindi/D_image_682_19.jpg,सावधान,hindi
train/hindi/D_image_682_2.jpg,लेपटॉप,hindi
train/hindi/D_image_682_20.jpg,सावधान,hindi
train/hindi/D_image_682_21.jpg,किसी,hindi
train/hindi/D_image_682_22.jpg,भी‍,hindi
train/hindi/D_image_682_23.jpg,अनजान,hindi
train/hindi/D_image_682_24.jpg,की,hindi
train/hindi/D_image_682_25.jpg,वस्तु,hindi
train/hindi/D_image_682_26.jpg,का,hindi
train/hindi/D_image_682_27.jpg,लें,hindi
train/hindi/D_image_682_28.jpg,उसमें,hindi
train/hindi/D_image_682_29.jpg,जहर,hindi
train/hindi/D_image_682_3.jpg,पर्स,hindi
train/hindi/D_image_682_30.jpg,या,hindi
train/hindi/D_image_682_31.jpg,नशीला,hindi
train/hindi/D_image_682_32.jpg,पदार्थ,hindi
train/hindi/D_image_682_33.jpg,हो,hindi
train/hindi/D_image_682_36.jpg,से,hindi
train/hindi/D_image_682_37.jpg,ही,hindi
train/hindi/D_image_682_38.jpg,ऑटो,hindi
train/hindi/D_image_682_4.jpg,सामान,hindi
train/hindi/D_image_682_40.jpg,टैक्सी,hindi
train/hindi/D_image_682_41.jpg,ज्वैलरी,hindi
train/hindi/D_image_682_42.jpg,इत्यादि,hindi
train/hindi/D_image_682_43.jpg,का,hindi
train/hindi/D_image_682_44.jpg,विशेष,hindi
train/hindi/D_image_682_45.jpg,ध्यान,hindi
train/hindi/D_image_682_46.jpg,रखें।,hindi
train/hindi/D_image_682_5.jpg,कीमती,hindi
train/hindi/D_image_682_6.jpg,अपने,hindi
train/hindi/D_image_682_7.jpg,लें ।,hindi
train/hindi/D_image_682_8.jpg,रहें।,hindi
train/hindi/D_image_682_9.jpg,सावधान,hindi
train/hindi/D_image_685_1.jpg,कौशाम्बी,hindi
train/hindi/D_image_687_0.jpg,कुआँ,hindi
train/hindi/D_image_687_1.jpg,धौला,hindi
train/hindi/D_image_690_2.jpg,मार्किट,hindi
train/hindi/D_image_690_3.jpg,ख़ान,hindi
train/hindi/D_image_691_0.jpg,ओर‍,hindi
train/hindi/D_image_691_1.jpg,की,hindi
train/hindi/D_image_691_2.jpg,स्वच्छता,hindi
train/hindi/D_image_691_3.jpg,कदम,hindi
train/hindi/D_image_691_4.jpg,एक‌,hindi
train/hindi/D_image_691_5.jpg,स्वच्छ,hindi
train/hindi/D_image_691_6.jpg,भारत,hindi
train/hindi/D_image_691_7.jpg,सत्यमेव,hindi
train/hindi/D_image_691_8.jpg,जयते,hindi
train/hindi/D_image_694_2.jpg,नगर,hindi
train/hindi/D_image_694_3.jpg,कृष्णा,hindi
train/hindi/D_image_697_0.jpg,कुदरा,hindi
train/hindi/D_image_697_1.jpg,कुदरा,hindi
train/hindi/D_image_697_2.jpg,कुदरा,hindi
train/hindi/D_image_70_3.jpg,अगेथिस,hindi
train/hindi/D_image_700_1.jpg,अड्डा,hindi
train/hindi/D_image_700_10.jpg,प्रस्‍थान,hindi
train/hindi/D_image_700_2.jpg,हवाई,hindi
train/hindi/D_image_700_3.jpg,मनाली,hindi
train/hindi/D_image_700_4.jpg,कुल्लू,hindi
train/hindi/D_image_700_5.jpg,आगमन,hindi
train/hindi/D_image_701_1.jpg,आगमन,hindi
train/hindi/D_image_701_2.jpg,अड्डा,hindi
train/hindi/D_image_701_3.jpg,हवाई,hindi
train/hindi/D_image_701_4.jpg,मनाली,hindi
train/hindi/D_image_701_5.jpg,कुल्लू,hindi
train/hindi/D_image_701_7.jpg,प्रस्‍थान,hindi
train/hindi/D_image_702_1.jpg,आगमन,hindi
train/hindi/D_image_702_2.jpg,प्रस्‍थान,hindi
train/hindi/D_image_702_4.jpg,कुल्लू,hindi
train/hindi/D_image_702_5.jpg,मनाली,hindi
train/hindi/D_image_702_6.jpg,हवाई,hindi
train/hindi/D_image_702_7.jpg,अड्डा,hindi
train/hindi/D_image_703_1.jpg,हवाई,hindi
train/hindi/D_image_703_2.jpg,मनाली,hindi
train/hindi/D_image_703_3.jpg,कुल्लू,hindi
train/hindi/D_image_703_4.jpg,प्रस्‍थान,hindi
train/hindi/D_image_703_6.jpg,अड़डा,hindi
train/hindi/D_image_704_1.jpg,आगमन,hindi
train/hindi/D_image_704_10.jpg,अड्डा,hindi
train/hindi/D_image_704_5.jpg,प्रस्‍थान,hindi
train/hindi/D_image_704_7.jpg,कुल्लू,hindi
train/hindi/D_image_704_8.jpg,मनाली,hindi
train/hindi/D_image_704_9.jpg,हवाई,hindi
train/hindi/D_image_705_1.jpg,आगमन,hindi
train/hindi/D_image_705_2.jpg,अड्डा,hindi
train/hindi/D_image_705_3.jpg,हवाई,hindi
train/hindi/D_image_705_4.jpg,मनाली,hindi
train/hindi/D_image_705_5.jpg,कुल्लू,hindi
train/hindi/D_image_705_7.jpg,प्रस्‍थान,hindi
train/hindi/D_image_707_1.jpg,संस्कृति,hindi
train/hindi/D_image_707_12.jpg,हिमाचल,hindi
train/hindi/D_image_707_13.jpg,लोककला,hindi
train/hindi/D_image_707_14.jpg,संग्रहाल,hindi
train/hindi/D_image_708_0.jpg,डालें,hindi
train/hindi/D_image_708_1.jpg,ही,hindi
train/hindi/D_image_708_10.jpg,लकडी,hindi
train/hindi/D_image_708_11.jpg,वती,hindi
train/hindi/D_image_708_12.jpg,लगा,hindi
train/hindi/D_image_708_13.jpg,टोपी,hindi
train/hindi/D_image_708_14.jpg,अन्दर,hindi
train/hindi/D_image_708_15.jpg,मन्दिर,hindi
train/hindi/D_image_708_16.jpg,निवेदन,hindi
train/hindi/D_image_708_17.jpg,से,hindi
train/hindi/D_image_708_18.jpg,श्रदालुओं,hindi
train/hindi/D_image_708_19.jpg,के,hindi
train/hindi/D_image_708_2.jpg,में,hindi
train/hindi/D_image_708_20.jpg,प्रवेश,hindi
train/hindi/D_image_708_21.jpg,मन्दिर,hindi
train/hindi/D_image_708_22.jpg,मे,hindi
train/hindi/D_image_708_23.jpg,पर,hindi
train/hindi/D_image_708_24.jpg,धुप,hindi
train/hindi/D_image_708_25.jpg,तिलक,hindi
train/hindi/D_image_708_26.jpg,के,hindi
train/hindi/D_image_708_27.jpg,अन्दर,hindi
train/hindi/D_image_708_28.jpg,घमंड,hindi
train/hindi/D_image_708_29.jpg,‍की,hindi
train/hindi/D_image_708_3.jpg,कृपया,hindi
train/hindi/D_image_708_30.jpg,पेटी,hindi
train/hindi/D_image_708_31.jpg,व,hindi
train/hindi/D_image_708_32.jpg,अन्य,hindi
train/hindi/D_image_708_33.jpg,चमडे,hindi
train/hindi/D_image_708_34.jpg,का,hindi
train/hindi/D_image_708_35.jpg,सामान,hindi
train/hindi/D_image_708_36.jpg,दान,hindi
train/hindi/D_image_708_37.jpg,दान,hindi
train/hindi/D_image_708_38.jpg,पात्र,hindi
train/hindi/D_image_708_39.jpg,मन्दिर,hindi
train/hindi/D_image_708_4.jpg,है‍,hindi
train/hindi/D_image_708_40.jpg,क‍े,hindi
train/hindi/D_image_708_41.jpg,अन्दर,hindi
train/hindi/D_image_708_42.jpg,फोटो,hindi
train/hindi/D_image_708_43.jpg,लेना,hindi
train/hindi/D_image_708_44.jpg,मना,hindi
train/hindi/D_image_708_45.jpg,हे,hindi
train/hindi/D_image_708_5.jpg,मता,hindi
train/hindi/D_image_708_6.jpg,मन्दिर,hindi
train/hindi/D_image_708_7.jpg,लगाएं,hindi
train/hindi/D_image_708_8.jpg,मुर्तिया,hindi
train/hindi/D_image_708_9.jpg,की,hindi
train/hindi/D_image_710_0.jpg,निवेदन,hindi
train/hindi/D_image_710_1.jpg,से,hindi
train/hindi/D_image_710_2.jpg,श्रदालुओं,hindi
train/hindi/D_image_711_0.jpg,ਰੀ,hindi
train/hindi/D_image_711_1.jpg,गेंलर,hindi
train/hindi/D_image_711_3.jpg,कृप्या,hindi
train/hindi/D_image_711_4.jpg,भेंट,hindi
train/hindi/D_image_711_5.jpg,दान,hindi
train/hindi/D_image_711_6.jpg,पात्र,hindi
train/hindi/D_image_711_7.jpg,में,hindi
train/hindi/D_image_711_8.jpg,ही,hindi
train/hindi/D_image_711_9.jpg,मिग्ढ,hindi
train/hindi/D_image_713_0.jpg,राम,hindi
train/hindi/D_image_713_1.jpg,मन्दिर,hindi
train/hindi/D_image_713_2.jpg,राम,hindi
train/hindi/D_image_713_3.jpg,मन्दिर,hindi
train/hindi/D_image_713_4.jpg,शिव,hindi
train/hindi/D_image_713_5.jpg,प्राचीन,hindi
train/hindi/D_image_713_6.jpg,श्री,hindi
train/hindi/D_image_713_7.jpg,राम,hindi
train/hindi/D_image_713_8.jpg,मन्दिर,hindi
train/hindi/D_image_714_1.jpg,जी,hindi
train/hindi/D_image_714_10.jpg,श्री,hindi
train/hindi/D_image_714_11.jpg,दान,hindi
train/hindi/D_image_714_12.jpg,पात्र,hindi
train/hindi/D_image_714_13.jpg,राम,hindi
train/hindi/D_image_714_14.jpg,की,hindi
train/hindi/D_image_714_2.jpg,चन्द्र,hindi
train/hindi/D_image_714_3.jpg,श्री,hindi
train/hindi/D_image_714_4.jpg,आरती,hindi
train/hindi/D_image_714_5.jpg,हर्बल्स,hindi
train/hindi/D_image_714_6.jpg,अयूर,hindi
train/hindi/D_image_714_7.jpg,मणिकर्ण,hindi
train/hindi/D_image_714_8.jpg,मन्दिर,hindi
train/hindi/D_image_714_9.jpg,राम,hindi
train/hindi/D_image_715_0.jpg,कीं,hindi
train/hindi/D_image_715_1.jpg,जों,hindi
train/hindi/D_image_715_2.jpg,पात्र,hindi
train/hindi/D_image_715_3.jpg,दान,hindi
train/hindi/D_image_715_4.jpg,श्री,hindi
train/hindi/D_image_715_5.jpg,राम,hindi
train/hindi/D_image_715_6.jpg,मन्दिर,hindi
train/hindi/D_image_715_7.jpg,मणिकर्ण,hindi
train/hindi/D_image_715_8.jpg,अयूर,hindi
train/hindi/D_image_715_9.jpg,हर्बल्स,hindi
train/hindi/D_image_716_0.jpg,दान,hindi
train/hindi/D_image_716_1.jpg,पात्र,hindi
train/hindi/D_image_716_2.jpg,श्री,hindi
train/hindi/D_image_716_3.jpg,राम,hindi
train/hindi/D_image_716_4.jpg,मन्दिर,hindi
train/hindi/D_image_716_5.jpg,मणिकर्ण,hindi
train/hindi/D_image_718_10.jpg,लुधियाना,hindi
train/hindi/D_image_718_11.jpg,समुद्र,hindi
train/hindi/D_image_718_12.jpg,जं०,hindi
train/hindi/D_image_718_15.jpg,लुधियाना,hindi
train/hindi/D_image_718_17.jpg,तल‍,hindi
train/hindi/D_image_718_18.jpg,से,hindi
train/hindi/D_image_718_19.jpg,उचाई,hindi
train/hindi/D_image_718_21.jpg,मीटर,hindi
train/hindi/D_image_718_24.jpg,लोकों,hindi
train/hindi/D_image_718_25.jpg,पॉयलट,hindi
train/hindi/D_image_718_26.jpg,लुधियाना,hindi
train/hindi/D_image_718_9.jpg,जं:,hindi
train/hindi/D_image_72_13.jpg,भारतीय,hindi
train/hindi/D_image_72_14.jpg,डाक,hindi
train/hindi/D_image_724_3.jpg,स्थल,hindi
train/hindi/D_image_724_4.jpg,सभाप्ति,hindi
train/hindi/D_image_724_5.jpg,कोच,hindi
train/hindi/D_image_724_7.jpg,निकास,hindi
train/hindi/D_image_725_0.jpg,झील,hindi
train/hindi/D_image_725_1.jpg,उद्यान,hindi
train/hindi/D_image_727_10.jpg,श्री,hindi
train/hindi/D_image_727_11.jpg,नि‍वास,hindi
train/hindi/D_image_727_12.jpg,यात्री,hindi
train/hindi/D_image_727_13.jpg,सनातन,hindi
train/hindi/D_image_727_14.jpg,प्रताप,hindi
train/hindi/D_image_727_15.jpg,(कश्मीर),hindi
train/hindi/D_image_727_2.jpg,५६८१२,hindi
train/hindi/D_image_727_7.jpg,श्रीनगर,hindi
train/hindi/D_image_727_8.jpg,सभा,hindi
train/hindi/D_image_727_9.jpg,धर्म,hindi
train/hindi/D_image_734_3.jpg,प्रौद्योगिकी,hindi
train/hindi/D_image_734_4.jpg,भारतीय,hindi
train/hindi/D_image_734_5.jpg,संस्थान,hindi
train/hindi/D_image_734_6.jpg,भिलाई,hindi
train/hindi/D_image_735_3.jpg,संस्थान,hindi
train/hindi/D_image_735_5.jpg,भारतीय,hindi
train/hindi/D_image_735_6.jpg,प्रौद्योगिकी,hindi
train/hindi/D_image_735_7.jpg,भिलाई,hindi
train/hindi/D_image_736_0.jpg,महोत्सव,hindi
train/hindi/D_image_736_1.jpg,आज़ादी,hindi
train/hindi/D_image_736_15.jpg,मास्क,hindi
train/hindi/D_image_736_16.jpg,प्रवेश,hindi
train/hindi/D_image_736_17.jpg,मना,hindi
train/hindi/D_image_736_18.jpg,है।,hindi
train/hindi/D_image_736_2.jpg,दि ल्ली,hindi
train/hindi/D_image_736_20.jpg,लो.,hindi
train/hindi/D_image_736_21.jpg,ना.,hindi
train/hindi/D_image_736_22.jpg,प्र.,hindi
train/hindi/D_image_736_26.jpg,सरकार,hindi
train/hindi/D_image_736_27.jpg,अमृत,hindi
train/hindi/D_image_736_4.jpg,अस्पताल,hindi
train/hindi/D_image_736_5.jpg,ज.,hindi
train/hindi/D_image_736_7.jpg,बिना,hindi
train/hindi/D_image_736_8.jpg,निषेध,hindi
train/hindi/D_image_736_9.jpg,वेश,hindi
train/hindi/D_image_741_1.jpg,दिल्ली,hindi
train/hindi/D_image_741_2.jpg,नई,hindi
train/hindi/D_image_741_3.jpg,प्रवेश,hindi
train/hindi/D_image_742_1.jpg,गुफायें,hindi
train/hindi/D_image_742_2.jpg,क‍ी,hindi
train/hindi/D_image_742_3.jpg,रामगढ़,hindi
train/hindi/D_image_743_10.jpg,मेट्रो,hindi
train/hindi/D_image_743_6.jpg,दिल्ली,hindi
train/hindi/D_image_743_7.jpg,रेल,hindi
train/hindi/D_image_743_8.jpg,लि.,hindi
train/hindi/D_image_743_9.jpg,कॉर्पोरेशन,hindi
train/hindi/D_image_744_0.jpg,मेट्रो,hindi
train/hindi/D_image_744_1.jpg,महा,hindi
train/hindi/D_image_744_10.jpg,शासन,hindi
train/hindi/D_image_744_12.jpg,दरे,hindi
train/hindi/D_image_744_13.jpg,जनहितं,hindi
train/hindi/D_image_744_14.jpg,ध्वेयम्,hindi
train/hindi/D_image_744_15.jpg,महानगरपालिका),hindi
train/hindi/D_image_744_2.jpg,पुणे,hindi
train/hindi/D_image_744_6.jpg,मेट्रो,hindi
train/hindi/D_image_744_7.jpg,महा,hindi
train/hindi/D_image_744_8.jpg,मेट्रो,hindi
train/hindi/D_image_744_9.jpg,महाराष्‍ट्र,hindi
train/hindi/D_image_745_1.jpg,की,hindi
train/hindi/D_image_745_14.jpg,मंत्रालय,hindi
train/hindi/D_image_745_15.jpg,विकास,hindi
train/hindi/D_image_745_16.jpg,शहरी,hindi
train/hindi/D_image_745_18.jpg,सरकार,hindi
train/hindi/D_image_745_19.jpg,सत्यमेव,hindi
train/hindi/D_image_745_2.jpg,स्वच्छता,hindi
train/hindi/D_image_745_20.jpg,जयते,hindi
train/hindi/D_image_745_3.jpg,कदम ,hindi
train/hindi/D_image_745_4.jpg,एक,hindi
train/hindi/D_image_745_5.jpg,भारत,hindi
train/hindi/D_image_745_6.jpg,स्वच्छ,hindi
train/hindi/D_image_745_7.jpg,भारत,hindi
train/hindi/D_image_748_0.jpg,विजय,hindi
train/hindi/D_image_748_1.jpg,प्रकाशन,hindi
train/hindi/D_image_748_10.jpg,गोयल,hindi
train/hindi/D_image_748_2.jpg,काशन,hindi
train/hindi/D_image_748_3.jpg,प्रभात,hindi
train/hindi/D_image_748_4.jpg,प्रकाशन,hindi
train/hindi/D_image_748_5.jpg,प्रभात,hindi
train/hindi/D_image_748_6.jpg,श्री,hindi
train/hindi/D_image_748_7.jpg,भारत,hindi
train/hindi/D_image_748_8.jpg,राष्ट्रपति,hindi
train/hindi/D_image_748_9.jpg,प्रभात,hindi
train/hindi/D_image_750_10.jpg,पं.,hindi
train/hindi/D_image_750_11.jpg,मदन,hindi
train/hindi/D_image_750_12.jpg,मालवीय,hindi
train/hindi/D_image_750_17.jpg,महामया,hindi
train/hindi/D_image_750_18.jpg,मालवीय,hindi
train/hindi/D_image_750_2.jpg,की,hindi
train/hindi/D_image_750_4.jpg,गदन,hindi
train/hindi/D_image_750_8.jpg,छात्रावास,hindi
train/hindi/D_image_750_9.jpg,मोहन,hindi
train/hindi/D_image_751_10.jpg,आई,hindi
train/hindi/D_image_751_11.jpg,टी,hindi
train/hindi/D_image_751_12.jpg,एम,hindi
train/hindi/D_image_751_13.jpg,हेतु,hindi
train/hindi/D_image_751_14.jpg,ज्ञानार्जन,hindi
train/hindi/D_image_751_6.jpg,है‍,hindi
train/hindi/D_image_751_7.jpg,स्वागत,hindi
train/hindi/D_image_751_8.jpg,आपका,hindi
train/hindi/D_image_751_9.jpg,में,hindi
train/hindi/D_image_752_1.jpg,अ,hindi
train/hindi/D_image_752_2.jpg,में,hindi
train/hindi/D_image_752_3.jpg,ज्ञानार्ज,hindi
train/hindi/D_image_753_10.jpg,से,hindi
train/hindi/D_image_753_11.jpg,आई,hindi
train/hindi/D_image_753_12.jpg,में,hindi
train/hindi/D_image_753_3.jpg,मंता८३००५,hindi
train/hindi/D_image_753_4.jpg,है,hindi
train/hindi/D_image_753_5.jpg,स्वागत,hindi
train/hindi/D_image_753_6.jpg,आपका,hindi
train/hindi/D_image_753_7.jpg,ज्ञानार्जन,hindi
train/hindi/D_image_753_8.jpg,हेतु,hindi
train/hindi/D_image_753_9.jpg,एम,hindi
train/hindi/D_image_754_10.jpg,गिरिडीह,hindi
train/hindi/D_image_754_11.jpg,जाने,hindi
train/hindi/D_image_754_12.jpg,लिए,hindi
train/hindi/D_image_754_13.jpg,गाड़ी,hindi
train/hindi/D_image_754_14.jpg,बदलिए,hindi
train/hindi/D_image_754_7.jpg,के‌,hindi
train/hindi/D_image_754_8.jpg,जंक्शन,hindi
train/hindi/D_image_754_9.jpg,मधुपुर,hindi
train/hindi/D_image_758_1.jpg,घृ०।,hindi
train/hindi/D_image_758_2.jpg,अड्डा,hindi
train/hindi/D_image_758_3.jpg,प्रवेश,hindi
train/hindi/D_image_758_4.jpg,बस,hindi
train/hindi/D_image_759_0.jpg,सितंबर,hindi
train/hindi/D_image_759_1.jpg,सितंबर,hindi
train/hindi/D_image_759_2.jpg,से,hindi
train/hindi/D_image_761_1.jpg,तम्बाकू,hindi
train/hindi/D_image_761_2.jpg,निषेध,hindi
train/hindi/D_image_761_3.jpg,क्षेत्र,hindi
train/hindi/D_image_762_100.jpg,विहार,hindi
train/hindi/D_image_762_101.jpg,पॉकेट 1,hindi
train/hindi/D_image_762_107.jpg,दिल्त्ती,hindi
train/hindi/D_image_762_108.jpg,कैट,hindi
train/hindi/D_image_762_111.jpg,ई.,hindi
train/hindi/D_image_762_112.jpg,एस,hindi
train/hindi/D_image_762_113.jpg,आईं,hindi
train/hindi/D_image_762_114.jpg,अस्पताल,hindi
train/hindi/D_image_762_117.jpg,शालीमार,hindi
train/hindi/D_image_762_118.jpg,बाग,hindi
train/hindi/D_image_762_119.jpg,मजलिस,hindi
train/hindi/D_image_762_12.jpg,विहार,hindi
train/hindi/D_image_762_120.jpg,पार्क,hindi
train/hindi/D_image_762_125.jpg,आज़ाद,hindi
train/hindi/D_image_762_126.jpg,नगर,hindi
train/hindi/D_image_762_127.jpg,पूर्व,hindi
train/hindi/D_image_762_13.jpg,नारायणा,hindi
train/hindi/D_image_762_131.jpg,कोर्ट,hindi
train/hindi/D_image_762_133.jpg,आनंद,hindi
train/hindi/D_image_762_134.jpg,विहार,hindi
train/hindi/D_image_762_135.jpg,अ.रा.व.ट.,hindi
train/hindi/D_image_762_139.jpg,त्रिलोकपुरी,hindi
train/hindi/D_image_762_141.jpg,विहार-1,hindi
train/hindi/D_image_762_142.jpg,आश्रम,hindi
train/hindi/D_image_762_149.jpg,राजौरी,hindi
train/hindi/D_image_762_15.jpg,कैंम्पस,hindi
train/hindi/D_image_762_150.jpg,गार्डन,hindi
train/hindi/D_image_762_155.jpg,हिंगों,hindi
train/hindi/D_image_762_156.jpg,आज़ादपुर,hindi
train/hindi/D_image_762_157.jpg,शिव,hindi
train/hindi/D_image_762_158.jpg,विहार,hindi
train/hindi/D_image_762_159.jpg,की‍,hindi
train/hindi/D_image_762_16.jpg,साउथ,hindi
train/hindi/D_image_762_160.jpg,ओर‍,hindi
train/hindi/D_image_762_17.jpg,देशमुख,hindi
train/hindi/D_image_762_18.jpg,दुर्गाबाई,hindi
train/hindi/D_image_762_22.jpg,प्लेस,hindi
train/hindi/D_image_762_23.jpg,कागा,hindi
train/hindi/D_image_762_24.jpg,भीकाजी,hindi
train/hindi/D_image_762_26.jpg,ए,hindi
train/hindi/D_image_762_27.jpg,एन,hindi
train/hindi/D_image_762_28.jpg,आई,hindi
train/hindi/D_image_762_29.jpg,नगर,hindi
train/hindi/D_image_762_3.jpg,प्लेस,hindi
train/hindi/D_image_762_30.jpg,लाजपत,hindi
train/hindi/D_image_762_33.jpg,मयूर,hindi
train/hindi/D_image_762_36.jpg,नगर,hindi
train/hindi/D_image_762_37.jpg,विनोद,hindi
train/hindi/D_image_762_39.jpg,कड़कड़डूमा,hindi
train/hindi/D_image_762_4.jpg,सुभाष,hindi
train/hindi/D_image_762_41.jpg,जाफराबाद,hindi
train/hindi/D_image_762_42.jpg,गोकुलपुरी,hindi
train/hindi/D_image_762_44.jpg,विहार,hindi
train/hindi/D_image_762_45.jpg,शिव,hindi
train/hindi/D_image_762_5.jpg,नेताजी,hindi
train/hindi/D_image_762_50.jpg,शकूरपुर,hindi
train/hindi/D_image_762_52.jpg,मायापुरी,hindi
train/hindi/D_image_762_57.jpg,बाग,hindi
train/hindi/D_image_762_58.jpg,मोती,hindi
train/hindi/D_image_762_59.jpg,विश्वेश्‍वरैया,hindi
train/hindi/D_image_762_60.jpg,सर,hindi
train/hindi/D_image_762_62.jpg,नगर,hindi
train/hindi/D_image_762_63.jpg,सरोजिनी,hindi
train/hindi/D_image_762_66.jpg,एक्सटेंशन,hindi
train/hindi/D_image_762_67.jpg,साउथ,hindi
train/hindi/D_image_762_68.jpg,विनोबापुरी,hindi
train/hindi/D_image_762_7.jpg,पश्‍चि‍म,hindi
train/hindi/D_image_762_71.jpg,निजामुद्दीन,hindi
train/hindi/D_image_762_72.jpg,हजरत,hindi
train/hindi/D_image_762_76.jpg,पूर्व,hindi
train/hindi/D_image_762_77.jpg,नगर,hindi
train/hindi/D_image_762_78.jpg,विनोद,hindi
train/hindi/D_image_762_8.jpg,बाग,hindi
train/hindi/D_image_762_80.jpg,कड़कड़डूमा,hindi
train/hindi/D_image_762_81.jpg,कृष्णा,hindi
train/hindi/D_image_762_82.jpg,वैलकम,hindi
train/hindi/D_image_762_84.jpg,भौजपुर,hindi
train/hindi/D_image_762_86.jpg,प्लेटफॉर्म,hindi
train/hindi/D_image_762_88.jpg,मजलिस,hindi
train/hindi/D_image_762_89.jpg,पार्क,hindi
train/hindi/D_image_762_9.jpg,पंजाबी,hindi
train/hindi/D_image_762_91.jpg,जोहरी,hindi
train/hindi/D_image_762_92.jpg,एन्कलेव,hindi
train/hindi/D_image_762_95.jpg,नगर,hindi
train/hindi/D_image_762_96.jpg,इन्द्रप्रस्थ,hindi
train/hindi/D_image_762_97.jpg,एक्सटेंशन,hindi
train/hindi/D_image_762_99.jpg,मयूर,hindi
train/hindi/D_image_763_0.jpg,निदेशक,hindi
train/hindi/D_image_763_10.jpg,स्थानः,hindi
train/hindi/D_image_763_11.jpg,समय,hindi
train/hindi/D_image_763_12.jpg,क‍ी,hindi
train/hindi/D_image_763_13.jpg,मंत्री,hindi
train/hindi/D_image_763_14.jpg,श्री,hindi
train/hindi/D_image_763_15.jpg,माननीय,hindi
train/hindi/D_image_763_16.jpg,रेल,hindi
train/hindi/D_image_763_17.jpg,मल्लिकार्जुन,hindi
train/hindi/D_image_763_18.jpg,खरगे,hindi
train/hindi/D_image_763_19.jpg,अध्यक्षता,hindi
train/hindi/D_image_763_2.jpg,अध्यक्ष,hindi
train/hindi/D_image_763_20.jpg,में,hindi
train/hindi/D_image_763_21.jpg,आयोजित,hindi
train/hindi/D_image_763_22.jpg,रेलवे,hindi
train/hindi/D_image_763_23.jpg,हिंदी,hindi
train/hindi/D_image_763_24.jpg,सलाहकार,hindi
train/hindi/D_image_763_25.jpg,समिति,hindi
train/hindi/D_image_763_26.jpg,की,hindi
train/hindi/D_image_763_28.jpg,बी‍,hindi
train/hindi/D_image_763_29.jpg,बैठक,hindi
train/hindi/D_image_763_3.jpg,कार्मिक,hindi
train/hindi/D_image_763_30.jpg,दिनांकः-,hindi
train/hindi/D_image_763_31.jpg,बजे,hindi
train/hindi/D_image_763_32.jpg,दस्न्य,hindi
train/hindi/D_image_763_33.jpg,इंजीनियरी,hindi
train/hindi/D_image_763_4.jpg,सदस्य,hindi
train/hindi/D_image_763_5.jpg,यातायात,hindi
train/hindi/D_image_763_6.jpg,सदस्य,hindi
train/hindi/D_image_763_7.jpg,मंत्री,hindi
train/hindi/D_image_763_8.jpg,रेल,hindi
train/hindi/D_image_763_9.jpg,हॉल,hindi
train/hindi/D_image_764_10.jpg,प‍र,hindi
train/hindi/D_image_764_11.jpg,आदेश,hindi
train/hindi/D_image_764_12.jpg,काे,hindi
train/hindi/D_image_764_27.jpg,रूपये।,hindi
train/hindi/D_image_764_30.jpg,A/c Payee,hindi
train/hindi/D_image_764_31.jpg,भारतीय,hindi
train/hindi/D_image_764_32.jpg,स्‍टेट,hindi
train/hindi/D_image_764_33.jpg,बैंक,hindi
train/hindi/D_image_764_44.jpg,या‍,hindi
train/hindi/D_image_764_45.jpg,उनके,hindi
train/hindi/D_image_764_46.jpg,खा.म.,hindi
train/hindi/D_image_764_48.jpg,८१६००६,hindi
train/hindi/D_image_764_6.jpg,करें,hindi
train/hindi/D_image_764_7.jpg,अदा,hindi
train/hindi/D_image_765_0.jpg,जय,hindi
train/hindi/D_image_765_1.jpg,घटोत्क,hindi
train/hindi/D_image_765_10.jpg,घटोर,hindi
train/hindi/D_image_765_2.jpg,जय,hindi
train/hindi/D_image_765_3.jpg,घटोत,hindi
train/hindi/D_image_765_4.jpg,कच्छ्जी,hindi
train/hindi/D_image_765_5.jpg,वीर,hindi
train/hindi/D_image_765_6.jpg,घटोतकच्छ,hindi
train/hindi/D_image_765_7.jpg,गोव,hindi
train/hindi/D_image_765_8.jpg,कमॆटी,hindi
train/hindi/D_image_765_9.jpg,दुंगरी,hindi
train/hindi/D_image_766_0.jpg,दंगरी,hindi
train/hindi/D_image_766_1.jpg,कमॆटी,hindi
train/hindi/D_image_766_2.jpg,गाँव,hindi
train/hindi/D_image_766_3.jpg,घटोतकच्छ,hindi
train/hindi/D_image_766_4.jpg,वीर,hindi
train/hindi/D_image_766_5.jpg,कच्छ जी,hindi
train/hindi/D_image_766_6.jpg,घटोत,hindi
train/hindi/D_image_766_7.jpg,जय,hindi
train/hindi/D_image_768_0.jpg,का,hindi
train/hindi/D_image_768_1.jpg,दिल्ली,hindi
train/hindi/D_image_769_10.jpg,वशिष्ठ,hindi
train/hindi/D_image_769_11.jpg,मनाली,hindi
train/hindi/D_image_769_12.jpg,कुण्ड,hindi
train/hindi/D_image_769_13.jpg,व,hindi
train/hindi/D_image_769_14.jpg,मन्दिर,hindi
train/hindi/D_image_769_15.jpg,प्राचीन,hindi
train/hindi/D_image_769_16.jpg,‍का‍,hindi
train/hindi/D_image_769_17.jpg,महर्षि,hindi
train/hindi/D_image_769_18.jpg,वशिष्ठ,hindi
train/hindi/D_image_769_19.jpg,प्रान:,hindi
train/hindi/D_image_769_21.jpg,से‍,hindi
train/hindi/D_image_769_22.jpg,रात्रि,hindi
train/hindi/D_image_769_24.jpg,बजे,hindi
train/hindi/D_image_769_25.jpg,तक,hindi
train/hindi/D_image_769_5.jpg,समय,hindi
train/hindi/D_image_769_6.jpg,का,hindi
train/hindi/D_image_769_7.jpg,य्नान,hindi
train/hindi/D_image_769_8.jpg,में,hindi
train/hindi/D_image_769_9.jpg,कुण्ड,hindi
train/hindi/D_image_77_0.jpg,अमर,hindi
train/hindi/D_image_77_1.jpg,जवान,hindi
train/hindi/D_image_77_2.jpg,अमर,hindi
train/hindi/D_image_77_3.jpg,वान,hindi
train/hindi/D_image_771_0.jpg,निवास,hindi
train/hindi/D_image_771_1.jpg,गर्ग,hindi
train/hindi/D_image_771_11.jpg,काम,hindi
train/hindi/D_image_771_12.jpg,का‍,hindi
train/hindi/D_image_771_13.jpg,अनलिमिटेड,hindi
train/hindi/D_image_771_4.jpg,अनलिमिटेड,hindi
train/hindi/D_image_771_7.jpg,काम,hindi
train/hindi/D_image_771_8.jpg,का‌,hindi
train/hindi/D_image_773_0.jpg,बी.,hindi
train/hindi/D_image_773_1.jpg,बी॰,hindi
train/hindi/D_image_773_2.jpg,एमः,hindi
train/hindi/D_image_773_3.jpg,बी.,hindi
train/hindi/D_image_775_1.jpg,संपर्क,hindi
train/hindi/D_image_775_13.jpg,प्रशिक्षण,hindi
train/hindi/D_image_775_14.jpg,मशीनें,hindi
train/hindi/D_image_775_15.jpg,व,hindi
train/hindi/D_image_775_16.jpg,उपकरण,hindi
train/hindi/D_image_775_17.jpg,कृषि,hindi
train/hindi/D_image_775_3.jpg,बिलासपुर,hindi
train/hindi/D_image_775_34.jpg,लाइन,hindi
train/hindi/D_image_775_35.jpg,पासपोर्ट,hindi
train/hindi/D_image_775_36.jpg,रिचार्ज,hindi
train/hindi/D_image_775_37.jpg,आउट,hindi
train/hindi/D_image_775_38.jpg,प्रिन्ट,hindi
train/hindi/D_image_775_4.jpg,गोबिन्द,hindi
train/hindi/D_image_775_41.jpg,धाम,hindi
train/hindi/D_image_775_42.jpg,फोटोस्टेट,hindi
train/hindi/D_image_775_43.jpg,टिकट,hindi
train/hindi/D_image_775_44.jpg,बुकिंग,hindi
train/hindi/D_image_775_45.jpg,फोटोस्टेट,hindi
train/hindi/D_image_775_46.jpg,रिचा,hindi
train/hindi/D_image_775_47.jpg,ऑन,hindi
train/hindi/D_image_775_52.jpg,दही,hindi
train/hindi/D_image_775_53.jpg,दूध,hindi
train/hindi/D_image_775_54.jpg,मखन,hindi
train/hindi/D_image_775_55.jpg,पनीर,hindi
train/hindi/D_image_775_58.jpg,धरन,hindi
train/hindi/D_image_775_59.jpg,फारमर्स,hindi
train/hindi/D_image_775_60.jpg,प्रोड्युसर,hindi
train/hindi/D_image_775_61.jpg,कम्पनी,hindi
train/hindi/D_image_775_62.jpg,लि.,hindi
train/hindi/D_image_775_66.jpg,"U01113HP2018PTC007215,",hindi
train/hindi/D_image_775_67.jpg,फल,hindi
train/hindi/D_image_775_68.jpg,सब्जियां,hindi
train/hindi/D_image_775_69.jpg,नर्सरीयां,hindi
train/hindi/D_image_775_70.jpg,व,hindi
train/hindi/D_image_775_71.jpg,विपणन,hindi
train/hindi/D_image_775_81.jpg,नौणी-चौक,hindi
train/hindi/D_image_775_82.jpg,हि.प्र.,hindi
train/hindi/D_image_775_83.jpg,नंबर,hindi
train/hindi/D_image_776_0.jpg,भरोसे,hindi
train/hindi/D_image_776_1.jpg,‍का‍,hindi
train/hindi/D_image_776_2.jpg,साथ,hindi
train/hindi/D_image_777_0.jpg,साथ।,hindi
train/hindi/D_image_777_1.jpg,‍का‍,hindi
train/hindi/D_image_777_2.jpg,भरोसे,hindi
train/hindi/D_image_777_3.jpg,कांग्रेस,hindi
train/hindi/D_image_777_4.jpg,का,hindi
train/hindi/D_image_777_5.jpg,हाथ,hindi
train/hindi/D_image_778_10.jpg,नर्सरीयां,hindi
train/hindi/D_image_778_11.jpg,मशीने,hindi
train/hindi/D_image_778_12.jpg,व,hindi
train/hindi/D_image_778_13.jpg,उपकरण,hindi
train/hindi/D_image_778_14.jpg,कृषि,hindi
train/hindi/D_image_778_15.jpg,सब्जियां,hindi
train/hindi/D_image_778_16.jpg,फल,hindi
train/hindi/D_image_778_17.jpg,बीज,hindi
train/hindi/D_image_778_18.jpg,व,hindi
train/hindi/D_image_778_19.jpg,खाद,hindi
train/hindi/D_image_778_28.jpg,केशन्अर्मर।,hindi
train/hindi/D_image_778_32.jpg,लि.,hindi
train/hindi/D_image_778_33.jpg,कम्पनी,hindi
train/hindi/D_image_778_34.jpg,प्रोड्युसर,hindi
train/hindi/D_image_778_37.jpg,श्रीधरन,hindi
train/hindi/D_image_778_38.jpg,फारमर्स,hindi
train/hindi/D_image_778_48.jpg,व,hindi
train/hindi/D_image_778_49.jpg,विपणन,hindi
train/hindi/D_image_778_9.jpg,प्रशिक्षण,hindi
train/hindi/D_image_779_18.jpg,स्टोन,hindi
train/hindi/D_image_779_19.jpg,स्लेट,hindi
train/hindi/D_image_779_20.jpg,हिमालया,hindi
train/hindi/D_image_779_21.jpg,गांव,hindi
train/hindi/D_image_779_22.jpg,व,hindi
train/hindi/D_image_779_23.jpg,डाकघर,hindi
train/hindi/D_image_779_24.jpg,"पनारमा,",hindi
train/hindi/D_image_779_25.jpg,तहसील,hindi
train/hindi/D_image_779_26.jpg,और,hindi
train/hindi/D_image_779_27.jpg,शिला,hindi
train/hindi/D_image_779_28.jpg,मण्डी,hindi
train/hindi/D_image_779_29.jpg,हि०प्र०,hindi
train/hindi/D_image_78_0.jpg,में,hindi
train/hindi/D_image_78_1.jpg,की,hindi
train/hindi/D_image_78_10.jpg,आगमन,hindi
train/hindi/D_image_78_11.jpg,प्रतिक्षा,hindi
train/hindi/D_image_78_2.jpg,आपके,hindi
train/hindi/D_image_78_3.jpg,अन्त,hindi
train/hindi/D_image_78_4.jpg,जाराम,hindi
train/hindi/D_image_78_5.jpg,जोहार,hindi
train/hindi/D_image_78_6.jpg,ग्राम,hindi
train/hindi/D_image_78_7.jpg,पंचायत,hindi
train/hindi/D_image_78_8.jpg,सीमा,hindi
train/hindi/D_image_78_9.jpg,पुनः,hindi
train/hindi/D_image_781_2.jpg,मंडावली,hindi
train/hindi/D_image_781_3.jpg,वेस्ट,hindi
train/hindi/D_image_781_4.jpg,विनोद,hindi
train/hindi/D_image_781_5.jpg,नगर,hindi
train/hindi/D_image_782_0.jpg,मण्डी,hindi
train/hindi/D_image_782_1.jpg,हाउस,hindi
train/hindi/D_image_785_0.jpg,अवर,hindi
train/hindi/D_image_785_2.jpg,अधिनियम,hindi
train/hindi/D_image_785_3.jpg,संशोधन,hindi
train/hindi/D_image_785_4.jpg,की‍,hindi
train/hindi/D_image_788_10.jpg,भारत ,hindi
train/hindi/D_image_788_11.jpg,सरकार,hindi
train/hindi/D_image_79_1.jpg,नहीं,hindi
train/hindi/D_image_79_11.jpg,कोसले,hindi
train/hindi/D_image_79_12.jpg,के‍,hindi
train/hindi/D_image_79_2.jpg,लेना,hindi
train/hindi/D_image_79_3.jpg,ज्‍यादा,hindi
train/hindi/D_image_79_4.jpg,के‍,hindi
train/hindi/D_image_79_5.jpg,माफ़ी,hindi
train/hindi/D_image_790_1.jpg,मण्ड़ी,hindi
train/hindi/D_image_790_11.jpg,शिमला,hindi
train/hindi/D_image_790_13.jpg,मनीकर्ण,hindi
train/hindi/D_image_790_15.jpg,कुल्लू,hindi
train/hindi/D_image_790_17.jpg,बिलासपुर,hindi
train/hindi/D_image_790_19.jpg,चण्डीगढ़,hindi
train/hindi/D_image_790_20.jpg,मण्डी,hindi
train/hindi/D_image_790_21.jpg,चंडीगढ़,hindi
train/hindi/D_image_790_4.jpg,रूपए,hindi
train/hindi/D_image_790_6.jpg,जुर्माना,hindi
train/hindi/D_image_791_1.jpg,लेह,hindi
train/hindi/D_image_791_13.jpg,रोहतांग,hindi
train/hindi/D_image_791_4.jpg,मारही,hindi
train/hindi/D_image_791_7.jpg,टेम्पल,hindi
train/hindi/D_image_791_8.jpg,हिडिंबा,hindi
train/hindi/D_image_791_9.jpg,देवी,hindi
train/hindi/D_image_792_0.jpg,परिवहन,hindi
train/hindi/D_image_792_1.jpg,हिमाचल,hindi
train/hindi/D_image_795_10.jpg,पंजाब,hindi
train/hindi/D_image_795_11.jpg,नैशनल,hindi
train/hindi/D_image_795_12.jpg,बैंक,hindi
train/hindi/D_image_795_13.jpg,जरि,hindi
train/hindi/D_image_795_14.jpg,शाखा,hindi
train/hindi/D_image_795_19.jpg,दांतों,hindi
train/hindi/D_image_795_2.jpg,केजरीवाल,hindi
train/hindi/D_image_795_20.jpg,का‌,hindi
train/hindi/D_image_795_21.jpg,अस्पताल,hindi
train/hindi/D_image_795_22.jpg,स्टोर,hindi
train/hindi/D_image_795_23.jpg,शेर,hindi
train/hindi/D_image_795_24.jpg,सिंह,hindi
train/hindi/D_image_795_25.jpg,हिमाचल मांगे,hindi
train/hindi/D_image_795_3.jpg,नेगी),hindi
train/hindi/D_image_795_32.jpg,से,hindi
train/hindi/D_image_795_5.jpg,का‌,hindi
train/hindi/D_image_795_6.jpg,दांतों,hindi
train/hindi/D_image_797_4.jpg,वठै,hindi
train/hindi/D_image_798_1.jpg,निकासी,hindi
train/hindi/D_image_798_3.jpg,भारतीय,hindi
train/hindi/D_image_798_4.jpg,डाक,hindi
train/hindi/D_image_798_5.jpg,पत्र,hindi
train/hindi/D_image_799_0.jpg,एवं,hindi
train/hindi/D_image_799_1.jpg,हार्दिक,hindi
train/hindi/D_image_799_10.jpg,ठाकुर,hindi
train/hindi/D_image_799_11.jpg,कव,hindi
train/hindi/D_image_799_12.jpg,मनाली,hindi
train/hindi/D_image_799_13.jpg,प‍र,hindi
train/hindi/D_image_799_14.jpg,अभिनंदन,hindi
train/hindi/D_image_799_15.jpg,स्वागत,hindi
train/hindi/D_image_799_2.jpg,आगमन,hindi
train/hindi/D_image_799_3.jpg,भूमि,hindi
train/hindi/D_image_799_4.jpg,जी,hindi
train/hindi/D_image_799_5.jpg,राम,hindi
train/hindi/D_image_799_6.jpg,श्री,hindi
train/hindi/D_image_799_7.jpg,माननीय,hindi
train/hindi/D_image_799_8.jpg,मुख्यमंत्री,hindi
train/hindi/D_image_799_9.jpg,जय,hindi
train/hindi/D_image_8_0.jpg,शिवमंदिर,hindi
train/hindi/D_image_80_10.jpg,सरकार,hindi
train/hindi/D_image_80_11.jpg,दारा,hindi
train/hindi/D_image_80_12.jpg,शिकोह,hindi
train/hindi/D_image_80_13.jpg,बिल्डिंग,hindi
train/hindi/D_image_80_5.jpg,लाईब्रेरी,hindi
train/hindi/D_image_80_6.jpg,दिल्ली,hindi
train/hindi/D_image_80_8.jpg,पुरातत्व,hindi
train/hindi/D_image_80_9.jpg,विभाग,hindi
train/hindi/D_image_800_0.jpg,हिमाचल,hindi
train/hindi/D_image_800_1.jpg,भूमि,hindi
train/hindi/D_image_800_2.jpg,देव,hindi
train/hindi/D_image_801_0.jpg,एवं,hindi
train/hindi/D_image_801_1.jpg,नंद,hindi
train/hindi/D_image_801_10.jpg,मनाली,hindi
train/hindi/D_image_801_2.jpg,हार्दिक,hindi
train/hindi/D_image_801_3.jpg,मि,hindi
train/hindi/D_image_801_4.jpg,राम,hindi
train/hindi/D_image_801_5.jpg,जय,hindi
train/hindi/D_image_801_6.jpg,श्री,hindi
train/hindi/D_image_801_7.jpg,मुख्य,hindi
train/hindi/D_image_801_8.jpg,माननीय,hindi
train/hindi/D_image_801_9.jpg,कादेव,hindi
train/hindi/D_image_802_10.jpg,शाखा,hindi
train/hindi/D_image_802_2.jpg,कूहल,hindi
train/hindi/D_image_802_3.jpg,बैंक,hindi
train/hindi/D_image_802_4.jpg,नैशनल,hindi
train/hindi/D_image_803_0.jpg,पठानकोट,hindi
train/hindi/D_image_803_10.jpg,मण्डी,hindi
train/hindi/D_image_803_12.jpg,चण्डीगड़,hindi
train/hindi/D_image_803_15.jpg,सिटी,hindi
train/hindi/D_image_803_16.jpg,अझवाले,hindi
train/hindi/D_image_803_2.jpg,बिलासपुर,hindi
train/hindi/D_image_803_4.jpg,कुल्लू,hindi
train/hindi/D_image_804_2.jpg,पठानकोट,hindi
train/hindi/D_image_804_3.jpg,चण्‍डीगढ़,hindi
train/hindi/D_image_804_4.jpg,कटराई,hindi
train/hindi/D_image_804_6.jpg,कुल्लू,hindi
train/hindi/D_image_804_8.jpg,मण्डी,hindi
train/hindi/D_image_805_12.jpg,लेह,hindi
train/hindi/D_image_805_2.jpg,रोहतांग,hindi
train/hindi/D_image_805_5.jpg,सोलांग,hindi
train/hindi/D_image_805_6.jpg,मनाली,hindi
train/hindi/D_image_805_8.jpg,वैली,hindi
train/hindi/D_image_807_0.jpg,पाटी,hindi
train/hindi/D_image_807_1.jpg,आम,hindi
train/hindi/D_image_807_10.jpg,ओरेशी,hindi
train/hindi/D_image_807_11.jpg,स्मार्टफोन,hindi
train/hindi/D_image_807_12.jpg,पहले,hindi
train/hindi/D_image_807_13.jpg,अपने,hindi
train/hindi/D_image_807_14.jpg,रीप्लेस्मेंट,hindi
train/hindi/D_image_807_15.jpg,स्क्रीन,hindi
train/hindi/D_image_807_16.jpg,मुफ्त,hindi
train/hindi/D_image_807_2.jpg,को,hindi
train/hindi/D_image_807_21.jpg,छाटनसेरी,hindi
train/hindi/D_image_807_25.jpg,पर,hindi
train/hindi/D_image_807_28.jpg,शॉप,hindi
train/hindi/D_image_807_3.jpg,मौका,hindi
train/hindi/D_image_807_30.jpg,एक,hindi
train/hindi/D_image_807_31.jpg,केजरीवाल,hindi
train/hindi/D_image_807_32.jpg,मनाली,hindi
train/hindi/D_image_807_33.jpg,विधानसभा,hindi
train/hindi/D_image_807_34.jpg,आदमी,hindi
train/hindi/D_image_807_35.jpg,दिनेश,hindi
train/hindi/D_image_807_5.jpg,चिकन,hindi
train/hindi/D_image_810_11.jpg,SINGH,hindi
train/hindi/D_image_810_3.jpg,सद्भावना,hindi
train/hindi/D_image_810_4.jpg,राष्ट्रीय,hindi
train/hindi/D_image_810_5.jpg,धी,hindi
train/hindi/D_image_811_10.jpg,भवन,hindi
train/hindi/D_image_811_11.jpg,नई,hindi
train/hindi/D_image_811_5.jpg,फरवरी,hindi
train/hindi/D_image_811_7.jpg,सम्मेलन,hindi
train/hindi/D_image_811_9.jpg,ग्रामी,hindi
train/hindi/D_image_814_1.jpg,नई,hindi
train/hindi/D_image_814_4.jpg,दिल्ली,hindi
train/hindi/D_image_817_0.jpg,पसंद,hindi
train/hindi/D_image_817_1.jpg,सबकी,hindi
train/hindi/D_image_817_5.jpg,मनाहर,hindi
train/hindi/D_image_817_7.jpg,अस्थानाथ,hindi
train/hindi/D_image_827_0.jpg,कार,hindi
train/hindi/D_image_827_1.jpg,सितांश,hindi
train/hindi/D_image_827_10.jpg,कार्यालय,hindi
train/hindi/D_image_827_4.jpg,मंडाविया,hindi
train/hindi/D_image_827_5.jpg,मनसुख,hindi
train/hindi/D_image_827_6.jpg,रिनवा,hindi
train/hindi/D_image_827_7.jpg,नवदीप,hindi
train/hindi/D_image_827_8.jpg,पत्र,hindi
train/hindi/D_image_827_9.jpg,सूचना,hindi
train/hindi/D_image_829_10.jpg,ज्ञानाभांडारात,hindi
train/hindi/D_image_829_11.jpg,मुक्त,hindi
train/hindi/D_image_829_12.jpg,विहरता,hindi
train/hindi/D_image_829_2.jpg,येईल,hindi
train/hindi/D_image_829_3.jpg,विकिपीडिया,hindi
train/hindi/D_image_829_5.jpg,विकिपीडिया,hindi
train/hindi/D_image_829_6.jpg,मराठी,hindi
train/hindi/D_image_829_7.jpg,माणसाला,hindi
train/hindi/D_image_829_8.jpg,अखिल,hindi
train/hindi/D_image_829_9.jpg,मानवी,hindi
train/hindi/D_image_830_1.jpg,मुक्त,hindi
train/hindi/D_image_830_10.jpg,"करा,",hindi
train/hindi/D_image_830_11.jpg,मराठी,hindi
train/hindi/D_image_830_12.jpg,किपीडिया,hindi
train/hindi/D_image_830_13.jpg,विहर,hindi
train/hindi/D_image_830_2.jpg,ज्ञानाभांडारात,hindi
train/hindi/D_image_830_3.jpg,मानवी,hindi
train/hindi/D_image_830_4.jpg,अखिल,hindi
train/hindi/D_image_830_5.jpg,माला,hindi
train/hindi/D_image_830_6.jpg,विचार,hindi
train/hindi/D_image_830_7.jpg,जगाचा,hindi
train/hindi/D_image_830_8.jpg,अशा,hindi
train/hindi/D_image_831_10.jpg,मराठी,hindi
train/hindi/D_image_831_11.jpg,विकिपीडिया,hindi
train/hindi/D_image_831_13.jpg,विचार,hindi
train/hindi/D_image_831_14.jpg,पृथ्वीवरील,hindi
train/hindi/D_image_831_15.jpg,माणसाला,hindi
train/hindi/D_image_831_3.jpg,अखिल मानवी,hindi
train/hindi/D_image_831_4.jpg,प्रत्येक,hindi
train/hindi/D_image_831_5.jpg,जिये,hindi
train/hindi/D_image_831_6.jpg,करा,hindi
train/hindi/D_image_831_7.jpg,जमाचा,hindi
train/hindi/D_image_831_8.jpg,अशा,hindi
train/hindi/D_image_831_9.jpg,बिकीपीडिया ,hindi
train/hindi/D_image_832_0.jpg,प्रत्येक,hindi
train/hindi/D_image_832_1.jpg,जियें,hindi
train/hindi/D_image_832_13.jpg,"करा,",hindi
train/hindi/D_image_832_14.jpg,पृथ्वीवरील,hindi
train/hindi/D_image_832_2.jpg,विचार,hindi
train/hindi/D_image_832_3.jpg,"""अशा",hindi
train/hindi/D_image_832_5.jpg,विकिपीडिया,hindi
train/hindi/D_image_832_6.jpg,मराठी,hindi
train/hindi/D_image_832_7.jpg,विकिपीडिया,hindi
train/hindi/D_image_833_10.jpg,कराः,hindi
train/hindi/D_image_833_11.jpg,माला,hindi
train/hindi/D_image_833_12.jpg,अखिल,hindi
train/hindi/D_image_833_13.jpg,मानवी,hindi
train/hindi/D_image_833_14.jpg,ज्ञानाभांडारात,hindi
train/hindi/D_image_833_15.jpg,मुक्त,hindi
train/hindi/D_image_833_16.jpg,विहर,hindi
train/hindi/D_image_833_5.jpg,मरा,hindi
train/hindi/D_image_833_6.jpg,किपीडिया,hindi
train/hindi/D_image_833_7.jpg,अशा,hindi
train/hindi/D_image_833_8.jpg,जगाचा,hindi
train/hindi/D_image_833_9.jpg,विचार,hindi
train/hindi/D_image_834_0.jpg,येईल,hindi
train/hindi/D_image_834_1.jpg,विहरता,hindi
train/hindi/D_image_834_10.jpg,करा.,hindi
train/hindi/D_image_834_11.jpg,विचार,hindi
train/hindi/D_image_834_12.jpg,जगाचा,hindi
train/hindi/D_image_834_13.jpg,अशा,hindi
train/hindi/D_image_834_15.jpg,विकिपीडिया,hindi
train/hindi/D_image_834_18.jpg,विकिपीडिया,hindi
train/hindi/D_image_834_19.jpg,मराठी,hindi
train/hindi/D_image_834_2.jpg,मुक्त,hindi
train/hindi/D_image_834_3.jpg,ज्ञानाभांडारात,hindi
train/hindi/D_image_834_4.jpg,मानची,hindi
train/hindi/D_image_834_5.jpg,अखिल,hindi
train/hindi/D_image_834_6.jpg,माणसाला,hindi
train/hindi/D_image_834_7.jpg,प्रत्येक,hindi
train/hindi/D_image_834_8.jpg,पृथ्वीवरील,hindi
train/hindi/D_image_834_9.jpg,जिये,hindi
train/hindi/D_image_835_4.jpg,विकिपीडिया,hindi
train/hindi/D_image_835_6.jpg,मराठी,hindi
train/hindi/D_image_835_7.jpg,विकिपीडिया,hindi
train/hindi/D_image_837_3.jpg,विकिपीडिया,hindi
train/hindi/D_image_837_4.jpg,मराठी,hindi
train/hindi/D_image_838_1.jpg,"येईल,",hindi
train/hindi/D_image_838_10.jpg,मराठी,hindi
train/hindi/D_image_838_12.jpg,विकिपीडिया,hindi
train/hindi/D_image_838_13.jpg,"""अशा",hindi
train/hindi/D_image_838_14.jpg,विचार,hindi
train/hindi/D_image_838_15.jpg,जिये,hindi
train/hindi/D_image_838_16.jpg,प्रत्येक,hindi
train/hindi/D_image_838_17.jpg,अखिल,hindi
train/hindi/D_image_838_18.jpg,ज्ञानाभांडारात,hindi
train/hindi/D_image_838_19.jpg,विहरता,hindi
train/hindi/D_image_838_2.jpg,मुक,hindi
train/hindi/D_image_838_3.jpg,मानवी,hindi
train/hindi/D_image_838_4.jpg,मागसाला,hindi
train/hindi/D_image_838_5.jpg,पृथ्वीवरील,hindi
train/hindi/D_image_838_6.jpg,करा,hindi
train/hindi/D_image_838_7.jpg,ज्ञगाचा,hindi
train/hindi/D_image_838_9.jpg,विकिपीडिया,hindi
train/hindi/D_image_839_10.jpg,मराठी,hindi
train/hindi/D_image_839_11.jpg,जगाचा,hindi
train/hindi/D_image_839_12.jpg,विचार,hindi
train/hindi/D_image_839_13.jpg,करा.,hindi
train/hindi/D_image_839_14.jpg,जिये,hindi
train/hindi/D_image_839_15.jpg,पृथ्वीवरील,hindi
train/hindi/D_image_839_16.jpg,प्रत्येक,hindi
train/hindi/D_image_839_17.jpg,माणसाला,hindi
train/hindi/D_image_839_18.jpg,अखिल,hindi
train/hindi/D_image_839_19.jpg,मानवी,hindi
train/hindi/D_image_839_2.jpg,येईल,hindi
train/hindi/D_image_839_3.jpg,विहरता,hindi
train/hindi/D_image_839_4.jpg,मुक्त,hindi
train/hindi/D_image_839_5.jpg,ज्ञानाभांडारात,hindi
train/hindi/D_image_839_6.jpg,अशा,hindi
train/hindi/D_image_839_8.jpg,विकिपीडिया,hindi
train/hindi/D_image_839_9.jpg,विकिपीडिया,hindi
train/hindi/D_image_84_0.jpg,त्रालय,hindi
train/hindi/D_image_84_1.jpg,भारत,hindi
train/hindi/D_image_840_10.jpg,मराठी,hindi
train/hindi/D_image_840_11.jpg,विकिपीडिया,hindi
train/hindi/D_image_840_12.jpg,पृथ्वीवरील,hindi
train/hindi/D_image_840_13.jpg,माणसाला,hindi
train/hindi/D_image_840_14.jpg,मानवी,hindi
train/hindi/D_image_840_15.jpg,मुक्त,hindi
train/hindi/D_image_840_16.jpg,येईस .,hindi
train/hindi/D_image_840_4.jpg,विड़रता,hindi
train/hindi/D_image_840_5.jpg,ज्ञानामांडारात,hindi
train/hindi/D_image_840_6.jpg,अखिल,hindi
train/hindi/D_image_840_7.jpg,प्रत्येक,hindi
train/hindi/D_image_840_9.jpg,विकिपीडिया,hindi
train/hindi/D_image_841_1.jpg,अखिल मानवी,hindi
train/hindi/D_image_841_10.jpg,बिकिपीडिया,hindi
train/hindi/D_image_841_12.jpg,विचार,hindi
train/hindi/D_image_841_13.jpg,"करा,",hindi
train/hindi/D_image_841_14.jpg,जिये,hindi
train/hindi/D_image_841_15.jpg,माणसाला,hindi
train/hindi/D_image_841_2.jpg,प्रत्येक,hindi
train/hindi/D_image_841_3.jpg,पृथ्वीवरील,hindi
train/hindi/D_image_841_4.jpg,जगाचा,hindi
train/hindi/D_image_841_5.jpg,आशा,hindi
train/hindi/D_image_841_6.jpg,विकिपीडिया,hindi
train/hindi/D_image_841_7.jpg,मराठी,hindi
train/hindi/D_image_842_5.jpg,विकिपीडिया,hindi
train/hindi/D_image_842_6.jpg,मराठी,hindi
train/hindi/D_image_843_0.jpg,येईलः,hindi
train/hindi/D_image_843_1.jpg,विहरता,hindi
train/hindi/D_image_843_2.jpg,मुक्त,hindi
train/hindi/D_image_843_3.jpg,ज्ञानाभांडारात,hindi
train/hindi/D_image_843_4.jpg,मानवी,hindi
train/hindi/D_image_843_5.jpg,अखिल,hindi
train/hindi/D_image_843_6.jpg,माणसाला,hindi
train/hindi/D_image_843_7.jpg,प्रत्येक,hindi
train/hindi/D_image_844_10.jpg,ज्ञानाभांडारात,hindi
train/hindi/D_image_844_11.jpg,मानवी,hindi
train/hindi/D_image_844_12.jpg,अखिल,hindi
train/hindi/D_image_844_13.jpg,माणसाला,hindi
train/hindi/D_image_844_15.jpg,विकिपीडिया,hindi
train/hindi/D_image_844_16.jpg,विकिपीडिया,hindi
train/hindi/D_image_844_17.jpg,मराठी,hindi
train/hindi/D_image_844_7.jpg,येईल,hindi
train/hindi/D_image_844_8.jpg,विहरता,hindi
train/hindi/D_image_844_9.jpg,मुक्त,hindi
train/hindi/D_image_845_10.jpg,मराठी,hindi
train/hindi/D_image_845_12.jpg,जगाचा,hindi
train/hindi/D_image_845_13.jpg,विचार,hindi
train/hindi/D_image_845_14.jpg,"करा,",hindi
train/hindi/D_image_845_15.jpg,पृथ्वीवरील,hindi
train/hindi/D_image_845_16.jpg,प्रत्येक,hindi
train/hindi/D_image_845_17.jpg,माणसाला,hindi
train/hindi/D_image_845_18.jpg,अखिल,hindi
train/hindi/D_image_845_19.jpg,ज्ञानाभांडारात,hindi
train/hindi/D_image_845_2.jpg,विहरता,hindi
train/hindi/D_image_845_20.jpg,येईल.,hindi
train/hindi/D_image_845_3.jpg,मुक्त,hindi
train/hindi/D_image_845_4.jpg,मानवी,hindi
train/hindi/D_image_845_5.jpg,जिथे,hindi
train/hindi/D_image_845_6.jpg,अशा,hindi
train/hindi/D_image_845_8.jpg,विकिपीडिया,hindi
train/hindi/D_image_845_9.jpg,विकिपीडिया,hindi
train/hindi/D_image_847_10.jpg,विकिपीडिया,hindi
train/hindi/D_image_847_11.jpg,मराठी,hindi
train/hindi/D_image_847_15.jpg,"""अशा",hindi
train/hindi/D_image_847_16.jpg,जमावा,hindi
train/hindi/D_image_847_17.jpg,विचार,hindi
train/hindi/D_image_847_18.jpg,जिये,hindi
train/hindi/D_image_847_19.jpg,पृथ्वीवरील,hindi
train/hindi/D_image_847_2.jpg,"येईल,",hindi
train/hindi/D_image_847_20.jpg,प्रत्येक,hindi
train/hindi/D_image_847_21.jpg,माणसाला,hindi
train/hindi/D_image_847_22.jpg,अखिल,hindi
train/hindi/D_image_847_3.jpg,विहरता,hindi
train/hindi/D_image_847_4.jpg,मुक्त,hindi
train/hindi/D_image_847_5.jpg,ज्ञानाभांडारात,hindi
train/hindi/D_image_847_6.jpg,मानवी,hindi
train/hindi/D_image_847_7.jpg,करा.,hindi
train/hindi/D_image_847_9.jpg,विकिपीडिया,hindi
train/hindi/D_image_848_10.jpg,नौसेना,hindi
train/hindi/D_image_848_11.jpg,प्रांतर,hindi
train/hindi/D_image_848_2.jpg,भारतीय,hindi
train/hindi/D_image_848_3.jpg,दीर्घा,hindi
train/hindi/D_image_848_4.jpg,सामुद्रिक,hindi
train/hindi/D_image_848_6.jpg,सामुद्रिक,hindi
train/hindi/D_image_848_7.jpg,धरोहर,hindi
train/hindi/D_image_848_9.jpg,धरोहर,hindi
train/hindi/D_image_849_1.jpg,गणित,hindi
train/hindi/D_image_850_0.jpg,संस्थान,hindi
train/hindi/D_image_850_1.jpg,विज्ञाना,hindi
train/hindi/D_image_850_13.jpg,मौलाना,hindi
train/hindi/D_image_850_14.jpg,आजाद,hindi
train/hindi/D_image_850_15.jpg,दन्त,hindi
train/hindi/D_image_850_3.jpg,परिसर,hindi
train/hindi/D_image_850_4.jpg,मौलाना,hindi
train/hindi/D_image_850_5.jpg,आजाद,hindi
train/hindi/D_image_850_6.jpg,मेडिकल,hindi
train/hindi/D_image_850_7.jpg,काले,hindi
train/hindi/D_image_853_0.jpg,कार्यालय,hindi
train/hindi/D_image_853_1.jpg,सूचना,hindi
train/hindi/D_image_853_10.jpg,सूचना,hindi
train/hindi/D_image_853_12.jpg,पत्र,hindi
train/hindi/D_image_853_13.jpg,पत्र,hindi
train/hindi/D_image_853_14.jpg,सुचना,hindi
train/hindi/D_image_853_15.jpg,कार्यालय,hindi
train/hindi/D_image_853_19.jpg,सरकार,hindi
train/hindi/D_image_853_2.jpg,निदेशक,hindi
train/hindi/D_image_853_20.jpg,प,hindi
train/hindi/D_image_853_21.jpg,सूचना,hindi
train/hindi/D_image_853_22.jpg,कार्यालय,hindi
train/hindi/D_image_853_23.jpg,इन्दौर,hindi
train/hindi/D_image_853_3.jpg,सहायक,hindi
train/hindi/D_image_853_4.jpg,वर्धन,hindi
train/hindi/D_image_853_6.jpg,पूजा,hindi
train/hindi/D_image_853_7.jpg,मंत्रालय,hindi
train/hindi/D_image_853_8.jpg,प्रसारण,hindi
train/hindi/D_image_853_9.jpg,कार्यालय,hindi
train/hindi/D_image_855_22.jpg,व,hindi
train/hindi/D_image_855_42.jpg,टिकट,hindi
train/hindi/D_image_855_43.jpg,वेंडिंग,hindi
train/hindi/D_image_855_44.jpg,मशीन,hindi
train/hindi/D_image_855_45.jpg,स्टेशन,hindi
train/hindi/D_image_856_1.jpg,जिल्४०,hindi
train/hindi/D_image_856_2.jpg,मेट्रो,hindi
train/hindi/D_image_856_3.jpg,ट्रेन,hindi
train/hindi/D_image_856_4.jpg,डिपो,hindi
train/hindi/D_image_856_5.jpg,नजफगढ़,hindi
train/hindi/D_image_856_6.jpg,।।३।।,hindi
train/hindi/D_image_857_4.jpg,मेट्टुगूडा,hindi
train/hindi/D_image_859_11.jpg,जीवन,hindi
train/hindi/D_image_859_14.jpg,प्रकटि,hindi
train/hindi/D_image_859_15.jpg,जैन,hindi
train/hindi/D_image_859_16.jpg,रानी,hindi
train/hindi/D_image_859_18.jpg,लेडी,hindi
train/hindi/D_image_859_19.jpg,डी,hindi
train/hindi/D_image_859_20.jpg,राज,hindi
train/hindi/D_image_859_27.jpg,१४२१४,hindi
train/hindi/D_image_859_28.jpg,स्ट्रिया,hindi
train/hindi/D_image_859_4.jpg,बोल्ड,hindi
train/hindi/D_image_867_0.jpg,आवास,hindi
train/hindi/D_image_867_10.jpg,का,hindi
train/hindi/D_image_867_11.jpg,कारखाना,hindi
train/hindi/D_image_867_4.jpg,ग़ालिब,hindi
train/hindi/D_image_867_6.jpg,हीटर,hindi
train/hindi/D_image_867_7.jpg,में,hindi
train/hindi/D_image_867_8.jpg,में,hindi
train/hindi/D_image_869_3.jpg,नगर,hindi
train/hindi/D_image_869_4.jpg,मोदी,hindi
train/hindi/D_image_87_1.jpg,विहार,hindi
train/hindi/D_image_87_2.jpg,आनंद,hindi
train/hindi/D_image_871_0.jpg,शीतल,hindi
train/hindi/D_image_871_1.jpg,नगर,hindi
train/hindi/D_image_871_10.jpg,इन्टरलॉकिंग,hindi
train/hindi/D_image_871_11.jpg,रेलवे,hindi
train/hindi/D_image_871_12.jpg,नगर,hindi
train/hindi/D_image_871_14.jpg,मोदी,hindi
train/hindi/D_image_871_3.jpg,मोदीनगर,hindi
train/hindi/D_image_871_4.jpg,कैबिन,hindi
train/hindi/D_image_871_5.jpg,पॉवर,hindi
train/hindi/D_image_871_6.jpg,मोदी,hindi
train/hindi/D_image_871_7.jpg,उत्तर,hindi
train/hindi/D_image_871_8.jpg,रिले,hindi
train/hindi/D_image_871_9.jpg,रुट,hindi
train/hindi/D_image_872_0.jpg,नगर,hindi
train/hindi/D_image_872_1.jpg,मोदी,hindi
train/hindi/D_image_872_2.jpg,पथ),hindi
train/hindi/D_image_872_3.jpg,कार्यालय,hindi
train/hindi/D_image_872_4.jpg,वरिष्ठ,hindi
train/hindi/D_image_872_5.jpg,"सै,",hindi
train/hindi/D_image_872_6.jpg,इन्जीनीयर,hindi
train/hindi/D_image_872_7.jpg,रेल,hindi
train/hindi/D_image_873_3.jpg,नगर,hindi
train/hindi/D_image_873_4.jpg,मोदी,hindi
train/hindi/D_image_874_0.jpg,मोदी,hindi
train/hindi/D_image_874_1.jpg,नगर,hindi
train/hindi/D_image_875_2.jpg,एस्टेट,hindi
train/hindi/D_image_875_3.jpg,मोहन,hindi
train/hindi/D_image_877_10.jpg,पुरस्का,hindi
train/hindi/D_image_877_2.jpg,प्रमाणित,hindi
train/hindi/D_image_877_6.jpg,संगठन,hindi
train/hindi/D_image_877_8.jpg,ce,hindi
train/hindi/D_image_879_10.jpg,थूकना,hindi
train/hindi/D_image_879_6.jpg,र,hindi
train/hindi/D_image_879_7.jpg,जुर्माना,hindi
train/hindi/D_image_879_8.jpg,है॓,hindi
train/hindi/D_image_879_9.jpg,मना,hindi
train/hindi/D_image_880_0.jpg,यात्र,hindi
train/hindi/D_image_880_1.jpg,कृपया,hindi
train/hindi/D_image_880_2.jpg,मूलचन्द,hindi
train/hindi/D_image_881_0.jpg,नगर,hindi
train/hindi/D_image_881_1.jpg,मोती,hindi
train/hindi/D_image_882_0.jpg,एम,hindi
train/hindi/D_image_882_10.jpg,पूर्वोत्तर,hindi
train/hindi/D_image_882_11.jpg,सदस्य,hindi
train/hindi/D_image_882_12.jpg,बिजली,hindi
train/hindi/D_image_882_14.jpg,रेल,hindi
train/hindi/D_image_882_15.jpg,राज्य,hindi
train/hindi/D_image_882_16.jpg,मंत्री,hindi
train/hindi/D_image_882_17.jpg,एम॰आर,hindi
train/hindi/D_image_882_18.jpg,रेल,hindi
train/hindi/D_image_882_19.jpg,राज्य,hindi
train/hindi/D_image_882_20.jpg,मंत्री,hindi
train/hindi/D_image_882_21.jpg,रेल,hindi
train/hindi/D_image_882_22.jpg,राज्य,hindi
train/hindi/D_image_882_23.jpg,मंत्री,hindi
train/hindi/D_image_882_24.jpg,बी,hindi
train/hindi/D_image_882_4.jpg,बोर्ड,hindi
train/hindi/D_image_882_5.jpg,रेलवे,hindi
train/hindi/D_image_882_6.jpg,"अध्यक्ष,",hindi
train/hindi/D_image_882_7.jpg,रेलवे,hindi
train/hindi/D_image_882_8.jpg,सोम,hindi
train/hindi/D_image_882_9.jpg,महाप्रबंधक,hindi
train/hindi/D_image_883_10.jpg,राज्य,hindi
train/hindi/D_image_883_11.jpg,मंत्री,hindi
train/hindi/D_image_883_12.jpg,एम),hindi
train/hindi/D_image_883_15.jpg,रेल,hindi
train/hindi/D_image_883_16.jpg,नीर,hindi
train/hindi/D_image_883_19.jpg,रेल,hindi
train/hindi/D_image_883_2.jpg,यातायात,hindi
train/hindi/D_image_883_20.jpg,नीर,hindi
train/hindi/D_image_883_23.jpg,रेल,hindi
train/hindi/D_image_883_3.jpg,बी,hindi
train/hindi/D_image_883_4.jpg,मंत्री,hindi
train/hindi/D_image_883_5.jpg,राज्य,hindi
train/hindi/D_image_883_6.jpg,रेल,hindi
train/hindi/D_image_883_7.jpg,सदस्य,hindi
train/hindi/D_image_883_9.jpg,रेल,hindi
train/hindi/D_image_884_0.jpg,रेल,hindi
train/hindi/D_image_886_1.jpg,मुण्डका,hindi
train/hindi/D_image_887_1.jpg,मुनिरका,hindi
train/hindi/D_image_888_6.jpg,सिद्वि,hindi
train/hindi/D_image_89_2.jpg,आनन्द,hindi
train/hindi/D_image_89_3.jpg,विहार,hindi
train/hindi/D_image_890_2.jpg,नई,hindi
train/hindi/D_image_890_3.jpg,दिल्ली,hindi
train/hindi/D_image_892_11.jpg,दिल्ली,hindi
train/hindi/D_image_892_14.jpg,धौला,hindi
train/hindi/D_image_892_15.jpg,कुआँ,hindi
train/hindi/D_image_894_1.jpg,रेलवे,hindi
train/hindi/D_image_894_2.jpg,पीरर्पती,hindi
train/hindi/D_image_894_4.jpg,महगामा,hindi
train/hindi/D_image_894_6.jpg,गोड्डा ,hindi
train/hindi/D_image_894_7.jpg,पथरगामा,hindi
train/hindi/D_image_894_9.jpg,स्टेशन,hindi
train/hindi/D_image_895_1.jpg,ब्लाक,hindi
train/hindi/D_image_895_6.jpg,संग्रहालय,hindi
train/hindi/D_image_895_7.jpg,प्रवेश,hindi
train/hindi/D_image_895_9.jpg,ए,hindi
train/hindi/D_image_897_2.jpg,न.,hindi
train/hindi/D_image_897_3.jpg,गेट,hindi
train/hindi/D_image_897_6.jpg,नज़फगढ़,hindi
train/hindi/D_image_9_13.jpg,गोंय,hindi
train/hindi/D_image_9_14.jpg,गोवा,hindi
train/hindi/D_image_9_15.jpg,आई॰एस॰ओ॰,hindi
train/hindi/D_image_9_4.jpg,प्रमाणित,hindi
train/hindi/D_image_9_6.jpg,प्राधिकरण,hindi
train/hindi/D_image_9_7.jpg,विमानपत्तन,hindi
train/hindi/D_image_9_8.jpg,भारतीय,hindi
train/hindi/D_image_900_1.jpg,न.1,hindi
train/hindi/D_image_900_10.jpg,रवुशी,hindi
train/hindi/D_image_900_11.jpg,बचाओ,hindi
train/hindi/D_image_900_2.jpg,गेट,hindi
train/hindi/D_image_900_5.jpg,नांगलोई,hindi
train/hindi/D_image_900_6.jpg,रेलवे,hindi
train/hindi/D_image_900_7.jpg,स्टेशन,hindi
train/hindi/D_image_908_0.jpg,एकता,hindi
train/hindi/D_image_908_1.jpg,अक्टूबर,hindi
train/hindi/D_image_908_12.jpg,दौड़,hindi
train/hindi/D_image_908_13.jpg,एकता,hindi
train/hindi/D_image_908_2.jpg,जयते,hindi
train/hindi/D_image_908_3.jpg,सत्यमेव,hindi
train/hindi/D_image_908_4.jpg,वल्लभभाई,hindi
train/hindi/D_image_908_5.jpg,सरदार,hindi
train/hindi/D_image_908_6.jpg,राष्ट्रीय,hindi
train/hindi/D_image_908_7.jpg,पटेल,hindi
train/hindi/D_image_908_8.jpg,जयंती,hindi
train/hindi/D_image_908_9.jpg,दिवस,hindi
train/hindi/D_image_91_0.jpg,एस,hindi
train/hindi/D_image_91_1.jpg,टी,hindi
train/hindi/D_image_91_2.jpg,बी,hindi
train/hindi/D_image_91_3.jpg,विहार,hindi
train/hindi/D_image_91_4.jpg,आनन्द,hindi
train/hindi/D_image_91_5.jpg,आईं,hindi
train/hindi/D_image_91_8.jpg,।उआ,hindi
train/hindi/D_image_910_0.jpg,मिशन,hindi
train/hindi/D_image_910_10.jpg,स्वच्छ,hindi
train/hindi/D_image_910_11.jpg,भारत,hindi
train/hindi/D_image_910_3.jpg,की‌,hindi
train/hindi/D_image_910_4.jpg,स्वच्छता,hindi
train/hindi/D_image_910_5.jpg,कदम,hindi
train/hindi/D_image_910_6.jpg,भारत,hindi
train/hindi/D_image_910_7.jpg,ओर‍,hindi
train/hindi/D_image_910_8.jpg,एक‌,hindi
train/hindi/D_image_910_9.jpg,स्वच्छ,hindi
train/hindi/D_image_915_17.jpg,का‍,hindi
train/hindi/D_image_915_18.jpg,शुरु,hindi
train/hindi/D_image_915_19.jpg,होगा,hindi
train/hindi/D_image_915_3.jpg,आधुनिक,hindi
train/hindi/D_image_915_9.jpg,और‍,hindi
train/hindi/D_image_919_0.jpg,मोदी,hindi
train/hindi/D_image_919_1.jpg,नरेन्द्र,hindi
train/hindi/D_image_919_10.jpg,आयुर्विज्ञान,hindi
train/hindi/D_image_919_13.jpg,अक्टूबर,hindi
train/hindi/D_image_919_17.jpg,अखिल-भारतीय,hindi
train/hindi/D_image_919_18.jpg,संस्थान,hindi
train/hindi/D_image_919_2.jpg,श्री,hindi
train/hindi/D_image_919_21.jpg,42वां,hindi
train/hindi/D_image_919_22.jpg,दीक्षांत,hindi
train/hindi/D_image_919_23.jpg,समारोह,hindi
train/hindi/D_image_919_24.jpg,अखिल,hindi
train/hindi/D_image_919_25.jpg,यर्विज्ञान,hindi
train/hindi/D_image_919_26.jpg,प्रो.,hindi
train/hindi/D_image_919_27.jpg,एम,hindi
train/hindi/D_image_919_28.jpg,सी,hindi
train/hindi/D_image_919_29.jpg,मिश्र,hindi
train/hindi/D_image_919_5.jpg,खलुधर्मसाधनम्,hindi
train/hindi/D_image_921_1.jpg,भारत,hindi
train/hindi/D_image_921_2.jpg,स्वच्छ,hindi
train/hindi/D_image_921_3.jpg,एफ,hindi
train/hindi/D_image_921_5.jpg,स्वच्छता,hindi
train/hindi/D_image_921_7.jpg,ओर,hindi
train/hindi/D_image_921_8.jpg,मिशन,hindi
train/hindi/D_image_922_0.jpg,किसान,hindi
train/hindi/D_image_922_10.jpg,किसान,hindi
train/hindi/D_image_922_19.jpg,ब्रे,hindi
train/hindi/D_image_922_9.jpg,रथ,hindi
train/hindi/D_image_93_1.jpg,टर्मिनल,hindi
train/hindi/D_image_93_2.jpg,आनन्द,hindi
train/hindi/D_image_93_3.jpg,विहार,hindi
train/hindi/D_image_93_4.jpg,ANAND,hindi
train/hindi/D_image_933_0.jpg,ओर‍,hindi
train/hindi/D_image_933_1.jpg,की,hindi
train/hindi/D_image_933_10.jpg,रहो,hindi
train/hindi/D_image_933_11.jpg,स्वच्छता,hindi
train/hindi/D_image_933_2.jpg,स्वच्छता,hindi
train/hindi/D_image_933_3.jpg,कदम,hindi
train/hindi/D_image_933_4.jpg,एक‌,hindi
train/hindi/D_image_933_5.jpg,स्वच्छ,hindi
train/hindi/D_image_933_6.jpg,भारत,hindi
train/hindi/D_image_933_7.jpg,स्वच्छ,hindi
train/hindi/D_image_933_8.jpg,रहो,hindi
train/hindi/D_image_933_9.jpg,स्वस्थ,hindi
train/hindi/D_image_936_0.jpg,सत्यमेव,hindi
train/hindi/D_image_936_1.jpg,तोमर,hindi
train/hindi/D_image_936_10.jpg,सिंह,hindi
train/hindi/D_image_936_11.jpg,सितांशु,hindi
train/hindi/D_image_936_12.jpg,दिल्ली,hindi
train/hindi/D_image_936_13.jpg,नरेन्द्र,hindi
train/hindi/D_image_936_2.jpg,कार‍,hindi
train/hindi/D_image_936_3.jpg,लय,hindi
train/hindi/D_image_936_4.jpg,सूचना,hindi
train/hindi/D_image_936_5.jpg,जयते,hindi
train/hindi/D_image_936_6.jpg,पत्र,hindi
train/hindi/D_image_936_7.jpg,मीडिया,hindi
train/hindi/D_image_936_8.jpg,बी,hindi
train/hindi/D_image_936_9.jpg,सिन्हा,hindi
train/hindi/D_image_937_11.jpg,क्षमता,hindi
train/hindi/D_image_937_12.jpg,कार्यक्रम,hindi
train/hindi/D_image_937_2.jpg,संकल्प,hindi
train/hindi/D_image_937_3.jpg,‍का‍,hindi
train/hindi/D_image_937_4.jpg,मंत्रालय,hindi
train/hindi/D_image_937_5.jpg,भारत,hindi
train/hindi/D_image_937_6.jpg,सरकार,hindi
train/hindi/D_image_942_0.jpg,के,hindi
train/hindi/D_image_942_1.jpg,एड्स,hindi
train/hindi/D_image_942_10.jpg,रिबन,hindi
train/hindi/D_image_942_11.jpg,एक्सप्रेस,hindi
train/hindi/D_image_942_12.jpg,"विरुद्व,",hindi
train/hindi/D_image_942_13.jpg,ज़िन्दगी,hindi
train/hindi/D_image_942_14.jpg,जिन्दाबाद।,hindi
train/hindi/D_image_942_9.jpg,रेड,hindi
train/hindi/D_image_943_3.jpg,सुविधा,hindi
train/hindi/D_image_943_4.jpg,ऐरोसॉल,hindi
train/hindi/D_image_943_5.jpg,राष्ट्रीय,hindi
train/hindi/D_image_944_2.jpg,अभिलेखान्‌,hindi
train/hindi/D_image_944_3.jpg,वयं,hindi
train/hindi/D_image_944_5.jpg,राष्ट्रीय,hindi
train/hindi/D_image_944_6.jpg,अभिलेखागार,hindi
train/hindi/D_image_944_7.jpg,रक्षामः,hindi
train/hindi/D_image_946_10.jpg,राष्ट्रीय,hindi
train/hindi/D_image_946_11.jpg,भारत,hindi
train/hindi/D_image_946_12.jpg,सरकार,hindi
train/hindi/D_image_946_6.jpg,अभिलेखागार,hindi
train/hindi/D_image_946_7.jpg,राष्ट्रीय,hindi
train/hindi/D_image_946_8.jpg,अभिलेखागार,hindi
train/hindi/D_image_947_0.jpg,सेंट्रल,hindi
train/hindi/D_image_947_1.jpg,पार्क,hindi
train/hindi/D_image_95_13.jpg,मंत्रीपूर्ण,hindi
train/hindi/D_image_95_15.jpg,भारत,hindi
train/hindi/D_image_95_16.jpg,सरकार,hindi
train/hindi/D_image_95_17.jpg,का,hindi
train/hindi/D_image_95_18.jpg,उपक्रम,hindi
train/hindi/D_image_95_6.jpg,वि‍श्‍वसनीय,hindi
train/hindi/D_image_95_8.jpg,सिंडिकेटबैंक,hindi
train/hindi/D_image_960_2.jpg,देवघर,hindi
train/hindi/D_image_961_0.jpg,५०५।,hindi
train/hindi/D_image_961_1.jpg,देवघर,hindi
train/hindi/D_image_962_1.jpg,देवघर,hindi
train/hindi/D_image_963_2.jpg,देवघर,hindi
train/hindi/D_image_967_14.jpg,संस्थान,hindi
train/hindi/D_image_967_15.jpg,होम्योपैथी,hindi
train/hindi/D_image_967_16.jpg,राष्ट्रीय,hindi
train/hindi/D_image_967_21.jpg,HOMOEOPATHY,hindi
train/hindi/D_image_97_0.jpg,करो,hindi
train/hindi/D_image_97_1.jpg,रिहा,hindi
train/hindi/D_image_97_10.jpg,शाहीनबाग,hindi
train/hindi/D_image_97_11.jpg,नाम,hindi
train/hindi/D_image_97_12.jpg,अभी,hindi
train/hindi/D_image_97_13.jpg,म,hindi
train/hindi/D_image_97_14.jpg,क‍ी,hindi
train/hindi/D_image_97_15.jpg,जुटता,hindi
train/hindi/D_image_97_16.jpg,का,hindi
train/hindi/D_image_97_17.jpg,तो,hindi
train/hindi/D_image_97_18.jpg,आगे,hindi
train/hindi/D_image_97_19.jpg,और,hindi
train/hindi/D_image_97_2.jpg,काे,hindi
train/hindi/D_image_97_20.jpg,लड़ाई,hindi
train/hindi/D_image_97_21.jpg,आवाज,hindi
train/hindi/D_image_97_22.jpg,दो,hindi
train/hindi/D_image_97_23.jpg,हम,hindi
train/hindi/D_image_97_24.jpg,है,hindi
train/hindi/D_image_97_25.jpg,समिति,hindi
train/hindi/D_image_97_3.jpg,सुर,hindi
train/hindi/D_image_97_4.jpg,विधान,hindi
train/hindi/D_image_97_5.jpg,एक,hindi
train/hindi/D_image_97_6.jpg,है ‍!!,hindi
train/hindi/D_image_97_7.jpg,है!,hindi
train/hindi/D_image_97_8.jpg,अंगड़ाई,hindi
train/hindi/D_image_97_9.jpg,ली‍,hindi
train/hindi/D_image_971_0.jpg,हिन्द,hindi
train/hindi/D_image_971_1.jpg,जय,hindi
train/hindi/D_image_971_12.jpg,टिकट,hindi
train/hindi/D_image_971_13.jpg,राष्ट्रीय,hindi
train/hindi/D_image_971_14.jpg,डाक,hindi
train/hindi/D_image_971_15.jpg,संग्रहालय,hindi
train/hindi/D_image_971_17.jpg,भारत,hindi
train/hindi/D_image_971_18.jpg,प्रतिरूप,hindi
train/hindi/D_image_971_19.jpg,19वीं,hindi
train/hindi/D_image_971_20.jpg,शताब्दी,hindi
train/hindi/D_image_971_21.jpg,मीनाकारी,hindi
train/hindi/D_image_971_22.jpg,जय,hindi
train/hindi/D_image_971_23.jpg,हिन्द,hindi
train/hindi/D_image_971_8.jpg,मयूर,hindi
train/hindi/D_image_972_0.jpg,म्‍यूज़ियम,hindi
train/hindi/D_image_972_1.jpg,जंक्शन,hindi
train/hindi/D_image_972_4.jpg,समुद्र,hindi
train/hindi/D_image_972_5.jpg,तल‍,hindi
train/hindi/D_image_972_6.jpg,से‍,hindi
train/hindi/D_image_972_7.jpg,ऊंचाई,hindi
train/hindi/D_image_972_8.jpg,206.70मी.,hindi
train/hindi/D_image_977_12.jpg,ग्रेटर,hindi
train/hindi/D_image_977_13.jpg,फरीदाबाद,hindi
train/hindi/D_image_977_3.jpg,अरमान,hindi
train/hindi/D_image_977_4.jpg,लखानी,hindi
train/hindi/D_image_977_7.jpg,नीलम,hindi
train/hindi/D_image_977_8.jpg,चौक,hindi
train/hindi/D_image_977_9.jpg,अजरौंदा,hindi
train/hindi/D_image_979_0.jpg,बोस,hindi
train/hindi/D_image_979_1.jpg,चन्द्र,hindi
train/hindi/D_image_979_13.jpg,हिजली,hindi
train/hindi/D_image_979_14.jpg,शहीद,hindi
train/hindi/D_image_979_15.jpg,भवन,hindi
train/hindi/D_image_979_2.jpg,सुभाष,hindi
train/hindi/D_image_979_3.jpg,नेताजी,hindi
train/hindi/D_image_980_10.jpg,सेन,hindi
train/hindi/D_image_980_2.jpg,सुभाष ,hindi
train/hindi/D_image_980_3.jpg,प्लेस,hindi
train/hindi/D_image_980_7.jpg,सुभाष,hindi
train/hindi/D_image_980_8.jpg,नेताजी,hindi
train/hindi/D_image_980_9.jpg,नेताजी,hindi
train/hindi/D_image_983_0.jpg,सामान्य,hindi
train/hindi/D_image_983_1.jpg,ब्रिज,hindi
train/hindi/D_image_983_10.jpg,तिलक,hindi
train/hindi/D_image_983_13.jpg,सिरसा,hindi
train/hindi/D_image_983_2.jpg,रोहतक,hindi
train/hindi/D_image_983_4.jpg,बरेली,hindi
train/hindi/D_image_983_6.jpg,नई,hindi
train/hindi/D_image_983_7.jpg,दिल्ली,hindi
train/hindi/D_image_984_0.jpg,रेल,hindi
train/hindi/D_image_984_10.jpg,नई,hindi
train/hindi/D_image_984_12.jpg,भारतीय,hindi
train/hindi/D_image_984_2.jpg,डा०,hindi
train/hindi/D_image_984_5.jpg,लखनऊ,hindi
train/hindi/D_image_984_6.jpg,तेजस,hindi
train/hindi/D_image_984_7.jpg,दिल्ली,hindi
train/hindi/D_image_984_8.jpg,अप,hindi
train/hindi/D_image_984_9.jpg,एक्सप्रेस,hindi
train/hindi/D_image_985_12.jpg,नई,hindi
train/hindi/D_image_985_13.jpg,डा०,hindi
train/hindi/D_image_985_14.jpg,अप,hindi
train/hindi/D_image_985_17.jpg,लखनऊ,hindi
train/hindi/D_image_985_18.jpg,एक्सप्रेस,hindi
train/hindi/D_image_985_19.jpg,तेजस,hindi
train/hindi/D_image_985_20.jpg,दिल्ली,hindi
train/hindi/D_image_99_0.jpg,इन्कलाब,hindi
train/hindi/D_image_99_10.jpg,खि़लाफ़,hindi
train/hindi/D_image_99_11.jpg,फासीवाद,hindi
train/hindi/D_image_99_12.jpg,का,hindi
train/hindi/D_image_99_13.jpg,इन्क़लाबी,hindi
train/hindi/D_image_99_14.jpg,का,hindi
train/hindi/D_image_99_15.jpg,की,hindi
train/hindi/D_image_99_16.jpg,शाहीनबाग़,hindi
train/hindi/D_image_99_17.jpg,आवाम,hindi
train/hindi/D_image_99_18.jpg,एकजुटता,hindi
train/hindi/D_image_99_19.jpg,नाम,hindi
train/hindi/D_image_99_20.jpg,जज्बे,hindi
train/hindi/D_image_99_21.jpg,नाम,hindi
train/hindi/D_image_99_22.jpg,के,hindi
train/hindi/D_image_99_23.jpg,मोर्चें,hindi
train/hindi/D_image_99_27.jpg,जिन्दाबाद,hindi
train/hindi/D_image_99_8.jpg,नाम,hindi
train/hindi/D_image_99_9.jpg,का,hindi
train/hindi/D_image_990_10.jpg,मनन,hindi
train/hindi/D_image_990_11.jpg,कृष्णा,hindi
train/hindi/D_image_990_12.jpg,रोड,hindi
train/hindi/D_image_990_16.jpg,रोड,hindi
train/hindi/D_image_990_17.jpg,तीस,hindi
train/hindi/D_image_990_18.jpg,जनवरी,hindi
train/hindi/D_image_990_19.jpg,मार्ग,hindi
train/hindi/D_image_990_3.jpg,रोड,hindi
train/hindi/D_image_990_4.jpg,अकबर,hindi
train/hindi/D_image_990_8.jpg,अकबर,hindi
train/hindi/D_image_990_9.jpg,मार्ग,hindi
train/hindi/D_image_991_0.jpg,की,hindi
train/hindi/D_image_991_1.jpg,कैमरे,hindi
train/hindi/D_image_991_2.jpg,आप,hindi
train/hindi/D_image_991_3.jpg,कृपया,hindi
train/hindi/D_image_991_4.jpg,मौन,hindi
train/hindi/D_image_991_5.jpg,रहें,hindi
train/hindi/D_image_991_6.jpg,निगरानी,hindi
train/hindi/D_image_991_7.jpg,में,hindi
train/hindi/D_image_994_2.jpg,नई,hindi
train/hindi/D_image_994_3.jpg,दिल्ली,hindi
train/hindi/D_image_997_2.jpg,दिल्ली,hindi
train/hindi/D_image_997_3.jpg,नई,hindi
train/hindi/D_image_998_2.jpg,नई,hindi
train/hindi/D_image_999_0.jpg,लेन,hindi
train/hindi/D_image_999_1.jpg,टैक्सी,hindi
train/hindi/D_image_999_10.jpg,‍कार,hindi
train/hindi/D_image_999_12.jpg,ऑटो,hindi
train/hindi/D_image_999_13.jpg,लेन,hindi
train/hindi/D_image_999_2.jpg,लेन,hindi
train/hindi/D_image_999_3.jpg,ऑटो,hindi
train/hindi/D_image_999_5.jpg,निषेध,hindi
train/hindi/D_image_999_6.jpg,पाकिंग,hindi
train/hindi/D_image_999_9.jpg,पार्किंग,hindi
train/hindi/E_image_1020_11.jpg,करना,hindi
train/hindi/E_image_1020_15.jpg,मैसूर,hindi
train/hindi/E_image_1020_3.jpg,जंक्शन,hindi
train/hindi/E_image_1020_7.jpg,मना,hindi
train/hindi/E_image_1021_15.jpg,घर,hindi
train/hindi/E_image_1021_19.jpg,मैसूर,hindi
train/hindi/E_image_1021_22.jpg,जंक्शन,hindi
train/hindi/E_image_1021_25.jpg,टिकट,hindi
train/hindi/E_image_1022_16.jpg,जंक्श्न,hindi
train/hindi/E_image_1022_19.jpg,मैसूर,hindi
train/hindi/E_image_1022_24.jpg,टिकट,hindi
train/hindi/E_image_1022_25.jpg,घर,hindi
train/hindi/E_image_1022_30.jpg,आंफ़,hindi
train/hindi/E_image_1022_31.jpg,बड़ौदा,hindi
train/hindi/E_image_1022_8.jpg,बैंक,hindi
train/hindi/E_image_1029_1.jpg,में,hindi
train/hindi/E_image_1029_2.jpg,रेलवें,hindi
train/hindi/E_image_1029_3.jpg,मैसूर,hindi
train/hindi/E_image_1029_86.jpg,स्टेशन,hindi
train/hindi/E_image_1042_2.jpg,नागनहल्लि,hindi
train/hindi/E_image_1043_1.jpg,नागणसुर,hindi
train/hindi/E_image_1043_2.jpg,नागणसूर,hindi
train/hindi/E_image_1047_1.jpg,जं,hindi
train/hindi/E_image_1047_4.jpg,हुबली,hindi
train/hindi/E_image_1077_1.jpg,समाप्त,hindi
train/hindi/E_image_1077_2.jpg,ट्रेन,hindi
train/hindi/E_image_1116_1.jpg,नरसांबुधि,hindi
train/hindi/E_image_1132_30.jpg,कार्पोरेशन,hindi
train/hindi/E_image_1132_32.jpg,अग्रणी,hindi
train/hindi/E_image_1132_33.jpg,का‍,hindi
train/hindi/E_image_1132_34.jpg,क्षेत्र,hindi
train/hindi/E_image_1132_35.jpg,सार्वजनिक,hindi
train/hindi/E_image_1132_43.jpg,बैंक,hindi
train/hindi/E_image_1132_59.jpg,एटीएम,hindi
train/hindi/E_image_1132_60.jpg,ई-लाबी,hindi
train/hindi/E_image_1132_71.jpg,बैंक,hindi
train/hindi/E_image_114_0.jpg,इंडिया,hindi
train/hindi/E_image_114_1.jpg,एक्सप्रेस,hindi
train/hindi/E_image_114_2.jpg,एअर,hindi
train/hindi/E_image_1143_0.jpg,इंडिया,hindi
train/hindi/E_image_1143_6.jpg,बैंक,hindi
train/hindi/E_image_1143_7.jpg,ऑफ़,hindi
train/hindi/E_image_1147_1.jpg,ऊरणम,hindi
train/hindi/E_image_115_1.jpg,हेब्बाल,hindi
train/hindi/E_image_115_2.jpg,अक्किहब्बालु,hindi
train/hindi/E_image_115_6.jpg,अक्कि,hindi
train/hindi/E_image_1157_2.jpg,पांडवपुर,hindi
train/hindi/E_image_116_0.jpg,अक्किहब्बालु,hindi
train/hindi/E_image_1172_10.jpg,भारतीय,hindi
train/hindi/E_image_1172_12.jpg,स्वच्छ,hindi
train/hindi/E_image_1172_13.jpg,भारत,hindi
train/hindi/E_image_1172_14.jpg,पखवाडा,hindi
train/hindi/E_image_1172_6.jpg,पिरियापट्ण,hindi
train/hindi/E_image_1177_2.jpg,इल्नि,hindi
train/hindi/E_image_1177_3.jpg,बयप्पन,hindi
train/hindi/E_image_118_0.jpg,अक्किहब्बालु,hindi
train/hindi/E_image_1185_0.jpg,यात्रा,hindi
train/hindi/E_image_1185_7.jpg,समास,hindi
train/hindi/E_image_1187_23.jpg,खतरा,hindi
train/hindi/E_image_1187_24.jpg,उच्च,hindi
train/hindi/E_image_1187_25.jpg,वोल्टेज,hindi
train/hindi/E_image_1187_26.jpg,से,hindi
train/hindi/E_image_1187_27.jpg,रहें,hindi
train/hindi/E_image_1187_6.jpg,दू‍र,hindi
train/hindi/E_image_1187_7.jpg,पटरी,hindi
train/hindi/E_image_1187_8.jpg,कृपया,hindi
train/hindi/E_image_1189_0.jpg,समाप्त,hindi
train/hindi/E_image_1189_3.jpg,यात्रा,hindi
train/hindi/E_image_121_3.jpg,अक्किहेब्बालु,hindi
train/hindi/E_image_1231_2.jpg,चिकित्सालय,hindi
train/hindi/E_image_1231_3.jpg,रेलवे,hindi
train/hindi/E_image_1231_8.jpg,भरतीय,hindi
train/hindi/E_image_1231_9.jpg,रेल,hindi
train/hindi/E_image_1244_0.jpg,प्रचादयात,hindi
train/hindi/E_image_1244_1.jpg,तत्राहस:,hindi
train/hindi/E_image_1257_11.jpg,प्राकृतिक,hindi
train/hindi/E_image_1257_3.jpg,मैसूरू,hindi
train/hindi/E_image_1257_4.jpg,संग्रहालय,hindi
train/hindi/E_image_1257_5.jpg,वि‍ज्ञान‌,hindi
train/hindi/E_image_1257_6.jpg,क्षेत्रीय,hindi
train/hindi/E_image_1276_1.jpg,बिडदि,hindi
train/hindi/E_image_1278_2.jpg,भाल्की,hindi
train/hindi/E_image_1278_3.jpg,डब्ल्यूडीएम3डी,hindi
train/hindi/E_image_1279_6.jpg,एटीएम,hindi
train/hindi/E_image_1288_2.jpg,सुरतकत,hindi
train/hindi/E_image_130_1.jpg,४.00,hindi
train/hindi/E_image_1314_2.jpg,सेडम,hindi
train/hindi/E_image_1319_1.jpg,ऊ,hindi
train/hindi/E_image_1320_2.jpg,ॐ,hindi
train/hindi/E_image_1362_0.jpg,ॐ,hindi
train/hindi/E_image_1374_3.jpg,ऊँ,hindi
train/hindi/E_image_1397_0.jpg,पटुण,hindi
train/hindi/E_image_1397_1.jpg,श्रीरंग,hindi
train/hindi/E_image_140_1.jpg,अंकोला,hindi
train/hindi/E_image_1410_2.jpg,सावधान,hindi
train/hindi/E_image_1410_6.jpg,से,hindi
train/hindi/E_image_1410_7.jpg,चलिये,hindi
train/hindi/E_image_1433_26.jpg,आत्मनॊ,hindi
train/hindi/E_image_1433_27.jpg,मोक्षार्थं,hindi
train/hindi/E_image_1433_28.jpg,जगद्धिताय,hindi
train/hindi/E_image_1433_29.jpg,च,hindi
train/hindi/E_image_1470_0.jpg,जयते,hindi
train/hindi/E_image_1470_1.jpg,सत्‍यमेव,hindi
train/hindi/E_image_1476_1.jpg,शयनयान,hindi
train/hindi/E_image_1476_3.jpg,तोन्ड,hindi
train/hindi/E_image_1476_4.jpg,भावि,hindi
train/hindi/E_image_1479_1.jpg,चामराजनगर,hindi
train/hindi/E_image_148_3.jpg,अर्जुन,hindi
train/hindi/E_image_148_4.jpg,हल्लि,hindi
train/hindi/E_image_1487_19.jpg,दक्षिण,hindi
train/hindi/E_image_1487_20.jpg,पश्‍चिम,hindi
train/hindi/E_image_1487_21.jpg,रेलवे,hindi
train/hindi/E_image_1487_22.jpg,बेंगलूरु,hindi
train/hindi/E_image_1487_23.jpg,स्टेशन,hindi
train/hindi/E_image_1487_24.jpg,में,hindi
train/hindi/E_image_1487_25.jpg,गाडी,hindi
train/hindi/E_image_1487_27.jpg,से,hindi
train/hindi/E_image_1487_7.jpg,समय,hindi
train/hindi/E_image_1487_8.jpg,का‍,hindi
train/hindi/E_image_1487_9.jpg,सिटी,hindi
train/hindi/E_image_1488_2.jpg,इंडिया,hindi
train/hindi/E_image_1488_4.jpg,बैंक,hindi
train/hindi/E_image_1488_7.jpg,ऑफ़,hindi
train/hindi/E_image_1488_8.jpg,बैंक,hindi
train/hindi/E_image_1488_9.jpg,इंडिया,hindi
train/hindi/E_image_1490_11.jpg,ट्रिनिटी,hindi
train/hindi/E_image_1490_14.jpg,करने,hindi
train/hindi/E_image_1490_15.jpg,प्रणाली,hindi
train/hindi/E_image_1490_16.jpg,ट्रिप,hindi
train/hindi/E_image_1490_17.jpg,आपातकालीन,hindi
train/hindi/E_image_1490_41.jpg,के ,hindi
train/hindi/E_image_1490_42.jpg,लिए,hindi
train/hindi/E_image_1490_52.jpg,प्रणाली,hindi
train/hindi/E_image_1490_6.jpg,ट्रिप,hindi
train/hindi/E_image_1490_7.jpg,आपातकालीन,hindi
train/hindi/E_image_1490_8.jpg,ई टी एस,hindi
train/hindi/E_image_1490_9.jpg,सूचना,hindi
train/hindi/E_image_1498_4.jpg,टेक,hindi
train/hindi/E_image_1498_6.jpg,हाई,hindi
train/hindi/E_image_1498_7.jpg,सिंटी,hindi
train/hindi/E_image_1511_4.jpg,इटारसी,hindi
train/hindi/E_image_1511_6.jpg,तुमकूरु,hindi
train/hindi/E_image_1515_1.jpg,बाणीबिहार,hindi
train/hindi/E_image_1518_5.jpg,प्रसीद,hindi
train/hindi/E_image_1518_6.jpg,वीरनारायण,hindi
train/hindi/E_image_1518_7.jpg,श्री,hindi
train/hindi/E_image_1522_5.jpg,गेल,hindi
train/hindi/E_image_1557_10.jpg,हाउस ,hindi
train/hindi/E_image_1557_11.jpg,वेलिंगटन ,hindi
train/hindi/E_image_1557_12.jpg,सरकार,hindi
train/hindi/E_image_1557_13.jpg,भारत,hindi
train/hindi/E_image_1557_16.jpg,दक्षिण ,hindi
train/hindi/E_image_1557_26.jpg,इन्दिरा,hindi
train/hindi/E_image_1557_27.jpg,गांधी,hindi
train/hindi/E_image_1557_28.jpg,राष्ट्रीय,hindi
train/hindi/E_image_1557_29.jpg,मानव,hindi
train/hindi/E_image_1557_30.jpg,संग्रहालय,hindi
train/hindi/E_image_1557_9.jpg,इरविन ,hindi
train/hindi/E_image_1558_18.jpg,गांधी,hindi
train/hindi/E_image_1558_19.jpg,राष्ट्रीय,hindi
train/hindi/E_image_1558_20.jpg,मानव,hindi
train/hindi/E_image_1558_21.jpg,संग्रहालय,hindi
train/hindi/E_image_1558_22.jpg,दक्षिण,hindi
train/hindi/E_image_1558_26.jpg,सरकार,hindi
train/hindi/E_image_1558_27.jpg,वेलिंगटन ,hindi
train/hindi/E_image_1558_29.jpg,इरविन ,hindi
train/hindi/E_image_1581_5.jpg,जंक्शन,hindi
train/hindi/E_image_1585_2.jpg,यलहंका जं,hindi
train/hindi/E_image_1586_1.jpg,यलहंका जं,hindi
train/hindi/E_image_1587_1.jpg,जं,hindi
train/hindi/E_image_1587_6.jpg,यलहंका,hindi
train/hindi/E_image_1589_0.jpg,यशवंतपुर,hindi
train/hindi/E_image_16_1.jpg,संरक्षित,hindi
train/hindi/E_image_16_11.jpg,स्मारक,hindi
train/hindi/E_image_16_7.jpg,मन्दीर,hindi
train/hindi/E_image_16_8.jpg,सोमेश्वर,hindi
train/hindi/E_image_182_1.jpg,गुप्पे,hindi
train/hindi/E_image_182_2.jpg,बदन,hindi
train/hindi/E_image_185_3.jpg,बागेशपुरा,hindi
train/hindi/E_image_186_5.jpg,बागेशपुरा,hindi
train/hindi/E_image_186_8.jpg,बागेशपुरा,hindi
train/hindi/E_image_189_6.jpg,बैय्यप्पनहल्ली,hindi
train/hindi/E_image_190_2.jpg,हल्लि,hindi
train/hindi/E_image_190_3.jpg,बैयप्पन,hindi
train/hindi/E_image_199_1.jpg,बानसवाडि,hindi
train/hindi/E_image_204_0.jpg,छावनी,hindi
train/hindi/E_image_204_9.jpg,बेंगलूरू,hindi
train/hindi/E_image_214_1.jpg,बेंगलूर,hindi
train/hindi/E_image_218_1.jpg,एटीएम,hindi
train/hindi/E_image_218_8.jpg,यूनियन,hindi
train/hindi/E_image_218_9.jpg,बैंक,hindi
train/hindi/E_image_234_10.jpg,शाखा,hindi
train/hindi/E_image_234_11.jpg,मुख्य,hindi
train/hindi/E_image_234_12.jpg,मैसूर,hindi
train/hindi/E_image_234_13.jpg,मैसूर,hindi
train/hindi/E_image_234_14.jpg,ऑफ‌,hindi
train/hindi/E_image_234_15.jpg,बैंक,hindi
train/hindi/E_image_234_16.jpg,स्‍टेट,hindi
train/hindi/E_image_238_1.jpg,बंटवाल,hindi
train/hindi/E_image_276_2.jpg,हवाई,hindi
train/hindi/E_image_276_3.jpg,अड्डा,hindi
train/hindi/E_image_277_1.jpg,बीदर,hindi
train/hindi/E_image_280_2.jpg,बीरहल्ली,hindi
train/hindi/E_image_285_28.jpg,बैंकर,hindi
train/hindi/E_image_285_29.jpg,ग्रमीण,hindi
train/hindi/E_image_285_30.jpg,विकास,hindi
train/hindi/E_image_285_31.jpg,संस्थान,hindi
train/hindi/E_image_285_32.jpg,नाबार्ड,hindi
train/hindi/E_image_3_1.jpg,सतहकी,hindi
train/hindi/E_image_3_2.jpg,रेल,hindi
train/hindi/E_image_3_3.jpg,तनसे,hindi
train/hindi/E_image_3_4.jpg,समुद्री,hindi
train/hindi/E_image_3_6.jpg,गुलबर्गा,hindi
train/hindi/E_image_303_3.jpg,शिवशाही,hindi
train/hindi/E_image_307_4.jpg,ब्याड र ह​ल्लि,hindi
train/hindi/E_image_317_29.jpg,र्प,hindi
train/hindi/E_image_328_3.jpg,चल्लकेरे,hindi
train/hindi/E_image_332_3.jpg,डब्ल्यू,hindi
train/hindi/E_image_332_4.jpg,डी,hindi
train/hindi/E_image_332_5.jpg,पी,hindi
train/hindi/E_image_332_7.jpg,डी,hindi
train/hindi/E_image_332_9.jpg,कुन्दगोल,hindi
train/hindi/E_image_334_1.jpg,चामराजपुरम,hindi
train/hindi/E_image_341_1.jpg,चनरायपटूना,hindi
train/hindi/E_image_370_3.jpg,बिमल,hindi
train/hindi/E_image_407_3.jpg,यादगीर,hindi
train/hindi/E_image_415_4.jpg,देवन,hindi
train/hindi/E_image_415_5.jpg,हल्लि,hindi
train/hindi/E_image_416_1.jpg,हल्लि,hindi
train/hindi/E_image_416_2.jpg,देवन,hindi
train/hindi/E_image_417_3.jpg,देवन,hindi
train/hindi/E_image_417_4.jpg,हल्लि,hindi
train/hindi/E_image_418_6.jpg,देवनहल्लि,hindi
train/hindi/E_image_423_1.jpg,देवरायी,hindi
train/hindi/E_image_433_2.jpg,धारवाड,hindi
train/hindi/E_image_47_1.jpg,सोमनाथपुर,hindi
train/hindi/E_image_487_3.jpg,दोडबल्लापुर,hindi
train/hindi/E_image_49_3.jpg,कबक,hindi
train/hindi/E_image_49_4.jpg,पुत्तूरु,hindi
train/hindi/E_image_491_3.jpg,डोरन,hindi
train/hindi/E_image_491_6.jpg,हाल्ल,hindi
train/hindi/E_image_516_0.jpg,मुरूडेश्वर,hindi
train/hindi/E_image_569_0.jpg,ग्लोब,hindi
train/hindi/E_image_573_0.jpg,उ रे NR,hindi
train/hindi/E_image_573_1.jpg,वातानुकूलित,hindi
train/hindi/E_image_574_3.jpg,गोकर्णरोड़,hindi
train/hindi/E_image_594_2.jpg,गुलबर्गा,hindi
train/hindi/E_image_607_0.jpg,हंपापुरा,hindi
train/hindi/E_image_609_2.jpg,हंपापरा,hindi
train/hindi/E_image_610_2.jpg,೯೪೪೧,hindi
train/hindi/E_image_611_2.jpg,हंपापरा,hindi
train/hindi/E_image_612_2.jpg,हंपापरा,hindi
train/hindi/E_image_613_1.jpg,निकास,hindi
train/hindi/E_image_613_3.jpg,हंपापुरा,hindi
train/hindi/E_image_616_0.jpg,विमल,hindi
train/hindi/E_image_616_1.jpg,विमल,hindi
train/hindi/E_image_622_1.jpg,हेबाल,hindi
train/hindi/E_image_623_1.jpg,हेज्जा़ला,hindi
train/hindi/E_image_634_0.jpg,होलेनरसीपुर,hindi
train/hindi/E_image_637_3.jpg,होसाअग्रहार,hindi
train/hindi/E_image_669_2.jpg,इन्नंजे,hindi
train/hindi/E_image_673_0.jpg,करे,hindi
train/hindi/E_image_673_12.jpg,का‍र,hindi
train/hindi/E_image_673_15.jpg,से,hindi
train/hindi/E_image_673_16.jpg,चालक,hindi
train/hindi/E_image_673_19.jpg,खींचे,hindi
train/hindi/E_image_673_2.jpg,आपातकालीन,hindi
train/hindi/E_image_673_22.jpg,सुविधा,hindi
train/hindi/E_image_673_23.jpg,आपातकालीन,hindi
train/hindi/E_image_673_28.jpg,करें,hindi
train/hindi/E_image_673_29.jpg,कृपया,hindi
train/hindi/E_image_673_30.jpg,से,hindi
train/hindi/E_image_673_31.jpg,करें,hindi
train/hindi/E_image_673_32.jpg,सीट,hindi
train/hindi/E_image_673_33.jpg,जरुरतमंद,hindi
train/hindi/E_image_673_49.jpg,कृपया,hindi
train/hindi/E_image_673_50.jpg,को,hindi
train/hindi/E_image_673_51.jpg,प्रदान,hindi
train/hindi/E_image_673_53.jpg,"पहले,",hindi
train/hindi/E_image_673_54.jpg,जाँच,hindi
train/hindi/E_image_673_55.jpg,कि,hindi
train/hindi/E_image_673_60.jpg,दूरभाष,hindi
train/hindi/E_image_673_63.jpg,हैंडल,hindi
train/hindi/E_image_673_67.jpg,बात,hindi
train/hindi/E_image_673_68.jpg,करें,hindi
train/hindi/E_image_673_72.jpg,क्रमांक,hindi
train/hindi/E_image_673_75.jpg,क्रमांक,hindi
train/hindi/E_image_673_82.jpg,स्थिति,hindi
train/hindi/E_image_673_83.jpg,प्रयोग,hindi
train/hindi/E_image_673_9.jpg,द्वार,hindi
train/hindi/E_image_686_1.jpg,बोम्मागोंडनकेरे,hindi
train/hindi/E_image_731_2.jpg,कडकोला,hindi
train/hindi/E_image_733_1.jpg,जंक्शन,hindi
train/hindi/E_image_733_4.jpg,मंगलर,hindi
train/hindi/E_image_78_0.jpg,श्रीमहाकालप्रसन्न,hindi
train/hindi/E_image_785_2.jpg,कवलदे,hindi
train/hindi/E_image_793_0.jpg,बाहर,hindi
train/hindi/E_image_80_2.jpg,यंबकेश्वरप्रसन,hindi
train/hindi/E_image_806_2.jpg,कोणनूर,hindi
train/hindi/E_image_819_4.jpg,कृष्णराजपुरम,hindi
train/hindi/E_image_82_0.jpg,श्रीमहाकालप्रसन्न,hindi
train/hindi/E_image_820_2.jpg,कृष्णराजपुरम,hindi
train/hindi/E_image_821_3.jpg,कृष्णराजपुरम,hindi
train/hindi/E_image_822_2.jpg,(क्षेत्ररक्षक),hindi
train/hindi/E_image_822_4.jpg,क्षेत्रपाल,hindi
train/hindi/E_image_825_2.jpg,कुडतिति,hindi
train/hindi/E_image_825_6.jpg,कडतिनि,hindi
train/hindi/E_image_827_11.jpg,कुमटा,hindi
train/hindi/E_image_828_0.jpg,बैठने के लिये,hindi
train/hindi/E_image_828_7.jpg,कुदापुरा,hindi
train/hindi/E_image_828_9.jpg,मध्य,hindi
train/hindi/E_image_841_3.jpg,धूम्रपान,hindi
train/hindi/E_image_841_4.jpg,निषेध,hindi
train/hindi/E_image_857_13.jpg,आगमन,hindi
train/hindi/E_image_857_21.jpg,संगोल्लि,hindi
train/hindi/E_image_857_22.jpg,बेंगलुरु,hindi
train/hindi/E_image_857_5.jpg,स्टेशन,hindi
train/hindi/E_image_857_6.jpg,रायाण्ण,hindi
train/hindi/E_image_857_7.jpg,क्रान्तिवीर,hindi
train/hindi/E_image_865_1.jpg,मंदिर,hindi
train/hindi/E_image_865_2.jpg,कोलारम्म,hindi
train/hindi/E_image_873_0.jpg,सन्ग्राम,hindi
train/hindi/E_image_873_1.jpg,है,hindi
train/hindi/E_image_873_10.jpg,संदेश,hindi
train/hindi/E_image_873_2.jpg,मेरा,hindi
train/hindi/E_image_873_3.jpg,जीवन,hindi
train/hindi/E_image_873_8.jpg,मेरा,hindi
train/hindi/E_image_873_9.jpg,‍ही,hindi
train/hindi/E_image_878_1.jpg,माकलीदुर्ग,hindi
train/hindi/E_image_880_2.jpg,माकलीदुर्गा,hindi
train/hindi/E_image_888_1.jpg,दपरे,hindi
train/hindi/E_image_888_3.jpg,मंदगेरे,hindi
train/hindi/E_image_889_2.jpg,मंदगैरे,hindi
train/hindi/E_image_9_1.jpg,भारत,hindi
train/hindi/E_image_9_17.jpg,पेट्रोलियम,hindi
train/hindi/E_image_901_12.jpg,मंगलुर,hindi
train/hindi/E_image_901_13.jpg,सेन्ट्रल,hindi
train/hindi/E_image_901_18.jpg,मंगलूर,hindi
train/hindi/E_image_901_20.jpg,सेन्ट्रल,hindi
train/hindi/E_image_901_24.jpg,भोजनालया,hindi
train/hindi/E_image_901_26.jpg,मंगमूह,hindi
train/hindi/E_image_901_27.jpg,टेक्सी,hindi
train/hindi/E_image_901_28.jpg,चेतावनी,hindi
train/hindi/E_image_901_4.jpg,पार्किग,hindi
train/hindi/E_image_901_5.jpg,सेन्ट्रल,hindi
train/hindi/E_image_902_1.jpg,कार्यालय,hindi
train/hindi/E_image_902_4.jpg,सेन्ट्रल,hindi
train/hindi/E_image_902_7.jpg,मंगलूरु,hindi
train/hindi/E_image_904_1.jpg,जंक्शन,hindi
train/hindi/E_image_904_4.jpg,मंगल्‌र,hindi
train/hindi/E_image_910_4.jpg,सेन्ट्रल,hindi
train/hindi/E_image_910_6.jpg,मंगलूर,hindi
train/hindi/E_image_911_0.jpg,मंगलूर,hindi
train/hindi/E_image_911_3.jpg,सेन्ट्रल,hindi
train/hindi/E_image_915_1.jpg,सेंट्रल,hindi
train/hindi/E_image_915_4.jpg,मंगलरु,hindi
train/hindi/E_image_932_1.jpg,मेलुकोटे,hindi
train/hindi/E_image_950_1.jpg,मुल्की,hindi
train/hindi/E_image_953_2.jpg,मुर्डेश्वर,hindi
train/hindi/E_image_97_10.jpg,रखें,hindi
train/hindi/E_image_97_11.jpg,हाथ,hindi
train/hindi/E_image_97_12.jpg,काँच,hindi
train/hindi/E_image_97_19.jpg,न,hindi
train/hindi/E_image_97_20.jpg,पर‍,hindi
train/hindi/E_image_97_33.jpg,काँच,hindi
train/hindi/E_image_97_34.jpg,हाथ,hindi
train/hindi/E_image_97_35.jpg,रखें,hindi
train/hindi/E_image_97_42.jpg,पर,hindi
train/hindi/E_image_97_43.jpg,न,hindi
train/hindi/E_image_97_48.jpg,खाली,hindi
train/hindi/E_image_982_15.jpg,सप्ताह,hindi
train/hindi/E_image_982_30.jpg,मैसूर,hindi
train/hindi/E_image_982_33.jpg,जंक्शन,hindi
train/hindi/E_image_982_47.jpg,सुरक्षा,hindi
train/hindi/E_image_983_13.jpg,एटीएम,hindi
train/hindi/E_image_983_15.jpg,बैक,hindi
train/hindi/E_image_983_2.jpg,जंक्शन,hindi
train/hindi/E_image_983_21.jpg,घर,hindi
train/hindi/E_image_983_26.jpg,ऑफ़,hindi
train/hindi/E_image_983_57.jpg,मैसूर,hindi
train/hindi/E_image_983_61.jpg,बडौदा,hindi
train/hindi/E_image_983_65.jpg,टिकट,hindi
train/hindi/E_image_983_71.jpg,यूनियन,hindi
train/hindi/E_image_983_77.jpg,स्‍टेट,hindi
train/hindi/E_image_983_85.jpg,मैसूर,hindi
train/hindi/E_image_983_9.jpg,भारतीय,hindi
train/hindi/E_image_984_12.jpg,जंक्शन,hindi
train/hindi/E_image_984_20.jpg,यूनियन,hindi
train/hindi/E_image_984_25.jpg,ऑफ़,hindi
train/hindi/E_image_984_28.jpg,घर,hindi
train/hindi/E_image_984_32.jpg,जंक्शन,hindi
train/hindi/E_image_984_38.jpg,मैसूर,hindi
train/hindi/E_image_984_41.jpg,टिकट,hindi
train/hindi/E_image_984_44.jpg,बैक,hindi
train/hindi/E_image_984_45.jpg,बडौदा,hindi
train/hindi/E_image_984_50.jpg,बैंक,hindi
train/hindi/E_image_984_58.jpg,मैसूर,hindi
train/hindi/E_image_985_23.jpg,ऑफ,hindi
train/hindi/E_image_985_24.jpg,बैंक,hindi
train/hindi/E_image_985_27.jpg,घर,hindi
train/hindi/E_image_985_28.jpg,टिकट,hindi
train/hindi/E_image_985_31.jpg,मैसूर,hindi
train/hindi/E_image_985_34.jpg,जक्शंन,hindi
train/hindi/E_image_985_40.jpg,बड़ौदा,hindi
train/hindi/E_image_985_56.jpg,जंक्शन,hindi
train/hindi/E_image_985_58.jpg,बैंक,hindi
train/hindi/E_image_985_7.jpg,नैशनल,hindi
train/hindi/E_image_985_9.jpg,मैसूर,hindi
train/hindi/E_image_986_1.jpg,जंक्शन,hindi
train/hindi/E_image_986_4.jpg,मैसूर,hindi
train/hindi/F_image_107_1.jpg,अनकापल्ली,hindi
train/hindi/F_image_107_5.jpg,अनकापल्ली,hindi
train/hindi/F_image_109_1.jpg,अनपर्ति,hindi
train/hindi/F_image_116_6.jpg,अंगाडिप्पुरम,hindi
train/hindi/F_image_117_0.jpg,अंगाडिप्पुरम,hindi
train/hindi/F_image_118_1.jpg,द प,hindi
train/hindi/F_image_118_2.jpg,अंगाडिप्पुरम,hindi
train/hindi/F_image_158_2.jpg,ब्रह्मपुत्रा,hindi
train/hindi/F_image_159_3.jpg,ब्रह्मपत्रा,hindi
train/hindi/F_image_160_2.jpg,साबरमती,hindi
train/hindi/F_image_161_3.jpg,साबरमती,hindi
train/hindi/F_image_161_5.jpg,नर्मदा,hindi
train/hindi/F_image_163_1.jpg,पुस्तकालय,hindi
train/hindi/F_image_163_13.jpg,विश्वविद्यालय,hindi
train/hindi/F_image_163_15.jpg,केरल,hindi
train/hindi/F_image_163_16.jpg,केंद्रीय,hindi
train/hindi/F_image_163_17.jpg,विश्वविद्‌यालय,hindi
train/hindi/F_image_163_20.jpg,केन्द्रीय,hindi
train/hindi/F_image_163_9.jpg,केरल,hindi
train/hindi/F_image_166_0.jpg,ॐ,hindi
train/hindi/F_image_166_11.jpg,ॐ,hindi
train/hindi/F_image_166_12.jpg,ऊँ,hindi
train/hindi/F_image_167_2.jpg,चन्गनशेरी,hindi
train/hindi/F_image_168_0.jpg,चंगनाशेरी,hindi
train/hindi/F_image_168_2.jpg,स्टाल,hindi
train/hindi/F_image_168_7.jpg,चंगनाशेरी,hindi
train/hindi/F_image_168_9.jpg,प्लेटफॉर्म,hindi
train/hindi/F_image_173_3.jpg,चन्गनाशेरी,hindi
train/hindi/F_image_183_4.jpg,ॐ,hindi
train/hindi/F_image_185_1.jpg,चेरियनाड़,hindi
train/hindi/F_image_218_3.jpg,डिवैन,hindi
train/hindi/F_image_218_4.jpg,नगर,hindi
train/hindi/F_image_316_0.jpg,ॐ,hindi
train/hindi/F_image_317_0.jpg,ऊँ,hindi
train/hindi/F_image_318_1.jpg,गुणदला,hindi
train/hindi/F_image_350_10.jpg,विद्यालय,hindi
train/hindi/F_image_350_5.jpg,मलप्पुरम,hindi
train/hindi/F_image_350_9.jpg,केन्द्रीय,hindi
train/hindi/F_image_355_112.jpg,इन्श्योरेन्स,hindi
train/hindi/F_image_355_28.jpg,नेशनल,hindi
train/hindi/F_image_365_2.jpg,बैंक,hindi
train/hindi/F_image_365_3.jpg,वरसीज़,hindi
train/hindi/F_image_379_2.jpg,कण्णपुरम,hindi
train/hindi/F_image_398_2.jpg,कण्णूर,hindi
train/hindi/F_image_398_5.jpg,कण्णूर,hindi
train/hindi/F_image_415_2.jpg,कण्णूर,hindi
train/hindi/F_image_423_1.jpg,कासरकोड,hindi
train/hindi/F_image_423_3.jpg,कासरकोंड,hindi
train/hindi/F_image_424_3.jpg,कासरगोड,hindi
train/hindi/F_image_425_5.jpg,ॐ,hindi
train/hindi/F_image_425_7.jpg,ॐ,hindi
train/hindi/F_image_430_12.jpg,ॐ,hindi
train/hindi/F_image_454_1.jpg,कोल्लम जंक्शन,hindi
train/hindi/F_image_480_30.jpg,भारतीय,hindi
train/hindi/F_image_483_1.jpg,कोष़िक्कोड,hindi
train/hindi/F_image_488_3.jpg,कुलुक्कल्लूर,hindi
train/hindi/F_image_490_2.jpg,कुलुक्कल्लूर,hindi
train/hindi/F_image_491_2.jpg,कुलुक्कल्लूर,hindi
train/hindi/F_image_572_2.jpg,इण्डियन,hindi
train/hindi/F_image_603_18.jpg,त्रावणकोर,hindi
train/hindi/F_image_606_0.jpg,मुतलमडा,hindi
train/hindi/F_image_640_1.jpg,कारक्काड,hindi
train/hindi/F_image_646_2.jpg,पालक्काड,hindi
train/hindi/F_image_646_5.jpg,जंक्शन,hindi
train/hindi/F_image_658_4.jpg,पट्टिक्काड,hindi
train/hindi/F_image_659_11.jpg,स्टेशन,hindi
train/hindi/F_image_659_14.jpg,पटिट्क्काड,hindi
train/hindi/F_image_659_26.jpg,को,hindi
train/hindi/F_image_659_27.jpg,स्वच्छ,hindi
train/hindi/F_image_659_29.jpg,रेलवे,hindi
train/hindi/F_image_659_30.jpg,की,hindi
train/hindi/F_image_659_31.jpg,मदद,hindi
train/hindi/F_image_659_9.jpg,शौचालय,hindi
train/hindi/F_image_666_3.jpg,पयंगाडि,hindi
train/hindi/F_image_684_3.jpg,ॐ,hindi
train/hindi/F_image_766_6.jpg,आन्ध्रा,hindi
train/hindi/F_image_766_76.jpg,बैंक,hindi
train/hindi/F_image_772_1.jpg,तिरुन्नावाया,hindi
train/hindi/F_image_774_3.jpg,तिरूर,hindi
train/hindi/F_image_776_1.jpg,तिरूर,hindi
train/hindi/F_image_777_12.jpg,तिरूर,hindi
train/hindi/F_image_777_16.jpg,तिरूर,hindi
train/hindi/F_image_777_4.jpg,रेलवे,hindi
train/hindi/F_image_777_5.jpg,दक्षिण,hindi
train/hindi/F_image_777_6.jpg,ऊपरी,hindi
train/hindi/F_image_783_1.jpg,तुव्वूर,hindi
train/hindi/F_image_784_2.jpg,तुव्वूर,hindi
train/hindi/F_image_785_1.jpg,तोडियप्पुलम,hindi
train/hindi/F_image_795_1.jpg,वाडानांकुरूश्शि,hindi
train/hindi/F_image_796_1.jpg,बाहर,hindi
train/hindi/F_image_796_4.jpg,वाडानांकुरुश्शि,hindi
train/hindi/F_image_798_3.jpg,वाडानांकुरुश्शि,hindi
train/hindi/F_image_799_1.jpg,वाडानांकुरुश्शि,hindi
train/hindi/F_image_814_7.jpg,ॐ,hindi
train/hindi/F_image_814_8.jpg,ॐ,hindi
train/hindi/F_image_92_3.jpg,वातानुकूलित,hindi
train/hindi/F_image_92_4.jpg,द्वितीय,hindi
train/hindi/F_image_92_5.jpg,कुर्सी,hindi
train/hindi/G_image_10178_0.jpg,कक्ष,hindi
train/hindi/G_image_10178_1.jpg,आगमन,hindi
train/hindi/G_image_10178_13.jpg,रक्षित,hindi
train/hindi/G_image_10178_2.jpg,प्रस्थान,hindi
train/hindi/G_image_10178_4.jpg,हवाई,hindi
train/hindi/G_image_10180_13.jpg,उच्च,hindi
train/hindi/G_image_10180_14.jpg,क्षमता,hindi
train/hindi/G_image_10181_10.jpg,यहां,hindi
train/hindi/G_image_10181_2.jpg,सूरत,hindi
train/hindi/G_image_10181_5.jpg,जलगांव जं.,hindi
train/hindi/G_image_10181_6.jpg,अजंता,hindi
train/hindi/G_image_10181_7.jpg,और,hindi
train/hindi/G_image_10181_8.jpg,के,hindi
train/hindi/G_image_10181_9.jpg,लिये,hindi
train/hindi/G_image_10182_0.jpg,ऊँचाई,hindi
train/hindi/G_image_10182_10.jpg,और,hindi
train/hindi/G_image_10182_12.jpg,के‍,hindi
train/hindi/G_image_10182_3.jpg,जलगांव जं. ,hindi
train/hindi/G_image_10182_4.jpg,जं. ,hindi
train/hindi/G_image_10182_6.jpg,लिये,hindi
train/hindi/G_image_10182_7.jpg,यहॉ,hindi
train/hindi/G_image_10182_9.jpg,अजता,hindi
train/hindi/G_image_10225_17.jpg,वेलिंगटन,hindi
train/hindi/G_image_10225_26.jpg,संस,hindi
train/hindi/G_image_10225_27.jpg,स्पोर्टस्,hindi
train/hindi/G_image_10225_3.jpg,हॉटेल,hindi
train/hindi/G_image_10225_6.jpg,मुंबई,hindi
train/hindi/G_image_10225_8.jpg,एक्स,hindi
train/hindi/G_image_10279_10.jpg,प्रवेश,hindi
train/hindi/G_image_10279_13.jpg,मार्ग,hindi
train/hindi/G_image_10279_4.jpg,दर्शन,hindi
train/hindi/G_image_10279_8.jpg,प्रवेश,hindi
train/hindi/G_image_10439_0.jpg,62/42,hindi
train/hindi/G_image_10439_7.jpg,औसत,hindi
train/hindi/G_image_10439_9.jpg,उँचाई,hindi
train/hindi/G_image_10448_15.jpg,अली,hindi
train/hindi/G_image_10448_16.jpg,पायधुनी,hindi
train/hindi/G_image_10448_18.jpg,एन्ड,hindi
train/hindi/G_image_10448_21.jpg,चौक,hindi
train/hindi/G_image_10448_24.jpg,सैनिक,hindi
train/hindi/G_image_10448_7.jpg,मार्ग,hindi
train/hindi/G_image_10465_10.jpg,प्रबंधक,hindi
train/hindi/G_image_10465_13.jpg,"श्री,",hindi
train/hindi/G_image_10465_15.jpg,विजयी,hindi
train/hindi/G_image_10465_16.jpg,परिवर्तन,hindi
train/hindi/G_image_10465_2.jpg,कलवा,hindi
train/hindi/G_image_10465_23.jpg,प्रबंधक,hindi
train/hindi/G_image_10465_24.jpg,स्टेशन,hindi
train/hindi/G_image_10465_29.jpg,मोरेश्वर,hindi
train/hindi/G_image_10465_30.jpg,केणी,hindi
train/hindi/G_image_10465_31.jpg,स्टेशन,hindi
train/hindi/G_image_10465_33.jpg,स्टेशन,hindi
train/hindi/G_image_10465_37.jpg,स्टेशन,hindi
train/hindi/G_image_10465_38.jpg,कार्यालय,hindi
train/hindi/G_image_10465_41.jpg,कलवा,hindi
train/hindi/G_image_10465_7.jpg,गुप्ता,hindi
train/hindi/G_image_10465_8.jpg,श्री.,hindi
train/hindi/G_image_10501_12.jpg,करु,hindi
train/hindi/G_image_10501_17.jpg,मुंबई,hindi
train/hindi/G_image_10501_18.jpg,महा,hindi
train/hindi/G_image_10501_21.jpg,समय,hindi
train/hindi/G_image_10501_24.jpg,गंतव्य,hindi
train/hindi/G_image_10501_25.jpg,गंतव्य,hindi
train/hindi/G_image_10501_26.jpg,स्‍वागत,hindi
train/hindi/G_image_10501_30.jpg,नका,hindi
train/hindi/G_image_10501_35.jpg,धूम्रपान,hindi
train/hindi/G_image_10501_39.jpg,"रहा,",hindi
train/hindi/G_image_10501_7.jpg,सुरक्षा,hindi
train/hindi/G_image_10552_12.jpg,विकास,hindi
train/hindi/G_image_10552_14.jpg,कं.,hindi
train/hindi/G_image_10552_4.jpg,हवाईअड्डा,hindi
train/hindi/G_image_10592_12.jpg,गुजरात,hindi
train/hindi/G_image_10592_15.jpg,श्री,hindi
train/hindi/G_image_10592_22.jpg,शुभेच्छा !,hindi
train/hindi/G_image_10592_25.jpg,आनंद,hindi
train/hindi/G_image_10592_42.jpg,मंदिर,hindi
train/hindi/G_image_10592_44.jpg,श्री,hindi
train/hindi/G_image_10592_45.jpg,पुणे,hindi
train/hindi/G_image_10592_48.jpg,गणपती,hindi
train/hindi/G_image_10592_50.jpg,संग.,hindi
train/hindi/G_image_10592_53.jpg,हार्दिक,hindi
train/hindi/G_image_10592_57.jpg,पुरस्कार,hindi
train/hindi/G_image_10592_59.jpg,व,hindi
train/hindi/G_image_10592_61.jpg,कर्नाटक,hindi
train/hindi/G_image_10592_62.jpg,विस्तृत,hindi
train/hindi/G_image_10592_65.jpg,‍व,hindi
train/hindi/G_image_10592_66.jpg,सुविधा,hindi
train/hindi/G_image_10592_7.jpg,इंटरनेट,hindi
train/hindi/G_image_10601_1.jpg,पदार्थ,hindi
train/hindi/G_image_10601_11.jpg,शाकाहारी,hindi
train/hindi/G_image_10601_21.jpg,पुरी,hindi
train/hindi/G_image_10601_30.jpg,मटन,hindi
train/hindi/G_image_10601_44.jpg,मटन,hindi
train/hindi/G_image_10601_5.jpg,श्री,hindi
train/hindi/G_image_10601_50.jpg,भोजनालय,hindi
train/hindi/G_image_10601_51.jpg,शाकाहारी,hindi
train/hindi/G_image_10601_53.jpg,मांसाहारी,hindi
train/hindi/G_image_10601_56.jpg,कोंबडी,hindi
train/hindi/G_image_10601_59.jpg,उपमा,hindi
train/hindi/G_image_10602_10.jpg,जगह,hindi
train/hindi/G_image_10602_12.jpg,सरकार,hindi
train/hindi/G_image_10602_13.jpg,बर्सी,hindi
train/hindi/G_image_10602_15.jpg,क़ैदी,hindi
train/hindi/G_image_10602_16.jpg,कस्तुरबा,hindi
train/hindi/G_image_10602_17.jpg,श्रीमती,hindi
train/hindi/G_image_10602_2.jpg,हैं.,hindi
train/hindi/G_image_10602_20.jpg,हालत,hindi
train/hindi/G_image_10602_21.jpg,राम,hindi
train/hindi/G_image_10602_23.jpg,की,hindi
train/hindi/G_image_10602_24.jpg,चल,hindi
train/hindi/G_image_10602_25.jpg,और,hindi
train/hindi/G_image_10602_26.jpg,ने,hindi
train/hindi/G_image_10602_29.jpg,नामदार,hindi
train/hindi/G_image_10602_3.jpg,समधि,hindi
train/hindi/G_image_10602_32.jpg,ने,hindi
train/hindi/G_image_10602_33.jpg,यादगार,hindi
train/hindi/G_image_10602_34.jpg,यह,hindi
train/hindi/G_image_10602_35.jpg,बनाओ,hindi
train/hindi/G_image_10602_36.jpg,जन्म,hindi
train/hindi/G_image_10602_4.jpg,में,hindi
train/hindi/G_image_10602_5.jpg,जुनकी,hindi
train/hindi/G_image_10602_7.jpg,शाह,hindi
train/hindi/G_image_10602_8.jpg,सुलतान,hindi
train/hindi/G_image_10602_9.jpg,करवाया,hindi
train/hindi/G_image_10610_0.jpg,मुख्य,hindi
train/hindi/G_image_10610_11.jpg,दूध,hindi
train/hindi/G_image_10610_12.jpg,का,hindi
train/hindi/G_image_10610_4.jpg,दूध,hindi
train/hindi/G_image_10610_5.jpg,सहकारी,hindi
train/hindi/G_image_10610_6.jpg,संघ,hindi
train/hindi/G_image_10612_0.jpg,दूध,hindi
train/hindi/G_image_10612_1.jpg,कारी,hindi
train/hindi/G_image_10612_2.jpg,उत्पादक,hindi
train/hindi/G_image_10612_3.jpg,संघ,hindi
train/hindi/G_image_10637_2.jpg,केलवली,hindi
train/hindi/G_image_10643_1.jpg,तल,hindi
train/hindi/G_image_10643_2.jpg,समुद्र,hindi
train/hindi/G_image_10643_4.jpg,रोड,hindi
train/hindi/G_image_10643_6.jpg,रोड,hindi
train/hindi/G_image_10643_8.jpg,से,hindi
train/hindi/G_image_10643_9.jpg,ऊंचाई,hindi
train/hindi/G_image_10644_0.jpg,30-22 मी.,hindi
train/hindi/G_image_10644_1.jpg,ऊँचाई,hindi
train/hindi/G_image_10644_4.jpg,रोड,hindi
train/hindi/G_image_10644_6.jpg,रोड,hindi
train/hindi/G_image_10683_2.jpg,से,hindi
train/hindi/G_image_10683_3.jpg,सतह,hindi
train/hindi/G_image_10683_8.jpg,समुद्र,hindi
train/hindi/G_image_10683_9.jpg,उँचाई-,hindi
train/hindi/G_image_10735_13.jpg,पर्यटन,hindi
train/hindi/G_image_10735_16.jpg,समाधी,hindi
train/hindi/G_image_10735_21.jpg,सुरक्षित,hindi
train/hindi/G_image_10735_8.jpg,राजा ,hindi
train/hindi/G_image_10850_10.jpg,पैसे,hindi
train/hindi/G_image_10850_11.jpg,को​ल्ड्रिंक्स,hindi
train/hindi/G_image_10850_26.jpg,करवीर,hindi
train/hindi/G_image_10850_29.jpg,सदैव,hindi
train/hindi/G_image_10850_35.jpg,ॲण्ड,hindi
train/hindi/G_image_10850_40.jpg,कंपनी,hindi
train/hindi/G_image_10850_47.jpg,मे.,hindi
train/hindi/G_image_10850_48.jpg,कंपनी,hindi
train/hindi/G_image_10850_64.jpg,अतिक्रमण,hindi
train/hindi/G_image_10853_12.jpg,स्टेन,hindi
train/hindi/G_image_10853_15.jpg,डायमंड,hindi
train/hindi/G_image_10853_19.jpg,"रोड,",hindi
train/hindi/G_image_10853_20.jpg,प्रताप,hindi
train/hindi/G_image_10853_21.jpg,महाराणा,hindi
train/hindi/G_image_10853_25.jpg,वार्ड,hindi
train/hindi/G_image_10853_28.jpg,केदार,hindi
train/hindi/G_image_10853_3.jpg,संगम,hindi
train/hindi/G_image_10853_30.jpg,होलसेल,hindi
train/hindi/G_image_10853_31.jpg,व्यापारी,hindi
train/hindi/G_image_10853_4.jpg,"रोड,",hindi
train/hindi/G_image_10853_44.jpg,ट्रेडर्स,hindi
train/hindi/G_image_10853_5.jpg,महाराणा,hindi
train/hindi/G_image_10853_50.jpg,ग्लास,hindi
train/hindi/G_image_10853_52.jpg,योग्य,hindi
train/hindi/G_image_10853_57.jpg,ट्रेडर्स,hindi
train/hindi/G_image_10853_58.jpg,प्रताप,hindi
train/hindi/G_image_10853_6.jpg,रिफ्लेकटीव,hindi
train/hindi/G_image_10864_1.jpg,कंपनी,hindi
train/hindi/G_image_10864_12.jpg,बी.बी.,hindi
train/hindi/G_image_10864_17.jpg,सर्टिफिकेट,hindi
train/hindi/G_image_10864_18.jpg,भाग्वरले,hindi
train/hindi/G_image_10864_19.jpg,ओरीजनल,hindi
train/hindi/G_image_10864_21.jpg,ए्क,hindi
train/hindi/G_image_10864_23.jpg,स्वर्ग,hindi
train/hindi/G_image_10864_25.jpg,मेन,hindi
train/hindi/G_image_10864_26.jpg,रोड,hindi
train/hindi/G_image_10864_27.jpg,रेल्वे,hindi
train/hindi/G_image_10864_29.jpg,टायर,hindi
train/hindi/G_image_10864_3.jpg,स्थापना,hindi
train/hindi/G_image_10864_31.jpg,बी.,hindi
train/hindi/G_image_10864_34.jpg,प्रो.,hindi
train/hindi/G_image_10864_35.jpg,रविंद्र,hindi
train/hindi/G_image_10864_7.jpg,पार्टस्,hindi
train/hindi/G_image_10914_1.jpg,सारे,hindi
train/hindi/G_image_10914_13.jpg,शासन,hindi
train/hindi/G_image_10914_15.jpg,व,hindi
train/hindi/G_image_10914_16.jpg,विभाग,hindi
train/hindi/G_image_10914_19.jpg,मूल,hindi
train/hindi/G_image_10914_2.jpg,शिक्षा,hindi
train/hindi/G_image_10914_21.jpg,सर्व,hindi
train/hindi/G_image_10914_22.jpg,अभियान,hindi
train/hindi/G_image_10914_3.jpg,अधिकार,hindi
train/hindi/G_image_10914_8.jpg,मूल,hindi
train/hindi/G_image_10914_9.jpg,प्रत्येक,hindi
train/hindi/G_image_10976_5.jpg,विजयहिंद,hindi
train/hindi/G_image_10976_7.jpg,हैदरपंथ,hindi
train/hindi/G_image_10976_8.jpg,कोहिनूर,hindi
train/hindi/G_image_11079_10.jpg,अनमोल,hindi
train/hindi/G_image_11079_11.jpg,पंचायत,hindi
train/hindi/G_image_11079_15.jpg,मत,hindi
train/hindi/G_image_11079_19.jpg,रेल्वे,hindi
train/hindi/G_image_11079_2.jpg,सितंबर,hindi
train/hindi/G_image_11079_20.jpg,अपना,hindi
train/hindi/G_image_11079_22.jpg,२००७,hindi
train/hindi/G_image_11079_25.jpg,वीर,hindi
train/hindi/G_image_11079_3.jpg,ता.,hindi
train/hindi/G_image_11079_30.jpg,एक,hindi
train/hindi/G_image_11079_31.jpg,"विश्वासाचे,",hindi
train/hindi/G_image_11079_34.jpg,किसान,hindi
train/hindi/G_image_11079_36.jpg,युनियन,hindi
train/hindi/G_image_11079_37.jpg,काे,hindi
train/hindi/G_image_11079_38.jpg,दीजिये,hindi
train/hindi/G_image_11079_4.jpg,मतदान,hindi
train/hindi/G_image_11079_40.jpg,को,hindi
train/hindi/G_image_11079_42.jpg,भविष्य,hindi
train/hindi/G_image_11079_44.jpg,गुरुवार,hindi
train/hindi/G_image_11079_46.jpg,२००७,hindi
train/hindi/G_image_11079_5.jpg,को,hindi
train/hindi/G_image_11079_7.jpg,वोट,hindi
train/hindi/G_image_11104_1.jpg,लिए,hindi
train/hindi/G_image_11104_11.jpg,के,hindi
train/hindi/G_image_11104_20.jpg,यहाँ,hindi
train/hindi/G_image_11165_7.jpg,रेल,hindi
train/hindi/G_image_11192_0.jpg,सुचना,hindi
train/hindi/G_image_11192_10.jpg,से,hindi
train/hindi/G_image_11192_11.jpg,प्रसाद,hindi
train/hindi/G_image_11192_12.jpg,पुष्प,hindi
train/hindi/G_image_11192_15.jpg,प्रसाद,hindi
train/hindi/G_image_11192_16.jpg,१,hindi
train/hindi/G_image_11192_17.jpg,लाया,hindi
train/hindi/G_image_11192_20.jpg,के‍,hindi
train/hindi/G_image_11192_21.jpg,आतंकवाद,hindi
train/hindi/G_image_11192_22.jpg,प्रशासन,hindi
train/hindi/G_image_11192_23.jpg,ले‌,hindi
train/hindi/G_image_11192_24.jpg,में,hindi
train/hindi/G_image_11192_25.jpg,सुचित,hindi
train/hindi/G_image_11192_26.jpg,"ट्रस्ट,",hindi
train/hindi/G_image_11192_28.jpg,जनोंको,hindi
train/hindi/G_image_11192_29.jpg,श्री,hindi
train/hindi/G_image_11192_3.jpg,पनाई,hindi
train/hindi/G_image_11192_30.jpg,पब्लिक,hindi
train/hindi/G_image_11192_31.jpg,ट्रस्ट,hindi
train/hindi/G_image_11192_32.jpg,किया,hindi
train/hindi/G_image_11192_33.jpg,सभी,hindi
train/hindi/G_image_11192_34.jpg,जाता,hindi
train/hindi/G_image_11192_36.jpg,से‍,hindi
train/hindi/G_image_11192_38.jpg,जनवरी,hindi
train/hindi/G_image_11192_40.jpg,की,hindi
train/hindi/G_image_11192_41.jpg,मना,hindi
train/hindi/G_image_11192_42.jpg,तथा,hindi
train/hindi/G_image_11192_45.jpg,लिया,hindi
train/hindi/G_image_11192_46.jpg,निर्णय,hindi
train/hindi/G_image_11192_48.jpg,यह,hindi
train/hindi/G_image_11192_50.jpg,नारीयल,hindi
train/hindi/G_image_11192_52.jpg,किये,hindi
train/hindi/G_image_11192_53.jpg,मा,hindi
train/hindi/G_image_11192_54.jpg,पष्प,hindi
train/hindi/G_image_11192_55.jpg,थैली,hindi
train/hindi/G_image_11192_56.jpg,तथा,hindi
train/hindi/G_image_11192_59.jpg,सुचना,hindi
train/hindi/G_image_11192_62.jpg,है,hindi
train/hindi/G_image_11192_63.jpg,नारीयल,hindi
train/hindi/G_image_11192_64.jpg,जाना,hindi
train/hindi/G_image_11192_65.jpg,एंव,hindi
train/hindi/G_image_11192_67.jpg,के‌,hindi
train/hindi/G_image_11192_68.jpg,ने,hindi
train/hindi/G_image_11192_69.jpg,हुआ,hindi
train/hindi/G_image_11192_73.jpg,हुए,hindi
train/hindi/G_image_11192_75.jpg,एक,hindi
train/hindi/G_image_11192_76.jpg,ट्रस्ट,hindi
train/hindi/G_image_11192_8.jpg, नं.ए,hindi
train/hindi/G_image_11192_81.jpg,ण्यास,hindi
train/hindi/G_image_11192_9.jpg,पब्लिक,hindi
train/hindi/G_image_11195_3.jpg,टोकन,hindi
train/hindi/G_image_11195_4.jpg,मोबाईल,hindi
train/hindi/G_image_11195_7.jpg,नये.,hindi
train/hindi/G_image_11754_10.jpg,हनुमान,hindi
train/hindi/G_image_11754_12.jpg,संघ,hindi
train/hindi/G_image_11754_2.jpg,लक्ष्मीबाई,hindi
train/hindi/G_image_11754_5.jpg,सनः,hindi
train/hindi/G_image_11754_9.jpg,जय,hindi
train/hindi/G_image_12021_3.jpg,पर्यटन,hindi
train/hindi/G_image_12021_7.jpg,स्वागत,hindi
train/hindi/G_image_12026_12.jpg,ज्ञान,hindi
train/hindi/G_image_12026_25.jpg,कार्यालय,hindi
train/hindi/G_image_12026_30.jpg,शिवाजीनगर,hindi
train/hindi/G_image_12026_4.jpg,ट्रेड,hindi
train/hindi/G_image_12026_43.jpg,पुणे,hindi
train/hindi/G_image_12042_0.jpg,राज्य,hindi
train/hindi/G_image_12042_1.jpg,जय,hindi
train/hindi/G_image_12042_2.jpg,महाराष्ट्र,hindi
train/hindi/G_image_12042_5.jpg,कार्यालय,hindi
train/hindi/G_image_12042_6.jpg,परिवहन,hindi
train/hindi/G_image_12103_10.jpg,मंदिर,hindi
train/hindi/G_image_12103_12.jpg,मंदिर,hindi
train/hindi/G_image_12103_14.jpg,श्री,hindi
train/hindi/G_image_12103_16.jpg,श्री,hindi
train/hindi/G_image_12103_18.jpg,न र,hindi
train/hindi/G_image_12103_3.jpg,परिवार,hindi
train/hindi/G_image_12103_5.jpg,महादेव,hindi
train/hindi/G_image_12103_6.jpg,श्री,hindi
train/hindi/G_image_12103_9.jpg,महादेव,hindi
train/hindi/G_image_12132_10.jpg,व,hindi
train/hindi/G_image_12132_13.jpg,महालक्ष्मी,hindi
train/hindi/G_image_12132_15.jpg,क्षेत्र,hindi
train/hindi/G_image_12132_16.jpg,प्रस्थान,hindi
train/hindi/G_image_12132_18.jpg,पदयात्रा,hindi
train/hindi/G_image_12132_2.jpg,बुलाते,hindi
train/hindi/G_image_12132_20.jpg,मुंबई,hindi
train/hindi/G_image_12132_21.jpg,महालक्ष्मी,hindi
train/hindi/G_image_12132_22.jpg,मित्र,hindi
train/hindi/G_image_12132_23.jpg,हाऊस,hindi
train/hindi/G_image_12132_24.jpg,संयुक्त,hindi
train/hindi/G_image_12132_26.jpg,प्रसन्न,hindi
train/hindi/G_image_12132_27.jpg,महालक्ष्मी,hindi
train/hindi/G_image_12132_28.jpg,श्री,hindi
train/hindi/G_image_12132_3.jpg,जिन्हे,hindi
train/hindi/G_image_12132_36.jpg,साईनाथ,hindi
train/hindi/G_image_12132_4.jpg,जाते,hindi
train/hindi/G_image_12132_40.jpg,श्री,hindi
train/hindi/G_image_12132_49.jpg,सागर,hindi
train/hindi/G_image_12132_5.jpg,शिर्डी,hindi
train/hindi/G_image_12132_51.jpg,रेवा,hindi
train/hindi/G_image_12132_52.jpg,साईधाम,hindi
train/hindi/G_image_12132_56.jpg,क्षेत्र,hindi
train/hindi/G_image_12132_6.jpg,बोला,hindi
train/hindi/G_image_12132_60.jpg,१८/१/१२,hindi
train/hindi/G_image_12132_61.jpg,श्री,hindi
train/hindi/G_image_12132_63.jpg,श्री,hindi
train/hindi/G_image_12132_64.jpg,आगमन,hindi
train/hindi/G_image_12132_67.jpg,पायी,hindi
train/hindi/G_image_12132_7.jpg,साईनाथ,hindi
train/hindi/G_image_12132_71.jpg,इरादे,hindi
train/hindi/G_image_12132_72.jpg,बनते,hindi
train/hindi/G_image_12132_73.jpg,है,hindi
train/hindi/G_image_12132_74.jpg,बिगडते,hindi
train/hindi/G_image_12132_75.jpg,है,hindi
train/hindi/G_image_12132_76.jpg,वही,hindi
train/hindi/G_image_12132_77.jpg,है!,hindi
train/hindi/G_image_12132_79.jpg,है,hindi
train/hindi/G_image_12132_80.jpg,सागर,hindi
train/hindi/G_image_12132_81.jpg,महालक्ष्मी,hindi
train/hindi/G_image_12135_11.jpg,वेल्ड्रेन्स,hindi
train/hindi/G_image_12135_12.jpg,कलेक्शन,hindi
train/hindi/G_image_12135_3.jpg,रिपेरिंग,hindi
train/hindi/G_image_12135_32.jpg,खमण,hindi
train/hindi/G_image_12135_4.jpg,मोबाईल,hindi
train/hindi/G_image_12135_49.jpg,रेडिमेड,hindi
train/hindi/G_image_12135_5.jpg,इलेक्ट्रीकल,hindi
train/hindi/G_image_12135_50.jpg,ड्रेसेस,hindi
train/hindi/G_image_12135_53.jpg,स्वीटस्,hindi
train/hindi/G_image_12135_56.jpg,महालक्ष्मी,hindi
train/hindi/G_image_12135_59.jpg,सेंटर,hindi
train/hindi/G_image_12135_9.jpg,न्यु,hindi
train/hindi/G_image_12173_10.jpg,११,hindi
train/hindi/G_image_12173_11.jpg,२०१०,hindi
train/hindi/G_image_12173_5.jpg,यात्रा,hindi
train/hindi/G_image_12173_6.jpg,किसान,hindi
train/hindi/G_image_12527_10.jpg,दुकान,hindi
train/hindi/G_image_12527_13.jpg,अन्यथा,hindi
train/hindi/G_image_12527_15.jpg,श्रीमार्लेश्वर,hindi
train/hindi/G_image_12527_18.jpg,अथवा,hindi
train/hindi/G_image_12527_25.jpg,बोर्ड,hindi
train/hindi/G_image_12527_27.jpg,विशेष‌तः,hindi
train/hindi/G_image_12527_29.jpg,कचरा,hindi
train/hindi/G_image_12527_3.jpg,देव म,hindi
train/hindi/G_image_12527_32.jpg,श्री दे,hindi
train/hindi/G_image_12527_34.jpg,उद्घाटन,hindi
train/hindi/G_image_12527_6.jpg,इलेक्ट्रीक,hindi
train/hindi/G_image_12527_7.jpg,योग्य,hindi
train/hindi/G_image_12527_8.jpg,प्रत्येक,hindi
train/hindi/G_image_12529_0.jpg,ईलाज,hindi
train/hindi/G_image_12529_1.jpg,दांतो,hindi
train/hindi/G_image_12529_12.jpg,‍का,hindi
train/hindi/G_image_12529_9.jpg,नाका,hindi
train/hindi/G_image_12556_10.jpg,उद्यान,hindi
train/hindi/G_image_12556_11.jpg,सुरक्षित,hindi
train/hindi/G_image_12556_5.jpg,पोषण,hindi
train/hindi/G_image_12556_7.jpg,करण,hindi
train/hindi/G_image_12556_8.jpg,प्रशिक्षित,hindi
train/hindi/G_image_12559_10.jpg,सर्वेक्षण,hindi
train/hindi/G_image_12559_14.jpg,संशोधन,hindi
train/hindi/G_image_12559_16.jpg,संचालक,hindi
train/hindi/G_image_12559_18.jpg,संचालक,hindi
train/hindi/G_image_12559_2.jpg,फायदा,hindi
train/hindi/G_image_12559_20.jpg,विभाग,hindi
train/hindi/G_image_12559_24.jpg,प्रशिक्षण,hindi
train/hindi/G_image_12559_28.jpg,सेवा,hindi
train/hindi/G_image_12559_3.jpg,जननी,hindi
train/hindi/G_image_12559_32.jpg,सेवा,hindi
train/hindi/G_image_12559_35.jpg,परिसर,hindi
train/hindi/G_image_12559_36.jpg,माता,hindi
train/hindi/G_image_12559_37.jpg,कार्यालय,hindi
train/hindi/G_image_12559_4.jpg,सुरक्षा,hindi
train/hindi/G_image_12559_41.jpg,आरोग्य,hindi
train/hindi/G_image_12559_44.jpg,कार्यालय,hindi
train/hindi/G_image_12559_45.jpg,आरोग्य,hindi
train/hindi/G_image_12559_46.jpg,सार्वजनिक,hindi
train/hindi/G_image_12559_49.jpg,कल्याण,hindi
train/hindi/G_image_12559_5.jpg,योजना,hindi
train/hindi/G_image_12559_54.jpg,जीव,hindi
train/hindi/G_image_12559_60.jpg,प्रशिक्षण,hindi
train/hindi/G_image_12559_61.jpg,अधिकारी,hindi
train/hindi/G_image_12559_65.jpg,सरकारी,hindi
train/hindi/G_image_12559_68.jpg,अधिकारी,hindi
train/hindi/G_image_12566_10.jpg,२३०३००,hindi
train/hindi/G_image_12582_14.jpg,चतुर्थी,hindi
train/hindi/G_image_12582_15.jpg,गणेश ,hindi
train/hindi/G_image_12582_17.jpg,गणेश,hindi
train/hindi/G_image_12582_18.jpg,सर्वे,hindi
train/hindi/G_image_12582_19.jpg,वर्ष,hindi
train/hindi/G_image_12582_20.jpg,माया,hindi
train/hindi/G_image_12582_24.jpg,श्री,hindi
train/hindi/G_image_12582_34.jpg,हत्या,hindi
train/hindi/G_image_12582_40.jpg,राम,hindi
train/hindi/G_image_12582_41.jpg,मंदिर ,hindi
train/hindi/G_image_12582_7.jpg,पत्नी,hindi
train/hindi/G_image_13165_14.jpg,पुणे,hindi
train/hindi/G_image_13165_2.jpg,संपर्क,hindi
train/hindi/G_image_13165_20.jpg,दि.,hindi
train/hindi/G_image_13165_24.jpg,संस्था,hindi
train/hindi/G_image_13165_25.jpg,संस्था,hindi
train/hindi/G_image_13165_30.jpg,पुणे,hindi
train/hindi/G_image_13165_31.jpg,नारायण,hindi
train/hindi/G_image_13165_32.jpg,मंदिर,hindi
train/hindi/G_image_13165_33.jpg,मोदी,hindi
train/hindi/G_image_13165_38.jpg,विनायक,hindi
train/hindi/G_image_13165_47.jpg,सहयोगी,hindi
train/hindi/G_image_13165_50.jpg,दुसरा,hindi
train/hindi/G_image_13165_52.jpg,शुक्रवार,hindi
train/hindi/G_image_13165_6.jpg,विजय,hindi
train/hindi/G_image_13165_63.jpg,सार्व.,hindi
train/hindi/G_image_13165_69.jpg,नारायण,hindi
train/hindi/G_image_13165_72.jpg,राजेश,hindi
train/hindi/G_image_13165_8.jpg,"ट्रस्ट,",hindi
train/hindi/G_image_13382_12.jpg,मुंबई,hindi
train/hindi/G_image_13382_13.jpg,परिवहन,hindi
train/hindi/G_image_13382_17.jpg,मुंबई,hindi
train/hindi/G_image_13382_18.jpg,कार्यालय,hindi
train/hindi/G_image_13382_19.jpg,परिवहन,hindi
train/hindi/G_image_13382_20.jpg,प्रादेशिक,hindi
train/hindi/G_image_13382_21.jpg,(मध्य),hindi
train/hindi/G_image_13382_29.jpg,कार्यालय,hindi
train/hindi/G_image_13382_30.jpg,(मध्य),hindi
train/hindi/G_image_13382_31.jpg,स्वागत,hindi
train/hindi/G_image_13382_4.jpg,जग,hindi
train/hindi/G_image_13382_7.jpg,एचडीएफसी,hindi
train/hindi/G_image_13382_8.jpg,सुरक्षित,hindi
train/hindi/G_image_13382_9.jpg,हेलमेट,hindi
train/hindi/G_image_13753_0.jpg,इंडिया,hindi
train/hindi/G_image_13753_12.jpg,इंडिया,hindi
train/hindi/G_image_13753_14.jpg,इंडिया,hindi
train/hindi/G_image_13753_2.jpg,ऑफ,hindi
train/hindi/G_image_13753_3.jpg,इंडिया,hindi
train/hindi/G_image_13753_34.jpg,इंडिया,hindi
train/hindi/G_image_13753_35.jpg,बैंक,hindi
train/hindi/G_image_13753_36.jpg,इंडिया,hindi
train/hindi/G_image_13753_38.jpg,सेंट्रल,hindi
train/hindi/G_image_13753_39.jpg,20,hindi
train/hindi/G_image_13753_40.jpg,ऑफ़,hindi
train/hindi/G_image_13753_41.jpg,सेन्ट्रल,hindi
train/hindi/G_image_13753_42.jpg,ऑफ़,hindi
train/hindi/G_image_13753_61.jpg,उज्वल,hindi
train/hindi/G_image_13753_63.jpg,सेंट्रल,hindi
train/hindi/G_image_13753_64.jpg,ऑफ,hindi
train/hindi/G_image_13753_65.jpg,सेन्ट्रल,hindi
train/hindi/G_image_13753_72.jpg,Phone,hindi
train/hindi/G_image_13753_73.jpg,बैंक,hindi
train/hindi/G_image_13753_74.jpg,इंडिया,hindi
train/hindi/G_image_13753_75.jpg,ऑफ,hindi
train/hindi/G_image_13753_77.jpg,इंडिया,hindi
train/hindi/G_image_13753_78.jpg,ऑफ्र,hindi
train/hindi/G_image_13754_14.jpg,इंडिया,hindi
train/hindi/G_image_13754_15.jpg,बैंक,hindi
train/hindi/G_image_13754_16.jpg,इंडिया,hindi
train/hindi/G_image_13754_20.jpg,इंडिया,hindi
train/hindi/G_image_13754_24.jpg,बैंक,hindi
train/hindi/G_image_13754_25.jpg,इंडिया,hindi
train/hindi/G_image_13754_32.jpg,सेंट्रल,hindi
train/hindi/G_image_13754_34.jpg,सेन्ट्रल,hindi
train/hindi/G_image_13754_37.jpg,सेंट्रल,hindi
train/hindi/G_image_13754_39.jpg,सेन्ट्रल,hindi
train/hindi/G_image_13754_43.jpg,सेन्ट्रल,hindi
train/hindi/G_image_13754_54.jpg,उज्वल,hindi
train/hindi/G_image_13763_15.jpg,कैंसर,hindi
train/hindi/G_image_13763_6.jpg,लिए,hindi
train/hindi/G_image_13763_7.jpg,क‍े,hindi
train/hindi/G_image_13763_8.jpg,विकलांग,hindi
train/hindi/G_image_1385_10.jpg,कामा,hindi
train/hindi/G_image_1385_11.jpg,व,hindi
train/hindi/G_image_1385_15.jpg,व,hindi
train/hindi/G_image_1385_16.jpg,स्त्रियां,hindi
train/hindi/G_image_1385_17.jpg,फक्त,hindi
train/hindi/G_image_1385_22.jpg,जयते,hindi
train/hindi/G_image_1385_25.jpg,रिफ्रेशमेन्ट ,hindi
train/hindi/G_image_1385_4.jpg,सत्यमेव,hindi
train/hindi/G_image_13877_10.jpg,जीवन,hindi
train/hindi/G_image_13877_11.jpg,बीमा,hindi
train/hindi/G_image_13877_5.jpg,निगम,hindi
train/hindi/G_image_13877_6.jpg,भारतीय,hindi
train/hindi/G_image_13877_9.jpg,भारतीय,hindi
train/hindi/G_image_14144_11.jpg,आई,hindi
train/hindi/G_image_14144_24.jpg,नेत्र,hindi
train/hindi/G_image_14144_25.jpg,ज्योत,hindi
train/hindi/G_image_14144_32.jpg,आईटी,hindi
train/hindi/G_image_14144_38.jpg,पश्‍चिम,hindi
train/hindi/G_image_14144_50.jpg,आय,hindi
train/hindi/G_image_14144_52.jpg,एन,hindi
train/hindi/G_image_14144_56.jpg,स्टेट,hindi
train/hindi/G_image_14144_58.jpg,शारवा,hindi
train/hindi/G_image_14144_62.jpg,कुल,hindi
train/hindi/G_image_14144_8.jpg,लि.,hindi
train/hindi/G_image_14349_0.jpg,आरोग्य,hindi
train/hindi/G_image_14349_3.jpg,सेवा,hindi
train/hindi/G_image_14467_4.jpg,महा,hindi
train/hindi/G_image_14467_5.jpg,मेट्रो,hindi
train/hindi/G_image_14481_0.jpg,श्री,hindi
train/hindi/G_image_14481_10.jpg,श्रीमती,hindi
train/hindi/G_image_14481_11.jpg,मनोहर,hindi
train/hindi/G_image_14481_12.jpg,श्रीमती,hindi
train/hindi/G_image_14481_14.jpg,सुभाष,hindi
train/hindi/G_image_14481_16.jpg,भाद्राव,hindi
train/hindi/G_image_14481_17.jpg,श्री.,hindi
train/hindi/G_image_14481_2.jpg,आनंदराव,hindi
train/hindi/G_image_14481_29.jpg,श्रीमती,hindi
train/hindi/G_image_14481_3.jpg,श्रीमती,hindi
train/hindi/G_image_14481_31.jpg,चिंधाबाई,hindi
train/hindi/G_image_14481_32.jpg,श्रीमती,hindi
train/hindi/G_image_14481_38.jpg,कु. सावित्री,hindi
train/hindi/G_image_14481_42.jpg,श्री.,hindi
train/hindi/G_image_14481_43.jpg,दामोदर,hindi
train/hindi/G_image_14481_46.jpg,आमगांव,hindi
train/hindi/G_image_14481_47.jpg,गयाबाई,hindi
train/hindi/G_image_14481_50.jpg,श्रीमती,hindi
train/hindi/G_image_14481_51.jpg,नामदेव,hindi
train/hindi/G_image_14481_53.jpg,श्री,hindi
train/hindi/G_image_14481_54.jpg,गणपत,hindi
train/hindi/G_image_14481_7.jpg,सायत्राबाई,hindi
train/hindi/G_image_14481_9.jpg,संपत,hindi
train/hindi/G_image_14586_2.jpg,फोटो,hindi
train/hindi/G_image_14586_3.jpg,पावरग्रिड,hindi
train/hindi/G_image_14745_0.jpg,विमानपत्तन,hindi
train/hindi/G_image_14745_15.jpg,गोवा,hindi
train/hindi/G_image_14745_16.jpg,विमानपत्तन,hindi
train/hindi/G_image_14745_20.jpg,गोवा,hindi
train/hindi/G_image_14745_22.jpg,आई.एस.ओ.,hindi
train/hindi/G_image_14745_23.jpg,प्रमाणित,hindi
train/hindi/G_image_14745_6.jpg,विमानपत्तन,hindi
train/hindi/G_image_14745_8.jpg,प्राधिकरण,hindi
train/hindi/G_image_14745_9.jpg,भारतीय,hindi
train/hindi/G_image_14781_0.jpg,समुद्र,hindi
train/hindi/G_image_14781_2.jpg,जं.,hindi
train/hindi/G_image_14781_5.jpg,जंक्शन,hindi
train/hindi/G_image_14784_1.jpg,स्वागत,hindi
train/hindi/G_image_14784_12.jpg,सहर्ष,hindi
train/hindi/G_image_14784_16.jpg,हिराजी,hindi
train/hindi/G_image_14784_19.jpg,ग्रामपंचायत,hindi
train/hindi/G_image_14784_4.jpg,वीरभाई,hindi
train/hindi/G_image_14784_6.jpg,बीर,hindi
train/hindi/G_image_14784_7.jpg,परिषद,hindi
train/hindi/G_image_14792_1.jpg,नेरूल,hindi
train/hindi/G_image_1484_17.jpg,बैंक,hindi
train/hindi/G_image_1484_20.jpg,एम,hindi
train/hindi/G_image_1484_21.jpg,स्‍टेट,hindi
train/hindi/G_image_1484_25.jpg,स्‍टेट,hindi
train/hindi/G_image_1484_26.jpg,भारतीय,hindi
train/hindi/G_image_1484_34.jpg,स्टेट,hindi
train/hindi/G_image_1484_35.jpg,भारतीय,hindi
train/hindi/G_image_1484_36.jpg,बैंक,hindi
train/hindi/G_image_1484_38.jpg,बैंक,hindi
train/hindi/G_image_1484_39.jpg,ए,hindi
train/hindi/G_image_1484_40.jpg,टी,hindi
train/hindi/G_image_1484_42.jpg,स्टेट,hindi
train/hindi/G_image_1484_43.jpg,ई-कॉर्नर,hindi
train/hindi/G_image_1484_45.jpg,सभागृह,hindi
train/hindi/G_image_1484_6.jpg,गोवा,hindi
train/hindi/G_image_1484_9.jpg,नगरपालिका,hindi
train/hindi/G_image_14921_10.jpg,मुंबई,hindi
train/hindi/G_image_14921_12.jpg,"भाजपा,",hindi
train/hindi/G_image_14921_16.jpg,मा.,hindi
train/hindi/G_image_14921_17.jpg,पोर्ट,hindi
train/hindi/G_image_14921_19.jpg,प्रभु,hindi
train/hindi/G_image_14921_20.jpg,मा. श्री.,hindi
train/hindi/G_image_14921_21.jpg,विधान,hindi
train/hindi/G_image_14921_24.jpg,मा. श्री.,hindi
train/hindi/G_image_14921_25.jpg,मंत्री,hindi
train/hindi/G_image_14921_26.jpg,व,hindi
train/hindi/G_image_14921_29.jpg,केंद्रीय,hindi
train/hindi/G_image_14921_3.jpg,दक्षिण,hindi
train/hindi/G_image_14921_30.jpg,नितिन ,hindi
train/hindi/G_image_14921_32.jpg,‌व,hindi
train/hindi/G_image_14921_34.jpg,मुंबई ,hindi
train/hindi/G_image_14921_35.jpg,मा.,hindi
train/hindi/G_image_14921_36.jpg,श्री.,hindi
train/hindi/G_image_14921_4.jpg,अरविंद,hindi
train/hindi/G_image_14921_41.jpg,विकास,hindi
train/hindi/G_image_14921_43.jpg,गडकरी,hindi
train/hindi/G_image_14921_46.jpg,मंत्री,hindi
train/hindi/G_image_14921_48.jpg,प्रमुख,hindi
train/hindi/G_image_14921_5.jpg,विधान,hindi
train/hindi/G_image_14921_50.jpg,विरोधी,hindi
train/hindi/G_image_14921_51.jpg,सभा,hindi
train/hindi/G_image_14921_52.jpg,सुनिल,hindi
train/hindi/G_image_14921_53.jpg,मुंबई,hindi
train/hindi/G_image_14921_55.jpg,अध्यक्ष,hindi
train/hindi/G_image_14921_56.jpg,मुंबई,hindi
train/hindi/G_image_14921_57.jpg,पोर्ट,hindi
train/hindi/G_image_14921_58.jpg,दिनांक,hindi
train/hindi/G_image_14921_62.jpg,"खासदार,",hindi
train/hindi/G_image_14921_63.jpg,मुंबई,hindi
train/hindi/G_image_14921_64.jpg,श्रीमती,hindi
train/hindi/G_image_14921_7.jpg,विनोद,hindi
train/hindi/G_image_14921_8.jpg,मा. श्री.,hindi
train/hindi/G_image_14921_9.jpg,ट्रस्ट,hindi
train/hindi/G_image_15028_14.jpg,संस्था,hindi
train/hindi/G_image_15028_15.jpg,सचिव,hindi
train/hindi/G_image_15028_16.jpg,सुचना,hindi
train/hindi/G_image_15028_20.jpg,श्री,hindi
train/hindi/G_image_15028_28.jpg,प्राचार्य,hindi
train/hindi/G_image_15028_29.jpg,डॉ.,hindi
train/hindi/G_image_15028_3.jpg,महाविद्यालय,hindi
train/hindi/G_image_15028_31.jpg,आंबेडकर ,hindi
train/hindi/G_image_15028_33.jpg,इन्स्पेक्टर,hindi
train/hindi/G_image_15028_5.jpg,मंदिर,hindi
train/hindi/G_image_15028_6.jpg,पश्चिम,hindi
train/hindi/G_image_15028_7.jpg,"विभाग,",hindi
train/hindi/G_image_15114_4.jpg,आयुक्त,hindi
train/hindi/G_image_15114_8.jpg,कार्यालय,hindi
train/hindi/G_image_15118_11.jpg,प्रसन्न,hindi
train/hindi/G_image_15118_12.jpg,संत,hindi
train/hindi/G_image_15118_15.jpg,चौधरी,hindi
train/hindi/G_image_15118_23.jpg,श्री,hindi
train/hindi/G_image_15118_25.jpg,बाबा,hindi
train/hindi/G_image_15118_26.jpg,मार्ग,hindi
train/hindi/G_image_15118_28.jpg,रोड,hindi
train/hindi/G_image_15118_31.jpg,३ कि. मी.,hindi
train/hindi/G_image_15118_7.jpg,प्रसाद,hindi
train/hindi/G_image_15233_10.jpg,महाव्दर,hindi
train/hindi/G_image_15233_2.jpg,अंबेकर,hindi
train/hindi/G_image_15233_5.jpg,तांबा,hindi
train/hindi/G_image_15233_8.jpg,व्यापारी,hindi
train/hindi/G_image_15233_9.jpg,त्रिशताब्दी,hindi
train/hindi/G_image_15752_2.jpg,पलसधरी,hindi
train/hindi/G_image_15806_11.jpg,भारतीय,hindi
train/hindi/G_image_15806_17.jpg,गोवा,hindi
train/hindi/G_image_15806_6.jpg,डाक,hindi
train/hindi/G_image_15968_12.jpg,रजि.,hindi
train/hindi/G_image_15968_13.jpg,समाज,hindi
train/hindi/G_image_15968_16.jpg,श्री,hindi
train/hindi/G_image_15968_17.jpg,लि‍.,hindi
train/hindi/G_image_15968_21.jpg,उज्ज्वला,hindi
train/hindi/G_image_15968_23.jpg,राष्ट्रीय,hindi
train/hindi/G_image_15968_24.jpg,कैमिकल्स,hindi
train/hindi/G_image_15968_26.jpg,मुंबई,hindi
train/hindi/G_image_15968_28.jpg,श्री,hindi
train/hindi/G_image_15968_29.jpg,सद्‌गुरु,hindi
train/hindi/G_image_15968_30.jpg,महाराज,hindi
train/hindi/G_image_15968_33.jpg,नं.,hindi
train/hindi/G_image_15968_34.jpg,भव्य,hindi
train/hindi/G_image_15968_35.jpg,दर्शन,hindi
train/hindi/G_image_15968_36.jpg,रेल्वे,hindi
train/hindi/G_image_15968_38.jpg,वडा,hindi
train/hindi/G_image_15968_4.jpg,कृपया,hindi
train/hindi/G_image_15968_40.jpg,पुस्तके,hindi
train/hindi/G_image_15968_44.jpg,वरतु,hindi
train/hindi/G_image_15968_6.jpg,दिपक,hindi
train/hindi/G_image_15970_10.jpg,निधन,hindi
train/hindi/G_image_15970_18.jpg,बाबाजी,hindi
train/hindi/G_image_15970_20.jpg,"समिती,",hindi
train/hindi/G_image_15970_21.jpg,रूक्मिणी,hindi
train/hindi/G_image_15970_22.jpg,गुरु,hindi
train/hindi/G_image_15970_23.jpg,दर्शन,hindi
train/hindi/G_image_15970_26.jpg,स्टील,hindi
train/hindi/G_image_15970_28.jpg,ग्रामीण,hindi
train/hindi/G_image_15970_3.jpg,सक्त,hindi
train/hindi/G_image_15970_30.jpg,पश्चिमद्वार,hindi
train/hindi/G_image_15970_31.jpg,मंदिर,hindi
train/hindi/G_image_15970_33.jpg,श्री,hindi
train/hindi/G_image_15970_37.jpg,केंद्र,hindi
train/hindi/G_image_15970_38.jpg,रूक्मिणी,hindi
train/hindi/G_image_15970_39.jpg,पश्चिमद्वार ,hindi
train/hindi/G_image_15970_40.jpg,मदत,hindi
train/hindi/G_image_15970_43.jpg,वर्क्स,hindi
train/hindi/G_image_15970_46.jpg,बुकिंग,hindi
train/hindi/G_image_15970_5.jpg,व,hindi
train/hindi/G_image_15970_51.jpg,१३/७/१३,hindi
train/hindi/G_image_15970_53.jpg,गंगाधर,hindi
train/hindi/G_image_15970_61.jpg,मंदिर,hindi
train/hindi/G_image_15970_64.jpg,स्टेशन,hindi
train/hindi/G_image_15971_10.jpg,लाडूप्रसाद,hindi
train/hindi/G_image_15971_15.jpg,मंदिर,hindi
train/hindi/G_image_15971_17.jpg,स्टॉल,hindi
train/hindi/G_image_15971_2.jpg,प्रति,hindi
train/hindi/G_image_15971_20.jpg,प्रसाद,hindi
train/hindi/G_image_15971_23.jpg,श्री विठ्ठल,hindi
train/hindi/G_image_15971_25.jpg,भोजनाल,hindi
train/hindi/G_image_15971_29.jpg,राई,hindi
train/hindi/G_image_15971_31.jpg,मंदिर,hindi
train/hindi/G_image_15971_34.jpg,प्रसाद,hindi
train/hindi/G_image_15971_35.jpg,श्री,hindi
train/hindi/G_image_15971_39.jpg,प्रसाद,hindi
train/hindi/G_image_15971_4.jpg,केला‌,hindi
train/hindi/G_image_15971_40.jpg,कें‍द्र,hindi
train/hindi/G_image_15971_43.jpg,हा‌,hindi
train/hindi/G_image_15971_46.jpg,रिफाईड,hindi
train/hindi/G_image_15971_48.jpg,पासून,hindi
train/hindi/G_image_15971_50.jpg,प्रसाद,hindi
train/hindi/G_image_15971_6.jpg,तेल,hindi
train/hindi/G_image_15975_10.jpg,मंदिर,hindi
train/hindi/G_image_15975_13.jpg,तरी,hindi
train/hindi/G_image_15975_18.jpg,संत ,hindi
train/hindi/G_image_15975_23.jpg,श्री,hindi
train/hindi/G_image_15975_24.jpg,विनम्र,hindi
train/hindi/G_image_15975_27.jpg,महाराज,hindi
train/hindi/G_image_15975_28.jpg,तुकाराम,hindi
train/hindi/G_image_15975_29.jpg,जगद्‌गुरु,hindi
train/hindi/G_image_15975_30.jpg,श्री,hindi
train/hindi/G_image_15975_31.jpg,भवन,hindi
train/hindi/G_image_15975_32.jpg,संत,hindi
train/hindi/G_image_15975_33.jpg,श्री,hindi
train/hindi/G_image_15975_34.jpg,रूक्मिणी,hindi
train/hindi/G_image_15975_35.jpg,मंदिर,hindi
train/hindi/G_image_15975_36.jpg,"समिती,",hindi
train/hindi/G_image_15975_40.jpg,मंदिर,hindi
train/hindi/G_image_15975_43.jpg,श्री,hindi
train/hindi/G_image_15975_48.jpg,इच्छुक,hindi
train/hindi/G_image_15975_51.jpg,श्री,hindi
train/hindi/G_image_15975_53.jpg,मंदिर,hindi
train/hindi/G_image_15995_12.jpg,पश्चिमद्वार,hindi
train/hindi/G_image_15995_6.jpg,पश्चिमद्वार,hindi
train/hindi/G_image_15995_7.jpg,मंदिर,hindi
train/hindi/G_image_16019_10.jpg,पायी,hindi
train/hindi/G_image_16019_14.jpg,डेक्कन,hindi
train/hindi/G_image_16019_16.jpg,सरस्वती,hindi
train/hindi/G_image_16019_17.jpg,देशमुख,hindi
train/hindi/G_image_16019_20.jpg,नारायण,hindi
train/hindi/G_image_16019_22.jpg,डेक्कन किंग,hindi
train/hindi/G_image_16019_25.jpg,डेक्कन,hindi
train/hindi/G_image_16019_28.jpg,डेक्कन,hindi
train/hindi/G_image_16019_31.jpg,जयश्री,hindi
train/hindi/G_image_16019_32.jpg,हरिप्रसाद,hindi
train/hindi/G_image_16019_34.jpg,डेक्कन,hindi
train/hindi/G_image_16019_35.jpg,अगरबत्ती,hindi
train/hindi/G_image_16019_40.jpg,शारंग,hindi
train/hindi/G_image_16019_8.jpg,से,hindi
train/hindi/G_image_16020_0.jpg,किंग,hindi
train/hindi/G_image_16020_11.jpg,गणेशदर्शन,hindi
train/hindi/G_image_16020_18.jpg,अगरबत्ती,hindi
train/hindi/G_image_16020_19.jpg,किंग,hindi
train/hindi/G_image_16020_26.jpg,मे.नारायण,hindi
train/hindi/G_image_16020_30.jpg,डेक्कन,hindi
train/hindi/G_image_16020_32.jpg,हरिप्रसाद,hindi
train/hindi/G_image_16020_33.jpg,बैद्यनाथ,hindi
train/hindi/G_image_16020_35.jpg,बैद्यनाथ,hindi
train/hindi/G_image_16020_36.jpg,तुकाराम,hindi
train/hindi/G_image_16020_39.jpg,स्वागत,hindi
train/hindi/G_image_16020_41.jpg,डेक्कन,hindi
train/hindi/G_image_16026_10.jpg,प्रभूप्रसाद,hindi
train/hindi/G_image_16026_11.jpg,पुली,hindi
train/hindi/G_image_16026_12.jpg,मुंबई,hindi
train/hindi/G_image_16026_13.jpg,फर्टिलायझर्स,hindi
train/hindi/G_image_16026_14.jpg,राष्ट्रीय,hindi
train/hindi/G_image_16026_16.jpg,सेतु,hindi
train/hindi/G_image_16026_17.jpg,समिती,hindi
train/hindi/G_image_16026_19.jpg,श्री,hindi
train/hindi/G_image_16026_2.jpg,सरोवर,hindi
train/hindi/G_image_16026_20.jpg,कोहिनूर,hindi
train/hindi/G_image_16026_21.jpg,कोहिनूर,hindi
train/hindi/G_image_16026_23.jpg,मंदिर,hindi
train/hindi/G_image_16026_24.jpg,उज्ज्वला,hindi
train/hindi/G_image_16026_27.jpg,केमिकल्स,hindi
train/hindi/G_image_16026_28.jpg,अ‍ॅन्ड,hindi
train/hindi/G_image_16026_29.jpg,लि.,hindi
train/hindi/G_image_16026_3.jpg,स्टोअर्स,hindi
train/hindi/G_image_16026_30.jpg,सुधीर,hindi
train/hindi/G_image_16026_31.jpg,हरिभाऊ,hindi
train/hindi/G_image_16026_33.jpg,ट्रेडर्स,hindi
train/hindi/G_image_16026_34.jpg,ट्रेड,hindi
train/hindi/G_image_16026_36.jpg,सुहाना,hindi
train/hindi/G_image_16026_37.jpg,स्मार्ट,hindi
train/hindi/G_image_16026_39.jpg,ग्रंथ,hindi
train/hindi/G_image_16026_4.jpg,क्षानेश्वर,hindi
train/hindi/G_image_16026_40.jpg,प्रभु,hindi
train/hindi/G_image_16026_41.jpg,प्रसाद,hindi
train/hindi/G_image_16026_5.jpg,धार्मिक,hindi
train/hindi/G_image_16026_8.jpg,वीर,hindi
train/hindi/G_image_16026_9.jpg,प्रभुप्रसाद,hindi
train/hindi/G_image_16028_11.jpg,उज्ज्वला ,hindi
train/hindi/G_image_16028_12.jpg,सेतु,hindi
train/hindi/G_image_16028_14.jpg,उज्ज्वला,hindi
train/hindi/G_image_16028_18.jpg,फर्टिलायझर्स,hindi
train/hindi/G_image_16028_19.jpg,मुंबई,hindi
train/hindi/G_image_16028_20.jpg,राष्ट्रीय,hindi
train/hindi/G_image_16028_21.jpg,श्री,hindi
train/hindi/G_image_16028_22.jpg,समिती,hindi
train/hindi/G_image_16028_25.jpg,मंदिर,hindi
train/hindi/G_image_16028_27.jpg,केमिकल्स,hindi
train/hindi/G_image_16028_29.jpg,लि.,hindi
train/hindi/G_image_16028_34.jpg,सावधान,hindi
train/hindi/G_image_16028_39.jpg,"शामियाना,",hindi
train/hindi/G_image_16028_40.jpg,बोहरी,hindi
train/hindi/G_image_16028_41.jpg,परिवार,hindi
train/hindi/G_image_16028_5.jpg,नजर,hindi
train/hindi/G_image_1622_0.jpg,परं,hindi
train/hindi/G_image_1622_1.jpg,"प्राथमिक,",hindi
train/hindi/G_image_1622_12.jpg,द्वारा,hindi
train/hindi/G_image_1622_13.jpg,संचालित,hindi
train/hindi/G_image_1622_14.jpg,वि‍श्‍वस्त,hindi
train/hindi/G_image_1622_15.jpg,श्री,hindi
train/hindi/G_image_1622_17.jpg,मंदिर,hindi
train/hindi/G_image_1622_18.jpg,मान्यता,hindi
train/hindi/G_image_1622_22.jpg,माध्यम,hindi
train/hindi/G_image_1622_23.jpg,"माध्यमिक,",hindi
train/hindi/G_image_1622_24.jpg,पूर्व,hindi
train/hindi/G_image_1622_25.jpg,भूषणम्॥,hindi
train/hindi/G_image_1622_26.jpg,॥शीलं,hindi
train/hindi/G_image_1622_5.jpg,"गांव,",hindi
train/hindi/G_image_1622_8.jpg,शासन,hindi
train/hindi/G_image_1622_9.jpg,विद्या,hindi
train/hindi/G_image_16245_0.jpg,भूषण,hindi
train/hindi/G_image_16245_14.jpg,भय्य,hindi
train/hindi/G_image_16245_15.jpg,मित्र,hindi
train/hindi/G_image_16245_17.jpg,देवेंद्र,hindi
train/hindi/G_image_16245_18.jpg,श्री.,hindi
train/hindi/G_image_16245_19.jpg,उर्फ,hindi
train/hindi/G_image_16245_2.jpg,सप्लायर्स,hindi
train/hindi/G_image_16245_21.jpg,परिवार,hindi
train/hindi/G_image_16245_22.jpg,रक्तदान,hindi
train/hindi/G_image_16245_23.jpg,शिविर,hindi
train/hindi/G_image_16245_24.jpg,दान,hindi
train/hindi/G_image_16245_27.jpg,कमी,hindi
train/hindi/G_image_16245_33.jpg,श्रीकृष्णा,hindi
train/hindi/G_image_16449_11.jpg,स्वच्छ,hindi
train/hindi/G_image_16449_20.jpg,पुणे,hindi
train/hindi/G_image_16449_23.jpg,कक्ष,hindi
train/hindi/G_image_16449_28.jpg,पुणे.,hindi
train/hindi/G_image_16449_31.jpg,राष्ट्रपिता ,hindi
train/hindi/G_image_16449_32.jpg,महात्मा,hindi
train/hindi/G_image_16449_33.jpg,दि.,hindi
train/hindi/G_image_16449_4.jpg,गांधी ,hindi
train/hindi/G_image_16449_5.jpg,स्मारक,hindi
train/hindi/G_image_16449_6.jpg,गांधी ,hindi
train/hindi/G_image_16449_7.jpg,महात्मा,hindi
train/hindi/G_image_16451_12.jpg,पुणे,hindi
train/hindi/G_image_16451_14.jpg,रामराव,hindi
train/hindi/G_image_16451_2.jpg,रां. रा.,hindi
train/hindi/G_image_16451_7.jpg,श्री,hindi
train/hindi/G_image_16530_10.jpg,महानिरीक्षक,hindi
train/hindi/G_image_16530_12.jpg,विशेष,hindi
train/hindi/G_image_16530_13.jpg,उद्योग,hindi
train/hindi/G_image_16530_16.jpg,कला,hindi
train/hindi/G_image_16530_18.jpg,भीमसेन,hindi
train/hindi/G_image_16530_19.jpg,भवन,hindi
train/hindi/G_image_16530_20.jpg,परिवहन,hindi
train/hindi/G_image_16530_24.jpg,चौकी,hindi
train/hindi/G_image_16530_8.jpg,पुणे,hindi
train/hindi/G_image_16737_12.jpg,बंद,hindi
train/hindi/G_image_16737_13.jpg,चंद्रपुर,hindi
train/hindi/G_image_16737_14.jpg,सेंटर,hindi
train/hindi/G_image_16737_15.jpg,सेंटर,hindi
train/hindi/G_image_16737_16.jpg,प्रसाद,hindi
train/hindi/G_image_16737_19.jpg,‍का‍,hindi
train/hindi/G_image_16737_24.jpg,आयुर्वेद,hindi
train/hindi/G_image_16737_26.jpg,भागवत,hindi
train/hindi/G_image_16737_27.jpg,भागवत,hindi
train/hindi/G_image_16737_29.jpg,क्लिनीक,hindi
train/hindi/G_image_16737_39.jpg,(जैन),hindi
train/hindi/G_image_16737_47.jpg,भागवत,hindi
train/hindi/G_image_16737_48.jpg,एम.,hindi
train/hindi/G_image_16737_49.jpg,के.,hindi
train/hindi/G_image_16737_50.jpg,डॉ.,hindi
train/hindi/G_image_16737_52.jpg,भागवत,hindi
train/hindi/G_image_16737_55.jpg,महाका,hindi
train/hindi/G_image_16737_56.jpg,आयुवें,hindi
train/hindi/G_image_16737_57.jpg,एम.डी.,hindi
train/hindi/G_image_16737_63.jpg,डॉ.,hindi
train/hindi/G_image_16737_66.jpg,दोसा,hindi
train/hindi/G_image_16737_67.jpg,प्रसाद,hindi
train/hindi/G_image_16737_68.jpg,दोसा,hindi
train/hindi/G_image_16737_69.jpg,चंद्रपुर,hindi
train/hindi/G_image_16737_73.jpg,बंद,hindi
train/hindi/G_image_16737_74.jpg,चंद्रपुर,hindi
train/hindi/G_image_16737_75.jpg,बंद,hindi
train/hindi/G_image_16737_76.jpg,उपचार,hindi
train/hindi/G_image_16775_17.jpg,प्रतिष्ठान,hindi
train/hindi/G_image_16775_18.jpg,प्रसन्न,hindi
train/hindi/G_image_16775_6.jpg,प्रसन्न,hindi
train/hindi/G_image_16790_11.jpg,कारवाई,hindi
train/hindi/G_image_16790_16.jpg,बोर्ड,hindi
train/hindi/G_image_16790_17.jpg,डिजीटल,hindi
train/hindi/G_image_16790_23.jpg,बिल्डींग,hindi
train/hindi/G_image_16790_25.jpg,मनाई,hindi
train/hindi/G_image_16790_30.jpg,सहर्ष,hindi
train/hindi/G_image_16790_31.jpg,स्वागत.,hindi
train/hindi/G_image_16790_33.jpg,शंकरराव,hindi
train/hindi/G_image_16790_34.jpg,रामचंद्र,hindi
train/hindi/G_image_16790_37.jpg,श्री.,hindi
train/hindi/G_image_16790_40.jpg,संजय,hindi
train/hindi/G_image_16790_42.jpg,"परिवार,",hindi
train/hindi/G_image_16790_5.jpg,संजय,hindi
train/hindi/G_image_16790_9.jpg,सर्व,hindi
train/hindi/G_image_16791_12.jpg,कार्यालय,hindi
train/hindi/G_image_16791_13.jpg,संपर्क,hindi
train/hindi/G_image_16791_15.jpg,मत,hindi
train/hindi/G_image_16791_18.jpg,दैनिक,hindi
train/hindi/G_image_16791_23.jpg,अटेरियल.,hindi
train/hindi/G_image_16791_27.jpg,राजा।,hindi
train/hindi/G_image_16791_28.jpg,डिजिटल,hindi
train/hindi/G_image_16791_29.jpg,फोटो,hindi
train/hindi/G_image_16791_30.jpg,श्री,hindi
train/hindi/G_image_16791_31.jpg,ॐ,hindi
train/hindi/G_image_16791_32.jpg,शंकरा,hindi
train/hindi/G_image_16791_5.jpg,स्पेशल,hindi
train/hindi/G_image_16791_6.jpg,कॉप्लेक्स,hindi
train/hindi/G_image_16791_7.jpg,पुजारी,hindi
train/hindi/G_image_16791_8.jpg,एक,hindi
train/hindi/G_image_16791_9.jpg,स्टुडियो,hindi
train/hindi/G_image_16795_10.jpg,श्री.,hindi
train/hindi/G_image_16795_13.jpg,कारवाई,hindi
train/hindi/G_image_16795_29.jpg,तरुण,hindi
train/hindi/G_image_16795_33.jpg,सर्व,hindi
train/hindi/G_image_16795_34.jpg,तरुण,hindi
train/hindi/G_image_16795_35.jpg,भारत,hindi
train/hindi/G_image_16795_36.jpg,भारत,hindi
train/hindi/G_image_16795_39.jpg,स्वागत.। ,hindi
train/hindi/G_image_16795_42.jpg,समोर,hindi
train/hindi/G_image_16795_43.jpg,डिजीटल,hindi
train/hindi/G_image_16795_46.jpg,मनाई,hindi
train/hindi/G_image_16795_47.jpg,सहर्ष,hindi
train/hindi/G_image_16795_48.jpg,स्वागत,hindi
train/hindi/G_image_16795_50.jpg,प्रदिप,hindi
train/hindi/G_image_16795_56.jpg,"परिवार,",hindi
train/hindi/G_image_16795_6.jpg,संजय,hindi
train/hindi/G_image_16795_60.jpg,जनक,hindi
train/hindi/G_image_16815_10.jpg,हा‍,hindi
train/hindi/G_image_16815_11.jpg,मार्ग,hindi
train/hindi/G_image_16815_13.jpg,शुद्ध,hindi
train/hindi/G_image_16815_15.jpg,सुविधा ,hindi
train/hindi/G_image_16815_19.jpg,हिंदु,hindi
train/hindi/G_image_16815_20.jpg,सुविधा,hindi
train/hindi/G_image_16815_29.jpg,हिंदू,hindi
train/hindi/G_image_16815_3.jpg,थ्री,hindi
train/hindi/G_image_16815_31.jpg,संस्था,hindi
train/hindi/G_image_16815_33.jpg,प्रतिक्षा,hindi
train/hindi/G_image_16815_35.jpg,ज्वेलर्स,hindi
train/hindi/G_image_16815_7.jpg,संप्रदाय,hindi
train/hindi/G_image_16815_8.jpg,व,hindi
train/hindi/G_image_16816_11.jpg,संपर्क,hindi
train/hindi/G_image_16816_13.jpg,हिंदू,hindi
train/hindi/G_image_16816_16.jpg,सुविधा,hindi
train/hindi/G_image_16816_18.jpg,व,hindi
train/hindi/G_image_16816_20.jpg,भवन,hindi
train/hindi/G_image_16816_23.jpg,सुविधा,hindi
train/hindi/G_image_16816_25.jpg,सुविधा,hindi
train/hindi/G_image_16816_29.jpg,कर्तव्य,hindi
train/hindi/G_image_16816_31.jpg,हे,hindi
train/hindi/G_image_16816_33.jpg,उभारा !,hindi
train/hindi/G_image_16816_34.jpg,हिंदु,hindi
train/hindi/G_image_16816_40.jpg,शुद्ध,hindi
train/hindi/G_image_16816_42.jpg,उपलब्ध,hindi
train/hindi/G_image_16816_46.jpg,सुरक्षित,hindi
train/hindi/G_image_16816_6.jpg,संप्रदाय,hindi
train/hindi/G_image_16816_7.jpg,व,hindi
train/hindi/G_image_16816_8.jpg,संस्था,hindi
train/hindi/G_image_16816_9.jpg,विविध,hindi
train/hindi/G_image_16834_11.jpg,प्रतिष्ठान,hindi
train/hindi/G_image_16834_15.jpg,प्रसन्न,hindi
train/hindi/G_image_16834_16.jpg,प्रसन्न,hindi
train/hindi/G_image_16834_19.jpg,प्रशिक्षण,hindi
train/hindi/G_image_16834_4.jpg,संस्था,hindi
train/hindi/G_image_16834_5.jpg,औद्योगिक,hindi
train/hindi/G_image_17124_14.jpg,विभाग,hindi
train/hindi/G_image_17124_15.jpg,जयकर,hindi
train/hindi/G_image_17155_0.jpg,स्कर्ट,hindi
train/hindi/G_image_17155_11.jpg,दुकान,hindi
train/hindi/G_image_17155_14.jpg,कृपा,hindi
train/hindi/G_image_17155_15.jpg,एक,hindi
train/hindi/G_image_17155_16.jpg,सबका,hindi
train/hindi/G_image_17155_17.jpg,ॐ,hindi
train/hindi/G_image_17155_19.jpg,वंदना,hindi
train/hindi/G_image_17155_23.jpg,पुणे,hindi
train/hindi/G_image_17155_26.jpg,जय,hindi
train/hindi/G_image_17155_28.jpg,गजानन,hindi
train/hindi/G_image_17155_30.jpg,तुलसी,hindi
train/hindi/G_image_17155_32.jpg,तुलसी,hindi
train/hindi/G_image_17155_33.jpg,आता,hindi
train/hindi/G_image_17155_34.jpg,श्री,hindi
train/hindi/G_image_17155_36.jpg,ट्रस्ट,hindi
train/hindi/G_image_17155_37.jpg,गणेश,hindi
train/hindi/G_image_17155_38.jpg,बुधवार,hindi
train/hindi/G_image_17155_43.jpg,निशा,hindi
train/hindi/G_image_17155_44.jpg,अचन,hindi
train/hindi/G_image_17155_45.jpg,हरी,hindi
train/hindi/G_image_17155_46.jpg,साई,hindi
train/hindi/G_image_17155_47.jpg,मालिक,hindi
train/hindi/G_image_17155_48.jpg,साई,hindi
train/hindi/G_image_17155_5.jpg,अवश्य,hindi
train/hindi/G_image_17155_54.jpg,महालक्ष्मी,hindi
train/hindi/G_image_17155_61.jpg,भेट,hindi
train/hindi/G_image_17155_9.jpg,बंधु,hindi
train/hindi/G_image_17378_1.jpg,शैक्षणिक,hindi
train/hindi/G_image_17378_10.jpg,परिसर,hindi
train/hindi/G_image_17378_3.jpg,विद्यापीठ,hindi
train/hindi/G_image_17378_6.jpg,महाराज,hindi
train/hindi/G_image_17378_8.jpg,महात्मा,hindi
train/hindi/G_image_17427_11.jpg,व‍,hindi
train/hindi/G_image_17427_9.jpg,कमी,hindi
train/hindi/G_image_17442_10.jpg,नेटवर्क,hindi
train/hindi/G_image_17450_0.jpg,नागपुर,hindi
train/hindi/G_image_17450_2.jpg,रेल,hindi
train/hindi/G_image_17450_3.jpg,मध्य,hindi
train/hindi/G_image_17450_4.jpg,रेल,hindi
train/hindi/G_image_17450_5.jpg,एन्क्लेव,hindi
train/hindi/G_image_17450_6.jpg,लाइन्स,hindi
train/hindi/G_image_17497_0.jpg,पदर्शन,hindi
train/hindi/G_image_17497_1.jpg,संग्रह,hindi
train/hindi/G_image_17497_10.jpg,विशेष,hindi
train/hindi/G_image_17497_3.jpg,संग्रहालय,hindi
train/hindi/G_image_17497_4.jpg,कला,hindi
train/hindi/G_image_17497_5.jpg,राजा,hindi
train/hindi/G_image_17497_6.jpg,दिनकर,hindi
train/hindi/G_image_17618_13.jpg,पुणे.,hindi
train/hindi/G_image_17618_17.jpg,तांबा,hindi
train/hindi/G_image_17618_20.jpg,खुले,hindi
train/hindi/G_image_17618_21.jpg,मे.,hindi
train/hindi/G_image_17618_23.jpg,तांबा,hindi
train/hindi/G_image_17618_24.jpg,अल्युमिनियम,hindi
train/hindi/G_image_17618_26.jpg,ॲल्युमिनीयम,hindi
train/hindi/G_image_17618_29.jpg,व्यापारी ,hindi
train/hindi/G_image_17618_30.jpg,व्यापारी,hindi
train/hindi/G_image_17618_33.jpg,आर्टिकल,hindi
train/hindi/G_image_17618_34.jpg,तांबा,hindi
train/hindi/G_image_17618_38.jpg,सन्स,hindi
train/hindi/G_image_17618_39.jpg,ज्ञानेश्वर,hindi
train/hindi/G_image_17618_40.jpg,बाबुराव,hindi
train/hindi/G_image_17618_44.jpg,व्यापारी,hindi
train/hindi/G_image_17618_5.jpg,रामेश्वर,hindi
train/hindi/G_image_17618_52.jpg,स्टील,hindi
train/hindi/G_image_17618_53.jpg,महात्मा,hindi
train/hindi/G_image_17618_54.jpg,मार्केट,hindi
train/hindi/G_image_17618_55.jpg,राहुल,hindi
train/hindi/G_image_17618_58.jpg,स्‍टील,hindi
train/hindi/G_image_17618_59.jpg,"कुकर,",hindi
train/hindi/G_image_17618_62.jpg,मार्केट,hindi
train/hindi/G_image_17618_63.jpg,"चौक,",hindi
train/hindi/G_image_17618_64.jpg,पुणे,hindi
train/hindi/G_image_17618_65.jpg,फोन,hindi
train/hindi/G_image_17618_7.jpg,महात्मा,hindi
train/hindi/G_image_17618_9.jpg,मंगल,hindi
train/hindi/G_image_17771_0.jpg,कोल्डड्रिक्स​,hindi
train/hindi/G_image_17771_13.jpg,पदार्थ,hindi
train/hindi/G_image_17771_2.jpg,मसाला,hindi
train/hindi/G_image_17771_21.jpg,जीवन,hindi
train/hindi/G_image_17771_22.jpg,प्रसन्न,hindi
train/hindi/G_image_17771_23.jpg,श्री,hindi
train/hindi/G_image_17771_25.jpg,श्री.,hindi
train/hindi/G_image_17771_28.jpg,व‌‌,hindi
train/hindi/G_image_17771_3.jpg,लस्सी,hindi
train/hindi/G_image_17771_32.jpg,घुम्रपान,hindi
train/hindi/G_image_17771_35.jpg,सिगरेट,hindi
train/hindi/G_image_17771_36.jpg,पदार्थ,hindi
train/hindi/G_image_17771_41.jpg,प्रसन्न,hindi
train/hindi/G_image_17771_42.jpg,महालक्ष्मी,hindi
train/hindi/G_image_17771_47.jpg,निवास,hindi
train/hindi/G_image_17771_48.jpg,श्री.,hindi
train/hindi/G_image_17771_50.jpg,जीवन,hindi
train/hindi/G_image_17771_52.jpg,शाकाहारी ,hindi
train/hindi/G_image_17771_53.jpg,शुध्द,hindi
train/hindi/G_image_17771_54.jpg,शाकाहारी ,hindi
train/hindi/G_image_17771_55.jpg,चहा,hindi
train/hindi/G_image_17771_57.jpg,पाव,hindi
train/hindi/G_image_17956_11.jpg,एवं,hindi
train/hindi/G_image_17956_13.jpg,के‍,hindi
train/hindi/G_image_17956_2.jpg,कैंसर,hindi
train/hindi/G_image_17956_6.jpg,लिए,hindi
train/hindi/G_image_18525_0.jpg,चिंवडा,hindi
train/hindi/G_image_18525_13.jpg,स्टोअर्स,hindi
train/hindi/G_image_18525_16.jpg,ॲन्ड,hindi
train/hindi/G_image_18525_17.jpg,जनरल,hindi
train/hindi/G_image_18525_19.jpg,स्टोअर्स,hindi
train/hindi/G_image_18525_2.jpg,व,hindi
train/hindi/G_image_18525_20.jpg,मेडिकल,hindi
train/hindi/G_image_18525_25.jpg,व,hindi
train/hindi/G_image_18525_7.jpg,मेडिकल,hindi
train/hindi/G_image_18525_9.jpg,मेडिकल,hindi
train/hindi/G_image_18562_11.jpg,कर्फ,hindi
train/hindi/G_image_18562_13.jpg,श्री,hindi
train/hindi/G_image_18562_18.jpg,श्री,hindi
train/hindi/G_image_18562_22.jpg,जीर्णोद्धार,hindi
train/hindi/G_image_18562_5.jpg,महाराज,hindi
train/hindi/G_image_18562_7.jpg,संत,hindi
train/hindi/G_image_18587_0.jpg,ज्वेलर्स,hindi
train/hindi/G_image_18587_1.jpg,9.21 मी.,hindi
train/hindi/G_image_18587_2.jpg,से,hindi
train/hindi/G_image_18587_3.jpg,समुद्र,hindi
train/hindi/G_image_18587_7.jpg,नल,hindi
train/hindi/G_image_18587_9.jpg,भवानी,hindi
train/hindi/G_image_18830_14.jpg,कष्ट,hindi
train/hindi/G_image_18830_22.jpg,पुण्य,hindi
train/hindi/G_image_18830_24.jpg,शरीर,hindi
train/hindi/G_image_18830_38.jpg,मुख,hindi
train/hindi/G_image_18830_6.jpg,जिवात,hindi
train/hindi/G_image_18830_9.jpg,ही,hindi
train/hindi/G_image_18913_1.jpg,नये.,hindi
train/hindi/G_image_18913_6.jpg,सुचना,hindi
train/hindi/G_image_18920_4.jpg,अर्थ,hindi
train/hindi/G_image_18920_6.jpg,ता,hindi
train/hindi/G_image_19047_10.jpg,गांधीनगर,hindi
train/hindi/G_image_19047_12.jpg,राष्ट्रीय,hindi
train/hindi/G_image_19047_15.jpg,प्रमोद,hindi
train/hindi/G_image_19047_17.jpg,बी,hindi
train/hindi/G_image_19047_2.jpg,शिक्षण,hindi
train/hindi/G_image_19047_23.jpg,शिवाजी,hindi
train/hindi/G_image_19047_27.jpg,विज्ञान,hindi
train/hindi/G_image_19047_28.jpg,द्वारा,hindi
train/hindi/G_image_19047_3.jpg,श्री,hindi
train/hindi/G_image_19047_58.jpg,डी,hindi
train/hindi/G_image_19047_61.jpg,श्री,hindi
train/hindi/G_image_19047_62.jpg,शिवाजी,hindi
train/hindi/G_image_19047_66.jpg,श्री,hindi
train/hindi/G_image_19047_67.jpg,विज्ञान,hindi
train/hindi/G_image_19047_7.jpg,अभिनंदन,hindi
train/hindi/G_image_19047_74.jpg,नम्रता,hindi
train/hindi/G_image_19047_80.jpg,हार्दिक,hindi
train/hindi/G_image_19047_81.jpg,गुजरात,hindi
train/hindi/G_image_19047_86.jpg,शुभेच्छुक,hindi
train/hindi/G_image_19047_87.jpg,शिवपरिवार,hindi
train/hindi/G_image_19047_88.jpg,शिवाजी,hindi
train/hindi/G_image_19047_89.jpg,संस्था,hindi
train/hindi/G_image_19047_90.jpg,हार्दिक,hindi
train/hindi/G_image_19116_2.jpg,महादेव,hindi
train/hindi/G_image_19116_3.jpg,महानगरपालिका,hindi
train/hindi/G_image_19116_4.jpg,पुणे,hindi
train/hindi/G_image_19116_5.jpg,मंदिर,hindi
train/hindi/G_image_19162_0.jpg,पुणे,hindi
train/hindi/G_image_19162_1.jpg,डेक्कन,hindi
train/hindi/G_image_19162_12.jpg,म.ए.सो.ची,hindi
train/hindi/G_image_19162_19.jpg,व्यर्थ,hindi
train/hindi/G_image_19162_2.jpg,माध्यमिक,hindi
train/hindi/G_image_19162_23.jpg,उच्च,hindi
train/hindi/G_image_19162_24.jpg,विद्यालय,hindi
train/hindi/G_image_19162_3.jpg,व,hindi
train/hindi/G_image_19162_4.jpg,माध्यमिक,hindi
train/hindi/G_image_19194_0.jpg,पुणे,hindi
train/hindi/G_image_19194_11.jpg,का‍,hindi
train/hindi/G_image_19194_14.jpg,भगवा,hindi
train/hindi/G_image_19194_22.jpg,स्वाभिमान,hindi
train/hindi/G_image_19194_24.jpg,संरक्षण,hindi
train/hindi/G_image_19212_13.jpg,दर्शन,hindi
train/hindi/G_image_19212_15.jpg,भारती,hindi
train/hindi/G_image_19212_5.jpg,जनरल,hindi
train/hindi/G_image_19212_7.jpg,तुलसी,hindi
train/hindi/G_image_19670_1.jpg,मृत्यु,hindi
train/hindi/G_image_19670_10.jpg,श्री,hindi
train/hindi/G_image_19670_11.jpg,निगम,hindi
train/hindi/G_image_19670_12.jpg,नाना,hindi
train/hindi/G_image_19670_13.jpg,अध्यक्ष,hindi
train/hindi/G_image_19670_14.jpg,स्थायी,hindi
train/hindi/G_image_19670_15.jpg,श्री,hindi
train/hindi/G_image_19670_17.jpg,डागा,hindi
train/hindi/G_image_19670_19.jpg,अध्यक्ष,hindi
train/hindi/G_image_19670_20.jpg,तेजसिंहराव,hindi
train/hindi/G_image_19670_24.jpg,विशेष,hindi
train/hindi/G_image_19670_25.jpg,शुभ,hindi
train/hindi/G_image_19670_26.jpg,केदार,hindi
train/hindi/G_image_19670_27.jpg,श्री,hindi
train/hindi/G_image_19670_28.jpg,मा.,hindi
train/hindi/G_image_19670_32.jpg,मंत्री,hindi
train/hindi/G_image_19670_37.jpg,श्री,hindi
train/hindi/G_image_19670_46.jpg,श्री.,hindi
train/hindi/G_image_19670_50.jpg,महापौर,hindi
train/hindi/G_image_19670_51.jpg,वल्लभदास,hindi
train/hindi/G_image_19670_52.jpg,प्रमुख,hindi
train/hindi/G_image_19670_53.jpg,उपमहापौर,hindi
train/hindi/G_image_19670_54.jpg,अब्दुल,hindi
train/hindi/G_image_19670_57.jpg,श्री,hindi
train/hindi/G_image_19670_59.jpg,आयुक्त,hindi
train/hindi/G_image_19670_6.jpg,जोग,hindi
train/hindi/G_image_19670_60.jpg,एम,hindi
train/hindi/G_image_19670_62.jpg,संपन्न,hindi
train/hindi/G_image_19670_63.jpg,एकनाथ,hindi
train/hindi/G_image_19670_65.jpg,वार्ड,hindi
train/hindi/G_image_19670_66.jpg,उपनिगम,hindi
train/hindi/G_image_19670_67.jpg,जन्म,hindi
train/hindi/G_image_19670_69.jpg,जुन,hindi
train/hindi/G_image_19670_9.jpg,रामाराव,hindi
train/hindi/G_image_19699_16.jpg,कोण,hindi
train/hindi/G_image_19699_19.jpg,शरीर,hindi
train/hindi/G_image_19699_32.jpg,धन्यध,hindi
train/hindi/G_image_19699_36.jpg,ही,hindi
train/hindi/G_image_19699_37.jpg,रवुले,hindi
train/hindi/G_image_19699_40.jpg,महादेव,hindi
train/hindi/G_image_19804_2.jpg,कंपनी,hindi
train/hindi/G_image_19804_20.jpg,स्टेशनरी,hindi
train/hindi/G_image_19804_21.jpg,गिफ्ट,hindi
train/hindi/G_image_19804_22.jpg,कॉर्नर,hindi
train/hindi/G_image_19804_31.jpg,आईसक्रीम,hindi
train/hindi/G_image_19804_32.jpg,दुर्गा,hindi
train/hindi/G_image_19804_33.jpg,एण्ड,hindi
train/hindi/G_image_19804_41.jpg,सेना,hindi
train/hindi/G_image_19804_42.jpg,बोर्ड,hindi
train/hindi/G_image_19804_48.jpg,"स्टेशन,",hindi
train/hindi/G_image_19804_5.jpg,पुणे,hindi
train/hindi/G_image_19804_51.jpg,यादव,hindi
train/hindi/G_image_19804_8.jpg,सदानंद,hindi
train/hindi/G_image_19947_0.jpg,पदार्थ,hindi
train/hindi/G_image_19947_13.jpg,पार्किंग,hindi
train/hindi/G_image_2006_0.jpg,नवम्बर,hindi
train/hindi/G_image_2006_1.jpg,किया,hindi
train/hindi/G_image_2006_10.jpg,बजाज,hindi
train/hindi/G_image_2006_11.jpg,‍की,hindi
train/hindi/G_image_2006_12.jpg,स्मृति,hindi
train/hindi/G_image_2006_13.jpg,पर,hindi
train/hindi/G_image_2006_15.jpg,श्री,hindi
train/hindi/G_image_2006_18.jpg,हरिः,hindi
train/hindi/G_image_2006_19.jpg,स्व.,hindi
train/hindi/G_image_2006_2.jpg,गफ्फार,hindi
train/hindi/G_image_2006_20.jpg,जन्म-दिन,hindi
train/hindi/G_image_2006_23.jpg,शिलान्यास,hindi
train/hindi/G_image_2006_25.jpg,खाँ,hindi
train/hindi/G_image_2006_26.jpg,बादशाह,hindi
train/hindi/G_image_2006_27.jpg,अब्दुल,hindi
train/hindi/G_image_2006_29.jpg,गया,hindi
train/hindi/G_image_2006_3.jpg,खान,hindi
train/hindi/G_image_2006_31.jpg,१९६९,hindi
train/hindi/G_image_2006_4.jpg,साथी,hindi
train/hindi/G_image_2006_5.jpg,उनके,hindi
train/hindi/G_image_2006_6.jpg,का,hindi
train/hindi/G_image_2006_8.jpg,उनके,hindi
train/hindi/G_image_2006_9.jpg,जमनालालजी,hindi
train/hindi/G_image_20095_1.jpg,बैक,hindi
train/hindi/G_image_20095_10.jpg,ऑफ,hindi
train/hindi/G_image_20095_2.jpg,सेन्ट्रल,hindi
train/hindi/G_image_20095_9.jpg,इंडिया,hindi
train/hindi/G_image_2029_11.jpg,दूंर,hindi
train/hindi/G_image_2029_12.jpg,ऐश्वर्य,hindi
train/hindi/G_image_2029_16.jpg,‌२.,hindi
train/hindi/G_image_2029_19.jpg,अर्थ,hindi
train/hindi/G_image_2029_22.jpg,ईश्वरदत्त,hindi
train/hindi/G_image_2029_3.jpg,व,hindi
train/hindi/G_image_2029_34.jpg,प्रफुल्लित,hindi
train/hindi/G_image_2029_35.jpg,दूर,hindi
train/hindi/G_image_2029_4.jpg,धैर्य,hindi
train/hindi/G_image_2029_8.jpg,स्थान,hindi
train/hindi/G_image_20517_0.jpg,१८५३,hindi
train/hindi/G_image_20517_12.jpg,स्टेशन,hindi
train/hindi/G_image_20517_13.jpg,शान,hindi
train/hindi/G_image_20517_20.jpg,हमारा,hindi
train/hindi/G_image_20517_27.jpg,सदी,hindi
train/hindi/G_image_20517_28.jpg,शतक,hindi
train/hindi/G_image_20517_29.jpg,१२,hindi
train/hindi/G_image_20517_4.jpg,बारवीं,hindi
train/hindi/G_image_21256_0.jpg,श्री.,hindi
train/hindi/G_image_21256_1.jpg,सी.,hindi
train/hindi/G_image_21256_14.jpg,श्री.,hindi
train/hindi/G_image_21256_16.jpg,विद्यासागर,hindi
train/hindi/G_image_21256_17.jpg,श्री.,hindi
train/hindi/G_image_21256_18.jpg,देवेंद्र,hindi
train/hindi/G_image_21256_19.jpg,फडणवीस,hindi
train/hindi/G_image_21256_2.jpg,नरेंद्र,hindi
train/hindi/G_image_21256_3.jpg,मोदी,hindi
train/hindi/G_image_21256_7.jpg,महा,hindi
train/hindi/G_image_21256_8.jpg,निर्मिती,hindi
train/hindi/G_image_213_0.jpg,परिभेत्र,hindi
train/hindi/G_image_213_1.jpg,की‍,hindi
train/hindi/G_image_213_2.jpg,बड़ा,hindi
train/hindi/G_image_213_3.jpg,श्री,hindi
train/hindi/G_image_213_5.jpg,जय,hindi
train/hindi/G_image_21306_0.jpg,इस़.,hindi
train/hindi/G_image_21306_1.jpg,परम,hindi
train/hindi/G_image_21306_11.jpg,प्रथम,hindi
train/hindi/G_image_21306_12.jpg,के‍,hindi
train/hindi/G_image_21306_13.jpg,स्वतंत्र,hindi
train/hindi/G_image_21306_14.jpg,के‌,hindi
train/hindi/G_image_21306_17.jpg,परम,hindi
train/hindi/G_image_21306_18.jpg,राजनीतिज्ञ,hindi
train/hindi/G_image_21306_19.jpg,सरदार,hindi
train/hindi/G_image_21306_2.jpg,स्वतंत्र,hindi
train/hindi/G_image_21306_21.jpg,पटेल,hindi
train/hindi/G_image_21306_23.jpg,एवम्,hindi
train/hindi/G_image_21306_24.jpg,देशभक्त,hindi
train/hindi/G_image_21306_25.jpg,के,hindi
train/hindi/G_image_21306_26.jpg,संग्राम,hindi
train/hindi/G_image_21306_27.jpg,भारतीय,hindi
train/hindi/G_image_21306_28.jpg,एकता,hindi
train/hindi/G_image_21306_29.jpg,शिल्पी,hindi
train/hindi/G_image_21306_3.jpg,नायब,hindi
train/hindi/G_image_21306_30.jpg,भारत,hindi
train/hindi/G_image_21306_31.jpg,उप-प्रधानमंत्री,hindi
train/hindi/G_image_21306_32.jpg,इ.स.,hindi
train/hindi/G_image_21306_34.jpg,झ.,hindi
train/hindi/G_image_21306_35.jpg,सरदार,hindi
train/hindi/G_image_21306_39.jpg,भारतीय,hindi
train/hindi/G_image_21306_42.jpg,देशभक्त,hindi
train/hindi/G_image_21306_7.jpg,शिल्पकार,hindi
train/hindi/G_image_21306_9.jpg,वल्लभभाई,hindi
train/hindi/G_image_21414_14.jpg,श्राद्ध,hindi
train/hindi/G_image_21414_20.jpg,कृष्णा,hindi
train/hindi/G_image_21414_21.jpg,होती,hindi
train/hindi/G_image_21414_22.jpg,माजतो,hindi
train/hindi/G_image_21414_25.jpg,अधर्म,hindi
train/hindi/G_image_21414_27.jpg,अधर्म,hindi
train/hindi/G_image_21414_28.jpg,सनातन,hindi
train/hindi/G_image_21414_30.jpg,लया,hindi
train/hindi/G_image_21414_32.jpg,नये,hindi
train/hindi/G_image_21414_36.jpg,कुल-धर्म,hindi
train/hindi/G_image_21414_39.jpg,सर्व,hindi
train/hindi/G_image_21414_40.jpg,मग,hindi
train/hindi/G_image_21414_44.jpg,कुल-स्त्रिया,hindi
train/hindi/G_image_21414_45.jpg,वर्ण-संकर,hindi
train/hindi/G_image_21414_48.jpg,नरका,hindi
train/hindi/G_image_21414_5.jpg,धर्म,hindi
train/hindi/G_image_21414_55.jpg,वर्ण-संकर,hindi
train/hindi/G_image_21414_59.jpg,निश्चित,hindi
train/hindi/G_image_21414_7.jpg,सनातन,hindi
train/hindi/G_image_21414_9.jpg,धर्म,hindi
train/hindi/G_image_21493_16.jpg,मोदी,hindi
train/hindi/G_image_21493_17.jpg,नरेंद्र,hindi
train/hindi/G_image_21493_18.jpg,श्री.,hindi
train/hindi/G_image_21493_19.jpg,नवीन,hindi
train/hindi/G_image_21493_2.jpg,मा.,hindi
train/hindi/G_image_21493_21.jpg,भागीदार,hindi
train/hindi/G_image_21493_24.jpg,करा,hindi
train/hindi/G_image_21493_3.jpg,प्रधानमंत्री,hindi
train/hindi/G_image_21493_4.jpg,महोदय,hindi
train/hindi/G_image_21554_1.jpg,मा.,hindi
train/hindi/G_image_21554_10.jpg,पोर्ट,hindi
train/hindi/G_image_21554_12.jpg,आयोजक,hindi
train/hindi/G_image_21554_13.jpg,"अध्यक्ष-भाजपा,",hindi
train/hindi/G_image_21554_14.jpg,आशिष,hindi
train/hindi/G_image_21554_15.jpg,मा.,hindi
train/hindi/G_image_21554_17.jpg,श्री.,hindi
train/hindi/G_image_21554_19.jpg,श्री.,hindi
train/hindi/G_image_21554_2.jpg,श्री.,hindi
train/hindi/G_image_21554_20.jpg,प्रभु,hindi
train/hindi/G_image_21554_22.jpg,प्रमुख,hindi
train/hindi/G_image_21554_23.jpg,दिनांक,hindi
train/hindi/G_image_21554_29.jpg,‍व,hindi
train/hindi/G_image_21554_31.jpg,केंद्रीय,hindi
train/hindi/G_image_21554_32.jpg,मंत्री,hindi
train/hindi/G_image_21554_36.jpg,श्री.,hindi
train/hindi/G_image_21554_37.jpg,ट्रस्ट,hindi
train/hindi/G_image_21554_38.jpg,गडकरी,hindi
train/hindi/G_image_21554_39.jpg,नितिन,hindi
train/hindi/G_image_21554_40.jpg,मंत्री,hindi
train/hindi/G_image_21554_45.jpg,विकास,hindi
train/hindi/G_image_21554_46.jpg,शुभारंभ,hindi
train/hindi/G_image_21554_50.jpg,मा.,hindi
train/hindi/G_image_21554_51.jpg,सुनिल,hindi
train/hindi/G_image_21554_52.jpg,मा.,hindi
train/hindi/G_image_21554_53.jpg,अरविंद,hindi
train/hindi/G_image_21554_54.jpg,मा.,hindi
train/hindi/G_image_21554_55.jpg,विनोद,hindi
train/hindi/G_image_21554_59.jpg,मुंंबई,hindi
train/hindi/G_image_21554_6.jpg,मुंबई,hindi
train/hindi/G_image_21554_60.jpg,मुंबई,hindi
train/hindi/G_image_21554_64.jpg,दक्षिण,hindi
train/hindi/G_image_21554_65.jpg,विधान,hindi
train/hindi/G_image_21554_8.jpg,श्रीमती,hindi
train/hindi/G_image_21554_9.jpg,"अध्यक्ष,",hindi
train/hindi/G_image_21665_1.jpg,ए.,hindi
train/hindi/G_image_21665_12.jpg,मंदिर,hindi
train/hindi/G_image_21665_13.jpg,भवानी,hindi
train/hindi/G_image_21665_17.jpg,१२२३,hindi
train/hindi/G_image_21665_18.jpg,भवानी,hindi
train/hindi/G_image_21665_3.jpg,ट्रस्ट,hindi
train/hindi/G_image_21665_7.jpg,पालखा ,hindi
train/hindi/G_image_21839_6.jpg,५. ,hindi
train/hindi/G_image_21839_7.jpg,वा.,hindi
train/hindi/G_image_21856_1.jpg,१५-५४,hindi
train/hindi/G_image_21856_14.jpg,उँचाई,hindi
train/hindi/G_image_21856_15.jpg,मी.,hindi
train/hindi/G_image_21856_17.jpg,औसत,hindi
train/hindi/G_image_21856_2.jpg,‍की,hindi
train/hindi/G_image_21856_3.jpg,पर,hindi
train/hindi/G_image_22001_1.jpg,स्थान,hindi
train/hindi/G_image_22001_13.jpg,पीडित,hindi
train/hindi/G_image_22001_16.jpg,रोगग्रस्त,hindi
train/hindi/G_image_22001_20.jpg,कल्याण,hindi
train/hindi/G_image_22001_24.jpg,धीमी,hindi
train/hindi/G_image_22001_25.jpg,डिब्बा,hindi
train/hindi/G_image_22001_26.jpg,गन्तव्य,hindi
train/hindi/G_image_22001_29.jpg,डिब्‍बा,hindi
train/hindi/G_image_22001_3.jpg,स्थान,hindi
train/hindi/G_image_22001_5.jpg,डिब्बा,hindi
train/hindi/G_image_22001_6.jpg,अपंग,hindi
train/hindi/G_image_22001_7.jpg,विकलांग,hindi
train/hindi/G_image_22001_8.jpg,एवम्,hindi
train/hindi/G_image_22083_0.jpg,(ब),hindi
train/hindi/G_image_22083_10.jpg,१),hindi
train/hindi/G_image_22083_18.jpg,"निर्णय,",hindi
train/hindi/G_image_22083_2.jpg,प्रवेश,hindi
train/hindi/G_image_22083_20.jpg,गांधी,hindi
train/hindi/G_image_22083_21.jpg,राष्ट्रीय,hindi
train/hindi/G_image_22083_22.jpg,"उद्यान,",hindi
train/hindi/G_image_22083_24.jpg,विभाग,hindi
train/hindi/G_image_22083_26.jpg,शासन,hindi
train/hindi/G_image_22083_27.jpg,स्वागत,hindi
train/hindi/G_image_22083_3.jpg,शुल्क,hindi
train/hindi/G_image_22083_30.jpg,वन्यजीव,hindi
train/hindi/G_image_22083_32.jpg,हार्दिक,hindi
train/hindi/G_image_22083_33.jpg,वन,hindi
train/hindi/G_image_22083_34.jpg,संजय,hindi
train/hindi/G_image_22083_36.jpg,मे,hindi
train/hindi/G_image_22083_37.jpg,दिनांक,hindi
train/hindi/G_image_22083_4.jpg,वाहन,hindi
train/hindi/G_image_22083_42.jpg,शुल्क,hindi
train/hindi/G_image_22083_43.jpg,प्रवेश,hindi
train/hindi/G_image_22083_45.jpg,संरक्षित,hindi
train/hindi/G_image_22083_46.jpg,"अभयारण्य,",hindi
train/hindi/G_image_22083_47.jpg,वन्यजीव,hindi
train/hindi/G_image_22083_48.jpg,शुल्क,hindi
train/hindi/G_image_22083_49.jpg,प्रवेश,hindi
train/hindi/G_image_22083_5.jpg,शुल्क,hindi
train/hindi/G_image_22083_6.jpg,पायी,hindi
train/hindi/G_image_22317_1.jpg,१,hindi
train/hindi/G_image_22317_10.jpg,डॉ. ,hindi
train/hindi/G_image_22317_12.jpg,उद्घाटन,hindi
train/hindi/G_image_22317_17.jpg,अधिकारी,hindi
train/hindi/G_image_22317_19.jpg,संपन्न,hindi
train/hindi/G_image_22317_26.jpg,कार्यकारी,hindi
train/hindi/G_image_22317_27.jpg,श्री.,hindi
train/hindi/G_image_22317_3.jpg,ए.,hindi
train/hindi/G_image_22317_32.jpg,जि,hindi
train/hindi/G_image_22317_34.jpg,अभियान,hindi
train/hindi/G_image_22317_37.jpg,परिवर्तन,hindi
train/hindi/G_image_22317_4.jpg,जे.,hindi
train/hindi/G_image_22317_6.jpg,अब्दुल,hindi
train/hindi/G_image_22317_7.jpg,कलाम,hindi
train/hindi/G_image_22317_8.jpg,व,hindi
train/hindi/G_image_22586_0.jpg,सचिव-,hindi
train/hindi/G_image_22586_1.jpg,महेंद्र,hindi
train/hindi/G_image_22586_10.jpg,प्रकाश,hindi
train/hindi/G_image_22586_12.jpg,सचिव-दौलत,hindi
train/hindi/G_image_22586_15.jpg,व,hindi
train/hindi/G_image_22586_16.jpg,विरोधी,hindi
train/hindi/G_image_22586_18.jpg,(भारत),hindi
train/hindi/G_image_22586_19.jpg,बनो,hindi
train/hindi/G_image_22586_25.jpg,हार्दिक,hindi
train/hindi/G_image_22586_30.jpg,महोत्सव,hindi
train/hindi/G_image_22586_32.jpg,आंबेडकर,hindi
train/hindi/G_image_22586_33.jpg,जयंती,hindi
train/hindi/G_image_22586_34.jpg,हार्दिक,hindi
train/hindi/G_image_22586_36.jpg,डॉ.,hindi
train/hindi/G_image_22586_39.jpg,जयंती,hindi
train/hindi/G_image_22586_40.jpg,परिवार,hindi
train/hindi/G_image_22586_41.jpg,स्टोअ,hindi
train/hindi/G_image_22586_42.jpg,चाय,hindi
train/hindi/G_image_22586_43.jpg,भांडार,hindi
train/hindi/G_image_22586_44.jpg,हरि,hindi
train/hindi/G_image_22586_45.jpg,ॐ,hindi
train/hindi/G_image_22586_46.jpg,फुल,hindi
train/hindi/G_image_22586_47.jpg,किराणा,hindi
train/hindi/G_image_22586_49.jpg,भिम,hindi
train/hindi/G_image_22586_5.jpg,अध्यक्ष-,hindi
train/hindi/G_image_22586_50.jpg,जय,hindi
train/hindi/G_image_22586_52.jpg,शुभेच्छा,hindi
train/hindi/G_image_22586_53.jpg,सौजन्यः,hindi
train/hindi/G_image_22586_54.jpg,सार्वजनिक,hindi
train/hindi/G_image_22586_56.jpg,शहर,hindi
train/hindi/G_image_22586_59.jpg,दिवस,hindi
train/hindi/G_image_22586_6.jpg,रतन,hindi
train/hindi/G_image_22586_61.jpg,जून,hindi
train/hindi/G_image_22586_64.jpg,निर्भय,hindi
train/hindi/G_image_22586_65.jpg,न्‍यास,hindi
train/hindi/G_image_22586_68.jpg,कार्यकारी,hindi
train/hindi/G_image_22586_70.jpg,विभाग,hindi
train/hindi/G_image_22586_71.jpg,शहर,hindi
train/hindi/G_image_22586_75.jpg,सहसचिव-,hindi
train/hindi/G_image_22586_8.jpg,उपाध्यक्ष-,hindi
train/hindi/G_image_22591_10.jpg,परिवार,hindi
train/hindi/G_image_22591_13.jpg,जोशी,hindi
train/hindi/G_image_22591_15.jpg,जोशी,hindi
train/hindi/G_image_22591_18.jpg,घर,hindi
train/hindi/G_image_22591_2.jpg,नि‍वासी,hindi
train/hindi/G_image_22591_21.jpg,आधुनिक,hindi
train/hindi/G_image_22591_25.jpg,व,hindi
train/hindi/G_image_22591_5.jpg,तर,hindi
train/hindi/G_image_22788_16.jpg,इमरती,hindi
train/hindi/G_image_22788_17.jpg,जलेबी,hindi
train/hindi/G_image_22788_2.jpg,मेहंदी,hindi
train/hindi/G_image_22788_21.jpg,१२०/-,hindi
train/hindi/G_image_22788_24.jpg,व,hindi
train/hindi/G_image_22788_6.jpg,समोसा,hindi
train/hindi/G_image_22788_7.jpg,मेहंदी ,hindi
train/hindi/G_image_22788_8.jpg,जनता,hindi
train/hindi/G_image_22839_0.jpg,बंद्,hindi
train/hindi/G_image_22877_10.jpg,पार्लर,hindi
train/hindi/G_image_22877_11.jpg,बाबा,hindi
train/hindi/G_image_22877_15.jpg,पूनम,hindi
train/hindi/G_image_22877_19.jpg,वेग,hindi
train/hindi/G_image_22877_5.jpg,आरके,hindi
train/hindi/G_image_22877_7.jpg,ज्वेलर्स,hindi
train/hindi/G_image_22932_11.jpg,आपका,hindi
train/hindi/G_image_22932_12.jpg,स्वागत,hindi
train/hindi/G_image_22932_15.jpg,हैं,hindi
train/hindi/G_image_22932_16.jpg,स्वागत,hindi
train/hindi/G_image_22932_17.jpg,भारतीय,hindi
train/hindi/G_image_22932_18.jpg,भारतीय,hindi
train/hindi/G_image_22932_2.jpg,आगमन,hindi
train/hindi/G_image_22932_21.jpg,प्राधिकरण,hindi
train/hindi/G_image_22932_22.jpg,विमानपत्तन,hindi
train/hindi/G_image_22932_23.jpg,निर्गमन,hindi
train/hindi/G_image_22932_3.jpg,आगमन,hindi
train/hindi/G_image_22932_4.jpg,प्रस्थान,hindi
train/hindi/G_image_22932_8.jpg,प्राधिकरण,hindi
train/hindi/G_image_22968_0.jpg,श्री,hindi
train/hindi/G_image_22968_2.jpg,मंदिर,hindi
train/hindi/G_image_22968_3.jpg,श्री,hindi
train/hindi/G_image_22968_4.jpg,दत्तपीठ,hindi
train/hindi/G_image_22968_5.jpg,अवधृत,hindi
train/hindi/G_image_23104_0.jpg,खाना,hindi
train/hindi/G_image_23104_13.jpg,हनीफ,hindi
train/hindi/G_image_23104_25.jpg,हाजी,hindi
train/hindi/G_image_23104_29.jpg,ट्रस्ट,hindi
train/hindi/G_image_23104_30.jpg,(धर्मशाला),hindi
train/hindi/G_image_23104_31.jpg,सुचना,hindi
train/hindi/G_image_23104_32.jpg,जाहिर,hindi
train/hindi/G_image_23104_5.jpg,दर्गा,hindi
train/hindi/G_image_23107_15.jpg,(धर्मशाला),hindi
train/hindi/G_image_23107_16.jpg,मुसाफिर,hindi
train/hindi/G_image_23107_20.jpg,हाजी,hindi
train/hindi/G_image_23107_27.jpg,फ्लोरिस्ट,hindi
train/hindi/G_image_23107_34.jpg,हनीफ,hindi
train/hindi/G_image_23107_37.jpg,हाजी,hindi
train/hindi/G_image_23107_41.jpg,बाबा,hindi
train/hindi/G_image_23107_43.jpg,बाबा,hindi
train/hindi/G_image_23107_45.jpg,मलंग,hindi
train/hindi/G_image_23107_46.jpg,अब्दुर्रहमान,hindi
train/hindi/G_image_23107_57.jpg,खान,hindi
train/hindi/G_image_23107_58.jpg,खाना,hindi
train/hindi/G_image_23111_10.jpg,‍की,hindi
train/hindi/G_image_23111_26.jpg,मुसाफिर,hindi
train/hindi/G_image_23111_27.jpg,खाना,hindi
train/hindi/G_image_23111_3.jpg,अब्दुर्रहमान,hindi
train/hindi/G_image_23111_31.jpg,बाबा,hindi
train/hindi/G_image_23111_40.jpg,(धर्मशाला),hindi
train/hindi/G_image_23111_58.jpg,ट्रस्ट,hindi
train/hindi/G_image_23111_59.jpg,की,hindi
train/hindi/G_image_23126_16.jpg,सचिन,hindi
train/hindi/G_image_23126_18.jpg,मावा,hindi
train/hindi/G_image_23126_22.jpg,बेस्ट,hindi
train/hindi/G_image_23126_4.jpg,पेढे,hindi
train/hindi/G_image_23126_5.jpg,मिळेल.,hindi
train/hindi/G_image_23126_8.jpg,(पहली,hindi
train/hindi/G_image_23145_1.jpg,पाई,hindi
train/hindi/G_image_23145_10.jpg,भारती,hindi
train/hindi/G_image_23145_11.jpg,ज्वेलर्स,hindi
train/hindi/G_image_23145_13.jpg,मेन,hindi
train/hindi/G_image_23145_15.jpg,नेशनल,hindi
train/hindi/G_image_23145_16.jpg,फर्टिलाइज़र्स,hindi
train/hindi/G_image_23145_17.jpg,लिमिटेड ,hindi
train/hindi/G_image_23145_18.jpg,ने.फ.लि.,hindi
train/hindi/G_image_23145_2.jpg,"ठि,",hindi
train/hindi/G_image_23145_21.jpg,पंप,hindi
train/hindi/G_image_23145_22.jpg,सबमर्सिबल,hindi
train/hindi/G_image_23145_3.jpg,शुध्द,hindi
train/hindi/G_image_23145_4.jpg,अंगिकृत,hindi
train/hindi/G_image_23145_6.jpg,गणेश,hindi
train/hindi/G_image_23145_7.jpg,श्री,hindi
train/hindi/G_image_23145_9.jpg,"रोड,",hindi
train/hindi/G_image_23168_1.jpg,भारत-,hindi
train/hindi/G_image_23168_11.jpg,नायब,hindi
train/hindi/G_image_23168_13.jpg,भारत-,hindi
train/hindi/G_image_23168_15.jpg,मधुकर,hindi
train/hindi/G_image_23168_17.jpg,नारायण,hindi
train/hindi/G_image_23168_2.jpg,नायक,hindi
train/hindi/G_image_23168_24.jpg,भारत-,hindi
train/hindi/G_image_23168_27.jpg,पुणे ,hindi
train/hindi/G_image_23168_29.jpg,शहीद,hindi
train/hindi/G_image_23168_33.jpg,शंकर,hindi
train/hindi/G_image_23168_34.jpg,लक्ष्मण,hindi
train/hindi/G_image_23168_36.jpg,पुणे,hindi
train/hindi/G_image_23168_39.jpg,भारत-,hindi
train/hindi/G_image_23168_41.jpg,पाक-६५,hindi
train/hindi/G_image_23168_47.jpg,भारत-,hindi
train/hindi/G_image_23168_49.jpg,राजाराम,hindi
train/hindi/G_image_23168_54.jpg,पुणे.,hindi
train/hindi/G_image_23168_56.jpg,नायक,hindi
train/hindi/G_image_23168_57.jpg,भारत-,hindi
train/hindi/G_image_23168_63.jpg,पुणे.,hindi
train/hindi/G_image_23168_9.jpg,दाम,hindi
train/hindi/G_image_23169_0.jpg,भारत-,hindi
train/hindi/G_image_23169_1.jpg,चीन - ६२,hindi
train/hindi/G_image_23169_12.jpg,जगन्‍नाथ,hindi
train/hindi/G_image_23169_14.jpg,पाक-६५,hindi
train/hindi/G_image_23169_15.jpg,भारत-,hindi
train/hindi/G_image_23169_18.jpg,पाक-६५,hindi
train/hindi/G_image_23169_19.jpg,भारत-,hindi
train/hindi/G_image_23169_2.jpg,सुबेदार ,hindi
train/hindi/G_image_23169_22.jpg,सिपाई,hindi
train/hindi/G_image_23169_24.jpg,भारत-,hindi
train/hindi/G_image_23169_25.jpg,भारत-,hindi
train/hindi/G_image_23169_26.jpg,चीन - ६२,hindi
train/hindi/G_image_23169_31.jpg,पुणे.,hindi
train/hindi/G_image_23169_33.jpg,पुणे.,hindi
train/hindi/G_image_23169_34.jpg,लक्ष्मण,hindi
train/hindi/G_image_23169_37.jpg,चीन - ६२ ,hindi
train/hindi/G_image_23169_38.jpg,नायक,hindi
train/hindi/G_image_23169_39.jpg,भारत-,hindi
train/hindi/G_image_23169_4.jpg,राजाराम,hindi
train/hindi/G_image_23169_41.jpg,सुबेदार,hindi
train/hindi/G_image_23169_46.jpg,पुणे.,hindi
train/hindi/G_image_23169_48.jpg,पुणे,hindi
train/hindi/G_image_23169_54.jpg,चीन - ६२,hindi
train/hindi/G_image_23169_55.jpg,भारत-,hindi
train/hindi/G_image_23169_64.jpg,पुणे.,hindi
train/hindi/G_image_23169_68.jpg,पुणे.,hindi
train/hindi/G_image_23170_10.jpg,सुबेदार,hindi
train/hindi/G_image_23170_13.jpg,नायब,hindi
train/hindi/G_image_23170_22.jpg,पाटील,hindi
train/hindi/G_image_23170_23.jpg,पुणे.,hindi
train/hindi/G_image_23170_28.jpg,शहीद,hindi
train/hindi/G_image_23170_29.jpg,पुणे,hindi
train/hindi/G_image_23170_3.jpg,पुणे.,hindi
train/hindi/G_image_23170_31.jpg,सिपाई,hindi
train/hindi/G_image_23170_32.jpg,भारत-,hindi
train/hindi/G_image_23170_39.jpg,पुणे.,hindi
train/hindi/G_image_23170_40.jpg,स्कवॉड्रन,hindi
train/hindi/G_image_23170_41.jpg,०८-०९-७६,hindi
train/hindi/G_image_23170_42.jpg,मुंबई-,hindi
train/hindi/G_image_23170_44.jpg,पुणे,hindi
train/hindi/G_image_23170_45.jpg,"रोड,",hindi
train/hindi/G_image_23170_46.jpg,पुणे,hindi
train/hindi/G_image_23170_47.jpg,दीपक,hindi
train/hindi/G_image_23170_48.jpg,यादव,hindi
train/hindi/G_image_23170_51.jpg,पवन,hindi
train/hindi/G_image_23170_52.jpg,राजेंद्र,hindi
train/hindi/G_image_23170_54.jpg,नारायण,hindi
train/hindi/G_image_23170_58.jpg,पुणे.,hindi
train/hindi/G_image_23170_6.jpg,तुकाराम,hindi
train/hindi/G_image_23170_60.jpg,पुणे.,hindi
train/hindi/G_image_23170_7.jpg,पवन,hindi
train/hindi/G_image_2322_1.jpg,विद्या,hindi
train/hindi/G_image_2322_10.jpg,कृषि,hindi
train/hindi/G_image_2322_11.jpg,(महात्मा,hindi
train/hindi/G_image_2322_13.jpg,महाविद्यालय.,hindi
train/hindi/G_image_2322_5.jpg,संलग्न),hindi
train/hindi/G_image_2322_6.jpg,कृषि,hindi
train/hindi/G_image_2322_8.jpg,जि.नंदुरबार,hindi
train/hindi/G_image_23334_0.jpg,शिल्पकार,hindi
train/hindi/G_image_23334_1.jpg,चरित्रकोश,hindi
train/hindi/G_image_23334_11.jpg,विवेक,hindi
train/hindi/G_image_23334_12.jpg,आधुनिक,hindi
train/hindi/G_image_23334_3.jpg,राज्य,hindi
train/hindi/G_image_23334_8.jpg,गाथा,hindi
train/hindi/G_image_23334_9.jpg,‍ही,hindi
train/hindi/G_image_23382_4.jpg,म,hindi
train/hindi/G_image_23437_0.jpg,जुन,hindi
train/hindi/G_image_23437_13.jpg,रु.,hindi
train/hindi/G_image_23437_16.jpg,स्टेशन,hindi
train/hindi/G_image_23437_18.jpg,(प्रमाणपत्र,hindi
train/hindi/G_image_23437_24.jpg,य.,hindi
train/hindi/G_image_23437_25.jpg,महा.,hindi
train/hindi/G_image_23437_27.jpg,"विद्यापीठ,",hindi
train/hindi/G_image_23437_3.jpg,ते,hindi
train/hindi/G_image_23437_35.jpg,केंद्र,hindi
train/hindi/G_image_23437_39.jpg,भाषा,hindi
train/hindi/G_image_23437_4.jpg,मे,hindi
train/hindi/G_image_23437_40.jpg,प्रशिक्षण,hindi
train/hindi/G_image_23437_44.jpg,"जर्मन,",hindi
train/hindi/G_image_23437_45.jpg,"जापनीज,",hindi
train/hindi/G_image_23437_9.jpg,ते,hindi
train/hindi/G_image_23529_1.jpg,अधिकार,hindi
train/hindi/G_image_23529_12.jpg,स्थापना:,hindi
train/hindi/G_image_23529_20.jpg,प्राथमिक,hindi
train/hindi/G_image_23529_26.jpg,विश्‍व,hindi
train/hindi/G_image_23529_3.jpg,अभियान,hindi
train/hindi/G_image_23529_4.jpg,शिक्षा,hindi
train/hindi/G_image_23529_9.jpg,कोड-,hindi
train/hindi/G_image_23530_1.jpg,करा.,hindi
train/hindi/G_image_23530_11.jpg,अंग,hindi
train/hindi/G_image_23530_2.jpg,प्रारंभ,hindi
train/hindi/G_image_23618_1.jpg,हेल्थ,hindi
train/hindi/G_image_23618_10.jpg,पुस्तक,hindi
train/hindi/G_image_23618_14.jpg,ट्रस्ट,hindi
train/hindi/G_image_23618_16.jpg,हार्दिक,hindi
train/hindi/G_image_23618_2.jpg,क्लिनिक,hindi
train/hindi/G_image_23618_21.jpg,स्वागत,hindi
train/hindi/G_image_23618_24.jpg,डागा,hindi
train/hindi/G_image_23618_26.jpg,पीटर,hindi
train/hindi/G_image_23618_29.jpg,जनता,hindi
train/hindi/G_image_23618_30.jpg,कुं,hindi
train/hindi/G_image_23618_31.jpg,दे,hindi
train/hindi/G_image_23618_40.jpg,भावपुर्ण,hindi
train/hindi/G_image_23618_41.jpg,निरंजन,hindi
train/hindi/G_image_23618_45.jpg,मित्र,hindi
train/hindi/G_image_23618_47.jpg,भरत,hindi
train/hindi/G_image_23618_48.jpg,उत्सव,hindi
train/hindi/G_image_23618_5.jpg,सन्स,hindi
train/hindi/G_image_23618_50.jpg,स्टेशनरी,hindi
train/hindi/G_image_23618_56.jpg,ओरल,hindi
train/hindi/G_image_23618_7.jpg,क्षर,hindi
train/hindi/G_image_23618_9.jpg,व,hindi
train/hindi/G_image_23632_0.jpg,चवकी,hindi
train/hindi/G_image_23649_7.jpg,२५०,hindi
train/hindi/G_image_23649_9.jpg,ज्ञान,hindi
train/hindi/G_image_23657_1.jpg,डाॅ.,hindi
train/hindi/G_image_23657_13.jpg,कार्यालय,hindi
train/hindi/G_image_23657_4.jpg,कोकण,hindi
train/hindi/G_image_23657_44.jpg,ते,hindi
train/hindi/G_image_23657_6.jpg,"विद्यापीठ,",hindi
train/hindi/G_image_23657_64.jpg,समन्वित,hindi
train/hindi/G_image_23657_66.jpg,प्रकल्प),hindi
train/hindi/G_image_23657_8.jpg,भारतीय,hindi
train/hindi/G_image_23668_0.jpg,पालक,hindi
train/hindi/G_image_23695_0.jpg,रानातील,hindi
train/hindi/G_image_23695_2.jpg,फूंल,hindi
train/hindi/G_image_2753_1.jpg,लोकार्पण,hindi
train/hindi/G_image_2753_7.jpg,जैवविविधता,hindi
train/hindi/G_image_3542_13.jpg,वृक्ष,hindi
train/hindi/G_image_3543_2.jpg,वृक्ष,hindi
train/hindi/G_image_3543_4.jpg,सगा,hindi
train/hindi/G_image_3645_1.jpg,प्राधिकरण,hindi
train/hindi/G_image_3645_14.jpg,स्व.,hindi
train/hindi/G_image_3645_19.jpg,4/2,hindi
train/hindi/G_image_3645_2.jpg,वृक्ष,hindi
train/hindi/G_image_3645_20.jpg,पार्किंग,hindi
train/hindi/G_image_3645_21.jpg,वनाझ,hindi
train/hindi/G_image_3645_24.jpg,पुणे.,hindi
train/hindi/G_image_3645_27.jpg,दि.,hindi
train/hindi/G_image_3645_3.jpg,मोहाक,hindi
train/hindi/G_image_3645_33.jpg,वैभवशाली,hindi
train/hindi/G_image_3645_34.jpg,पुणे,hindi
train/hindi/G_image_3645_35.jpg,महाराष्ट्र,hindi
train/hindi/G_image_3645_36.jpg,"सभासद,",hindi
train/hindi/G_image_3645_37.jpg,मुरलीधर,hindi
train/hindi/G_image_3645_38.jpg,पुणे,hindi
train/hindi/G_image_3645_4.jpg,आयोजित,hindi
train/hindi/G_image_3645_5.jpg,पवार,hindi
train/hindi/G_image_3645_6.jpg,सचिन,hindi
train/hindi/G_image_3645_7.jpg,केसरी,hindi
train/hindi/G_image_3646_1.jpg,प्रशिक्षण,hindi
train/hindi/G_image_3646_10.jpg,संयुक्त,hindi
train/hindi/G_image_3646_16.jpg,सोसायटी,hindi
train/hindi/G_image_3646_17.jpg,ॲण्ड,hindi
train/hindi/G_image_3646_18.jpg,इंटरनेट,hindi
train/hindi/G_image_3646_20.jpg,सेंटर,hindi
train/hindi/G_image_3646_21.jpg,महाविद्यालय,hindi
train/hindi/G_image_3646_22.jpg,महिला,hindi
train/hindi/G_image_3646_8.jpg,अभियान,hindi
train/hindi/G_image_3647_16.jpg,आनंद,hindi
train/hindi/G_image_3647_18.jpg,दि.,hindi
train/hindi/G_image_3647_30.jpg,एम.सी.ई.,hindi
train/hindi/G_image_3647_36.jpg,भाषा,hindi
train/hindi/G_image_3647_41.jpg,८ ,hindi
train/hindi/G_image_3647_45.jpg,फंक्शन,hindi
train/hindi/G_image_3647_51.jpg,पुणे-,hindi
train/hindi/G_image_3702_8.jpg,सन्स,hindi
train/hindi/G_image_3990_18.jpg,स्वागत,hindi
train/hindi/G_image_3990_19.jpg,हार्दिक,hindi
train/hindi/G_image_3990_21.jpg,गणेश,hindi
train/hindi/G_image_3990_23.jpg,फ्रंट,hindi
train/hindi/G_image_3990_24.jpg,मुस्लिम,hindi
train/hindi/G_image_3990_25.jpg,इंडियन,hindi
train/hindi/G_image_3990_27.jpg,कांग्रेस,hindi
train/hindi/G_image_3991_3.jpg,ताज,hindi
train/hindi/G_image_3991_4.jpg,न्यु,hindi
train/hindi/G_image_3992_0.jpg,"यादव,",hindi
train/hindi/G_image_3992_10.jpg,प्रमुख-,hindi
train/hindi/G_image_3992_13.jpg,व्यवस्था-,hindi
train/hindi/G_image_3992_15.jpg,"यादव,",hindi
train/hindi/G_image_3992_23.jpg,दलित,hindi
train/hindi/G_image_3992_24.jpg,अनिल,hindi
train/hindi/G_image_3992_25.jpg,शांताराम,hindi
train/hindi/G_image_3992_27.jpg,मॉडन,hindi
train/hindi/G_image_3992_28.jpg,फार्म,hindi
train/hindi/G_image_3992_3.jpg,मयुर,hindi
train/hindi/G_image_3992_36.jpg,प्रेरना,hindi
train/hindi/G_image_3992_39.jpg,फार्म ,hindi
train/hindi/G_image_3992_46.jpg,चौक,hindi
train/hindi/G_image_3992_47.jpg,दिवंगत,hindi
train/hindi/G_image_3992_54.jpg,उत्सव,hindi
train/hindi/G_image_3992_58.jpg,सहखजिनदार-,hindi
train/hindi/G_image_3992_6.jpg,पंकज,hindi
train/hindi/G_image_3992_60.jpg,अध्यक्ष:-,hindi
train/hindi/G_image_3992_61.jpg,दिलीपशेठ,hindi
train/hindi/G_image_3992_62.jpg,विरेन्द्र,hindi
train/hindi/G_image_3992_63.jpg,प्रफुल,hindi
train/hindi/G_image_3992_65.jpg,यादव,hindi
train/hindi/G_image_3992_66.jpg,विवेक,hindi
train/hindi/G_image_3992_67.jpg,यादव,hindi
train/hindi/G_image_3992_68.jpg,शेखर,hindi
train/hindi/G_image_3992_69.jpg,"यादव,",hindi
train/hindi/G_image_3992_70.jpg,राकेश,hindi
train/hindi/G_image_3992_71.jpg,कुंदन,hindi
train/hindi/G_image_3992_8.jpg,व्यवस्था,hindi
train/hindi/G_image_3992_9.jpg,यादव,hindi
train/hindi/G_image_4080_0.jpg,जनरल,hindi
train/hindi/G_image_4080_1.jpg,बँगल्स,hindi
train/hindi/G_image_4080_11.jpg,योग्य,hindi
train/hindi/G_image_4080_13.jpg,व‌,hindi
train/hindi/G_image_4080_20.jpg,‍व,hindi
train/hindi/G_image_414_1.jpg,अगरबत्ती,hindi
train/hindi/G_image_414_16.jpg,केंद्र,hindi
train/hindi/G_image_414_2.jpg,"साहित्य,",hindi
train/hindi/G_image_414_36.jpg,कार्यालय,hindi
train/hindi/G_image_414_38.jpg,डेक्कन,hindi
train/hindi/G_image_414_4.jpg,उप,hindi
train/hindi/G_image_414_49.jpg,पुजा,hindi
train/hindi/G_image_414_5.jpg,उप,hindi
train/hindi/G_image_414_6.jpg,डाकघर,hindi
train/hindi/G_image_414_7.jpg,डेक्कन,hindi
train/hindi/G_image_4417_1.jpg,आता,hindi
train/hindi/G_image_4417_11.jpg,ई-मेल/Email:,hindi
train/hindi/G_image_4417_21.jpg,पुणे,hindi
train/hindi/G_image_4417_23.jpg,प्रसार,hindi
train/hindi/G_image_4417_25.jpg,आकाशवाणी,hindi
train/hindi/G_image_4417_26.jpg,पता,hindi
train/hindi/G_image_4417_27.jpg,फोन,hindi
train/hindi/G_image_4417_29.jpg,पुणे,hindi
train/hindi/G_image_4417_3.jpg,एकच,hindi
train/hindi/G_image_4417_34.jpg,पुकार...,hindi
train/hindi/G_image_4417_35.jpg,मेट्रो,hindi
train/hindi/G_image_4417_39.jpg,विकास !,hindi
train/hindi/G_image_4417_43.jpg,सुंदर,hindi
train/hindi/G_image_4417_5.jpg,मेट्रो,hindi
train/hindi/G_image_4417_6.jpg,पुणे,hindi
train/hindi/G_image_4417_7.jpg,करा,hindi
train/hindi/G_image_4417_9.jpg,साकार।,hindi
train/hindi/G_image_4524_12.jpg,व्यापार,hindi
train/hindi/G_image_4524_4.jpg,"महाविद्यालय,",hindi
train/hindi/G_image_4524_6.jpg,हार्दिक,hindi
train/hindi/G_image_4524_8.jpg,व्यापार ,hindi
train/hindi/G_image_4524_9.jpg,महाविद्यालय,hindi
train/hindi/G_image_4930_11.jpg,मार्ग,hindi
train/hindi/G_image_4930_12.jpg,राज्य,hindi
train/hindi/G_image_4930_2.jpg,परिवहन,hindi
train/hindi/G_image_4930_6.jpg,राज्य,hindi
train/hindi/G_image_4930_8.jpg,टी,hindi
train/hindi/G_image_4933_10.jpg,संस्‍कृती,hindi
train/hindi/G_image_4933_11.jpg,आनी,hindi
train/hindi/G_image_4933_12.jpg,संस्कृती,hindi
train/hindi/G_image_4933_14.jpg,कला,hindi
train/hindi/G_image_4933_15.jpg,भवन,hindi
train/hindi/G_image_5011_10.jpg,वैभव,hindi
train/hindi/G_image_5011_15.jpg,दिन,hindi
train/hindi/G_image_5011_23.jpg,इमारत,hindi
train/hindi/G_image_5011_25.jpg,श्री. छ. ,hindi
train/hindi/G_image_5011_26.jpg,प्रतापसिंह,hindi
train/hindi/G_image_5011_35.jpg,“चार,hindi
train/hindi/G_image_5011_37.jpg,नमः,hindi
train/hindi/G_image_5011_41.jpg,भवशाली,hindi
train/hindi/G_image_5011_47.jpg,सन,hindi
train/hindi/G_image_5011_48.jpg,इ.,hindi
train/hindi/G_image_5011_5.jpg,ऐतिहासिक,hindi
train/hindi/G_image_5011_58.jpg,बंगला,hindi
train/hindi/G_image_5011_59.jpg,नजर,hindi
train/hindi/G_image_5011_74.jpg,आज,hindi
train/hindi/G_image_5013_18.jpg,बापूजी,hindi
train/hindi/G_image_5013_21.jpg,महाराज,hindi
train/hindi/G_image_5013_24.jpg,प्रतापसिंह,hindi
train/hindi/G_image_5013_6.jpg,भूमिगत,hindi
train/hindi/G_image_5014_19.jpg,जन्म.,hindi
train/hindi/G_image_5014_20.jpg,ही,hindi
train/hindi/G_image_5014_9.jpg,मृत्यु,hindi
train/hindi/G_image_5015_16.jpg,राज्य,hindi
train/hindi/G_image_5015_26.jpg,पुरी,hindi
train/hindi/G_image_5015_31.jpg,दिल्ली,hindi
train/hindi/G_image_5015_34.jpg,बनारस,hindi
train/hindi/G_image_5016_14.jpg,राष्ट्रीय,hindi
train/hindi/G_image_5016_15.jpg,"स्वदेशी,",hindi
train/hindi/G_image_5016_17.jpg,स्थापना,hindi
train/hindi/G_image_5016_23.jpg,व,hindi
train/hindi/G_image_5016_4.jpg,सार्व,hindi
train/hindi/G_image_5016_40.jpg,राष्ट्रीय,hindi
train/hindi/G_image_5016_45.jpg,शिक्षण,hindi
train/hindi/G_image_5016_46.jpg,बहिष्कार,hindi
train/hindi/G_image_5016_47.jpg,‌व,hindi
train/hindi/G_image_5016_54.jpg,स्थापना,hindi
train/hindi/G_image_5016_6.jpg,व,hindi
train/hindi/G_image_5115_13.jpg,बहुत,hindi
train/hindi/G_image_5115_3.jpg,आधारू ,hindi
train/hindi/G_image_5115_4.jpg,शिवाजी,hindi
train/hindi/G_image_5115_5.jpg,स्मारक,hindi
train/hindi/G_image_5115_8.jpg,छत्रपती,hindi
train/hindi/G_image_5192_2.jpg,पूनम,hindi
train/hindi/G_image_5192_22.jpg,जंगल,hindi
train/hindi/G_image_5194_8.jpg,साथी,hindi
train/hindi/G_image_5195_4.jpg,आपदा !!!,hindi
train/hindi/G_image_5195_7.jpg,करा,hindi
train/hindi/G_image_5195_8.jpg,शुद्ध ,hindi
train/hindi/G_image_5198_4.jpg,पुणे,hindi
train/hindi/G_image_5199_14.jpg,पूनम,hindi
train/hindi/G_image_5199_15.jpg,टेक्स्टाईल्स,hindi
train/hindi/G_image_5199_30.jpg,बाटा,hindi
train/hindi/G_image_5199_8.jpg,संगीत,hindi
train/hindi/G_image_5211_0.jpg,संत,hindi
train/hindi/G_image_5211_10.jpg,शासकीय,hindi
train/hindi/G_image_5211_11.jpg,परिसर],hindi
train/hindi/G_image_5211_14.jpg,शासकीय,hindi
train/hindi/G_image_5211_18.jpg,संचालित,hindi
train/hindi/G_image_5211_3.jpg,डॉ.,hindi
train/hindi/G_image_5211_7.jpg,न्याय,hindi
train/hindi/G_image_5214_10.jpg,वद्य,hindi
train/hindi/G_image_5214_12.jpg,तारीख:- ,hindi
train/hindi/G_image_5214_16.jpg,श्री,hindi
train/hindi/G_image_5214_17.jpg,संत,hindi
train/hindi/G_image_5214_18.jpg,चोखा ,hindi
train/hindi/G_image_5214_19.jpg,सर्व,hindi
train/hindi/G_image_5214_6.jpg,व,hindi
train/hindi/G_image_5214_7.jpg,अ,hindi
train/hindi/G_image_5214_8.jpg,कार्तिक,hindi
train/hindi/G_image_5248_23.jpg,वर,hindi
train/hindi/G_image_5248_26.jpg,तुम्ही,hindi
train/hindi/G_image_5248_39.jpg,गोल,hindi
train/hindi/G_image_5382_1.jpg,प्रदर्शन,hindi
train/hindi/G_image_5382_11.jpg,निर्मितः।,hindi
train/hindi/G_image_5382_14.jpg,संस्था,hindi
train/hindi/G_image_5382_15.jpg,संस्कृतस्य,hindi
train/hindi/G_image_5382_17.jpg,स्थापना,hindi
train/hindi/G_image_5382_18.jpg,९८८८,hindi
train/hindi/G_image_5382_19.jpg,संस्थापक:,hindi
train/hindi/G_image_5382_25.jpg,भव्य,hindi
train/hindi/G_image_5382_26.jpg,प्राचीन,hindi
train/hindi/G_image_5382_7.jpg,ॐ,hindi
train/hindi/G_image_5382_8.jpg,सन,hindi
train/hindi/G_image_5444_2.jpg,भारतीय,hindi
train/hindi/G_image_5444_3.jpg,डाक,hindi
train/hindi/G_image_5789_11.jpg,मुंबई,hindi
train/hindi/G_image_5789_13.jpg,टेलिफोन,hindi
train/hindi/G_image_5789_20.jpg,ग्रँटरोड,hindi
train/hindi/G_image_5789_22.jpg,एक्सचेंज,hindi
train/hindi/G_image_5789_23.jpg,उपलब्ध.,hindi
train/hindi/G_image_5789_25.jpg,उपलब्ध.,hindi
train/hindi/G_image_5789_36.jpg,जगन्नाथ,hindi
train/hindi/G_image_5789_37.jpg,"संचालित""",hindi
train/hindi/G_image_5789_38.jpg,ट्रस्ट,hindi
train/hindi/G_image_5789_39.jpg,जगन्‍नाथ,hindi
train/hindi/G_image_5789_5.jpg,‌व,hindi
train/hindi/G_image_5789_7.jpg,आकर्षक,hindi
train/hindi/G_image_5789_8.jpg,इ.,hindi
train/hindi/G_image_5801_13.jpg,बुकिंग,hindi
train/hindi/G_image_5801_14.jpg,बुकिंग,hindi
train/hindi/G_image_5801_16.jpg,रोड,hindi
train/hindi/G_image_5801_4.jpg,आरक्षण,hindi
train/hindi/G_image_5801_6.jpg,एवं,hindi
train/hindi/G_image_5801_7.jpg,आरक्षण,hindi
train/hindi/G_image_5801_8.jpg,कार्यालय,hindi
train/hindi/G_image_5803_1.jpg,रोड,hindi
train/hindi/G_image_5803_10.jpg,कार्यालय,hindi
train/hindi/G_image_5803_11.jpg,आरक्षण,hindi
train/hindi/G_image_5803_12.jpg,बुकिंग,hindi
train/hindi/G_image_5803_15.jpg,आरक्षण,hindi
train/hindi/G_image_5803_17.jpg,बुकिंग,hindi
train/hindi/G_image_5803_2.jpg,रोड,hindi
train/hindi/G_image_5803_4.jpg,१८२,hindi
train/hindi/G_image_5803_5.jpg,एवं,hindi
train/hindi/G_image_6240_0.jpg,इन्श्योरन्स,hindi
train/hindi/G_image_6240_11.jpg,शाकाहारी-,hindi
train/hindi/G_image_6240_12.jpg,रुचकर,hindi
train/hindi/G_image_6240_13.jpg,स्वादिष्ट,hindi
train/hindi/G_image_6240_14.jpg,पदार्थ,hindi
train/hindi/G_image_6240_15.jpg,किचन,hindi
train/hindi/G_image_6240_16.jpg,संस्था,hindi
train/hindi/G_image_6240_17.jpg,सुखी,hindi
train/hindi/G_image_6240_18.jpg,अन्न,hindi
train/hindi/G_image_6240_2.jpg,कंपनी,hindi
train/hindi/G_image_6240_24.jpg,रु.,hindi
train/hindi/G_image_6240_25.jpg,रु.,hindi
train/hindi/G_image_6240_26.jpg,इडली,hindi
train/hindi/G_image_6240_3.jpg,कंपनी,hindi
train/hindi/G_image_6240_33.jpg,उपलब्ध ....,hindi
train/hindi/G_image_6240_37.jpg,रोज,hindi
train/hindi/G_image_6240_4.jpg,लिमिटेड,hindi
train/hindi/G_image_6240_40.jpg,१००/-,hindi
train/hindi/G_image_6240_42.jpg,किलो,hindi
train/hindi/G_image_6240_43.jpg,किलो,hindi
train/hindi/G_image_6240_45.jpg,उपीट-,hindi
train/hindi/G_image_6240_46.jpg,किलो,hindi
train/hindi/G_image_6240_47.jpg,किलो,hindi
train/hindi/G_image_6240_48.jpg,रु.,hindi
train/hindi/G_image_6240_49.jpg,रु.,hindi
train/hindi/G_image_6240_5.jpg,लिमिटेड,hindi
train/hindi/G_image_6240_51.jpg,भवः,hindi
train/hindi/G_image_6240_52.jpg,दाता,hindi
train/hindi/G_image_6240_53.jpg,किचन,hindi
train/hindi/G_image_6240_56.jpg,अन्न,hindi
train/hindi/G_image_6240_57.jpg,व,hindi
train/hindi/G_image_6240_58.jpg,शुद्ध,hindi
train/hindi/G_image_6240_61.jpg,बस,hindi
train/hindi/G_image_6240_62.jpg,डेक्कन,hindi
train/hindi/G_image_6240_65.jpg,नेशनल,hindi
train/hindi/G_image_6249_0.jpg,विनती,hindi
train/hindi/G_image_6249_13.jpg,फ्फ्रोन,hindi
train/hindi/G_image_6249_16.jpg,कक्ष,hindi
train/hindi/G_image_6249_21.jpg,पदार्थ,hindi
train/hindi/G_image_6249_22.jpg,आसपास,hindi
train/hindi/G_image_6249_28.jpg,जय,hindi
train/hindi/G_image_6249_29.jpg,जय,hindi
train/hindi/G_image_6249_30.jpg,श्री,hindi
train/hindi/G_image_6249_35.jpg,संस्थान,hindi
train/hindi/G_image_6249_36.jpg,पुणे.,hindi
train/hindi/G_image_6249_37.jpg,जय,hindi
train/hindi/G_image_6249_44.jpg,खाद्य,hindi
train/hindi/G_image_6249_45.jpg,अथवा,hindi
train/hindi/G_image_6249_46.jpg,वस्तु,hindi
train/hindi/G_image_6249_51.jpg,सुचना,hindi
train/hindi/G_image_6249_52.jpg,संत,hindi
train/hindi/G_image_6249_53.jpg,श्री,hindi
train/hindi/G_image_6249_54.jpg,व,hindi
train/hindi/G_image_6249_59.jpg,श्री,hindi
train/hindi/G_image_6249_60.jpg,मोबाईल,hindi
train/hindi/G_image_6249_63.jpg,व‌,hindi
train/hindi/G_image_6249_64.jpg,व,hindi
train/hindi/G_image_6249_66.jpg,अथवा,hindi
train/hindi/G_image_6529_15.jpg,रंग,hindi
train/hindi/G_image_6529_18.jpg,कलर,hindi
train/hindi/G_image_6529_19.jpg,क्लोरो,hindi
train/hindi/G_image_6529_25.jpg,फिक्सर,hindi
train/hindi/G_image_6529_26.jpg,कलर,hindi
train/hindi/G_image_6529_29.jpg,कायम,hindi
train/hindi/G_image_6529_32.jpg,पक्का,hindi
train/hindi/G_image_6529_33.jpg,रंग,hindi
train/hindi/G_image_6529_47.jpg,आमला,hindi
train/hindi/G_image_6529_8.jpg,गुलाब,hindi
train/hindi/G_image_6563_1.jpg,समुद्र,hindi
train/hindi/G_image_6563_10.jpg,औसत ,hindi
train/hindi/G_image_6563_5.jpg,डोलवली,hindi
train/hindi/G_image_6563_6.jpg,मी.,hindi
train/hindi/G_image_6563_8.jpg,ऊँचाई.-,hindi
train/hindi/G_image_6577_4.jpg,सज्‍जन,hindi
train/hindi/G_image_6875_0.jpg,पुणे,hindi
train/hindi/G_image_6875_14.jpg,व,hindi
train/hindi/G_image_6875_16.jpg,श्री,hindi
train/hindi/G_image_6875_17.jpg,मंदिर,hindi
train/hindi/G_image_6875_18.jpg,ट्रस्ट,hindi
train/hindi/G_image_6875_2.jpg,कै.,hindi
train/hindi/G_image_6875_22.jpg,सायं-५,hindi
train/hindi/G_image_6875_23.jpg,दु.,hindi
train/hindi/G_image_6875_29.jpg,श्री,hindi
train/hindi/G_image_6875_32.jpg,मंदिर,hindi
train/hindi/G_image_6875_33.jpg,ट्रस्ट,hindi
train/hindi/G_image_6875_34.jpg,गणेश,hindi
train/hindi/G_image_6875_39.jpg,सूचना,hindi
train/hindi/G_image_6875_4.jpg,अभिषेक,hindi
train/hindi/G_image_6875_47.jpg,कृपया,hindi
train/hindi/G_image_6875_48.jpg,स्वच्छ,hindi
train/hindi/G_image_6875_5.jpg,ही,hindi
train/hindi/G_image_6875_50.jpg,दुध,hindi
train/hindi/G_image_6875_59.jpg,मंदिर,hindi
train/hindi/G_image_6875_6.jpg,नम्र,hindi
train/hindi/G_image_6875_7.jpg,अभिषेक,hindi
train/hindi/G_image_6878_11.jpg,अनिल,hindi
train/hindi/G_image_6878_13.jpg,"पुणे,",hindi
train/hindi/G_image_6878_14.jpg,पुणे,hindi
train/hindi/G_image_6878_21.jpg,एस.बी.,hindi
train/hindi/G_image_6878_24.jpg,स्वच्छ,hindi
train/hindi/G_image_6878_25.jpg,सुंदर,hindi
train/hindi/G_image_6878_29.jpg,घाट,hindi
train/hindi/G_image_6878_3.jpg,क‍,hindi
train/hindi/G_image_6878_30.jpg,संगम,hindi
train/hindi/G_image_6878_33.jpg,चार,hindi
train/hindi/G_image_6878_38.jpg,श्रीमती,hindi
train/hindi/G_image_6878_4.jpg,(संगम,hindi
train/hindi/G_image_6878_40.jpg,दयाराम,hindi
train/hindi/G_image_6878_41.jpg,राजगुरु,hindi
train/hindi/G_image_6878_44.jpg,घाट,hindi
train/hindi/G_image_6878_47.jpg,क्र.,hindi
train/hindi/G_image_6878_48.jpg,प्रभाग,hindi
train/hindi/G_image_6878_49.jpg,पुणे,hindi
train/hindi/G_image_6878_5.jpg,घाट),hindi
train/hindi/G_image_6878_6.jpg,पुणे,hindi
train/hindi/G_image_6878_7.jpg,मा.,hindi
train/hindi/G_image_6880_0.jpg,प्राथमिक,hindi
train/hindi/G_image_6880_1.jpg,माध्‍यमिक,hindi
train/hindi/G_image_6880_12.jpg,दि.,hindi
train/hindi/G_image_6880_22.jpg,स्थापना,hindi
train/hindi/G_image_6880_23.jpg,२,hindi
train/hindi/G_image_6880_25.jpg,महाराष्ट्र,hindi
train/hindi/G_image_6880_27.jpg,उच्च,hindi
train/hindi/G_image_6880_30.jpg,महाविद्यालय,hindi
train/hindi/G_image_6880_31.jpg,माध्यमिक-वाणिज्य,hindi
train/hindi/G_image_6880_4.jpg,माध्यम,hindi
train/hindi/G_image_6880_5.jpg,शिशमंदिरळ,hindi
train/hindi/G_image_6880_6.jpg,पुणे,hindi
train/hindi/G_image_6880_8.jpg,गर्ल्स,hindi
train/hindi/G_image_6882_1.jpg,२५९,hindi
train/hindi/G_image_6882_3.jpg,मंदिर,hindi
train/hindi/G_image_6882_5.jpg,श्री,hindi
train/hindi/G_image_6882_6.jpg,ॐ,hindi
train/hindi/G_image_6882_9.jpg,सोमवार,hindi
train/hindi/G_image_6884_0.jpg,देव,hindi
train/hindi/G_image_6884_1.jpg,पेन्टर,hindi
train/hindi/G_image_6884_10.jpg,श्री.,hindi
train/hindi/G_image_6884_12.jpg,मा.,hindi
train/hindi/G_image_6884_13.jpg,श्री,hindi
train/hindi/G_image_6884_2.jpg,मंदिर,hindi
train/hindi/G_image_6884_4.jpg,श्री,hindi
train/hindi/G_image_6884_5.jpg,ऊँ,hindi
train/hindi/G_image_6884_9.jpg,सुहास,hindi
train/hindi/G_image_6904_10.jpg,१८८/९०/९९,hindi
train/hindi/G_image_6904_11.jpg,गुरूवार,hindi
train/hindi/G_image_6904_2.jpg,४२,hindi
train/hindi/G_image_6904_6.jpg,श्रा,hindi
train/hindi/G_image_6904_8.jpg,उत्सव,hindi
train/hindi/G_image_6908_2.jpg,भायखला,hindi
train/hindi/G_image_6908_5.jpg,भायखला,hindi
train/hindi/G_image_6915_10.jpg,स्टेशन,hindi
train/hindi/G_image_6915_17.jpg,की.,hindi
train/hindi/G_image_6915_20.jpg,पो.स्टे.,hindi
train/hindi/G_image_6915_21.jpg,कक्ष,hindi
train/hindi/G_image_6915_4.jpg,क्र.,hindi
train/hindi/G_image_6915_6.jpg,अंतर,hindi
train/hindi/G_image_6915_8.jpg,जि.,hindi
train/hindi/G_image_6916_0.jpg,पर्व,hindi
train/hindi/G_image_6916_2.jpg,मंदिर,hindi
train/hindi/G_image_6916_3.jpg,संस्थान,hindi
train/hindi/G_image_6933_1.jpg,पुणे,hindi
train/hindi/G_image_6933_10.jpg,संग्रहालय,hindi
train/hindi/G_image_6933_17.jpg,फोन,hindi
train/hindi/G_image_6933_18.jpg,स्थापना,hindi
train/hindi/G_image_6933_2.jpg,हरीत,hindi
train/hindi/G_image_6933_21.jpg,संग्रहालय,hindi
train/hindi/G_image_6933_22.jpg,वस्तु,hindi
train/hindi/G_image_6933_23.jpg,महात्मा ,hindi
train/hindi/G_image_6933_28.jpg,सौ.,hindi
train/hindi/G_image_6933_3.jpg,पुणे ,hindi
train/hindi/G_image_6933_30.jpg,सुंदर,hindi
train/hindi/G_image_6933_32.jpg,महात्मा,hindi
train/hindi/G_image_6933_7.jpg,अशोक,hindi
train/hindi/G_image_6933_8.jpg,महात्मा,hindi
train/hindi/G_image_6933_9.jpg,वस्तु,hindi
train/hindi/G_image_6960_1.jpg,से‍,hindi
train/hindi/G_image_6960_11.jpg,स्वचालित,hindi
train/hindi/G_image_6960_3.jpg,०६ः००,hindi
train/hindi/G_image_6960_8.jpg,सीढियां,hindi
train/hindi/G_image_7392_10.jpg,सकते,hindi
train/hindi/G_image_7392_12.jpg,सुबह,hindi
train/hindi/G_image_7392_13.jpg,से,hindi
train/hindi/G_image_7392_27.jpg,से‍,hindi
train/hindi/G_image_7392_29.jpg,बजेतक,hindi
train/hindi/G_image_7392_3.jpg,७,hindi
train/hindi/G_image_7392_31.jpg,सभी,hindi
train/hindi/G_image_7392_32.jpg,यात्री,hindi
train/hindi/G_image_7392_35.jpg,बजे,hindi
train/hindi/G_image_7392_36.jpg,तक,hindi
train/hindi/G_image_7392_37.jpg,यात्रा,hindi
train/hindi/G_image_7392_5.jpg,के,hindi
train/hindi/G_image_7392_53.jpg,हैं।,hindi
train/hindi/G_image_7392_56.jpg,रात,hindi
train/hindi/G_image_7392_57.jpg,सुबह,hindi
train/hindi/G_image_7392_58.jpg,महिलाओं,hindi
train/hindi/G_image_7392_59.jpg,लिये,hindi
train/hindi/G_image_7392_6.jpg,केवल,hindi
train/hindi/G_image_7392_63.jpg,रात्री,hindi
train/hindi/G_image_7392_74.jpg,पहला,hindi
train/hindi/G_image_7392_75.jpg,वर्ग,hindi
train/hindi/G_image_7392_76.jpg,प्रथम,hindi
train/hindi/G_image_7392_9.jpg,कर,hindi
train/hindi/G_image_7640_4.jpg,भारतीय,hindi
train/hindi/G_image_7823_0.jpg,श्री,hindi
train/hindi/G_image_7823_5.jpg,प्रेमचंद,hindi
train/hindi/G_image_7934_0.jpg,श्रीदेव,hindi
train/hindi/G_image_7934_2.jpg,संस्थान,hindi
train/hindi/G_image_8020_0.jpg,सौ,hindi
train/hindi/G_image_8020_1.jpg,महासंघ,hindi
train/hindi/G_image_8020_10.jpg,जय,hindi
train/hindi/G_image_8020_11.jpg,स्थापना,hindi
train/hindi/G_image_8020_12.jpg,संत,hindi
train/hindi/G_image_8020_13.jpg,श्रेष्ठ,hindi
train/hindi/G_image_8020_14.jpg,श्री,hindi
train/hindi/G_image_8020_15.jpg,ज्ञानेश्वर,hindi
train/hindi/G_image_8020_16.jpg,महाराज,hindi
train/hindi/G_image_8020_20.jpg,श्री,hindi
train/hindi/G_image_8020_21.jpg,तुम्ही,hindi
train/hindi/G_image_8020_22.jpg,आज,hindi
train/hindi/G_image_8020_23.jpg,धर्म,hindi
train/hindi/G_image_8020_24.jpg,धर्मो,hindi
train/hindi/G_image_8020_25.jpg,स्वागत,hindi
train/hindi/G_image_8020_26.jpg,महानगरपालिका,hindi
train/hindi/G_image_8020_27.jpg,पुणे,hindi
train/hindi/G_image_8020_31.jpg,नं.,hindi
train/hindi/G_image_8020_32.jpg,रजि,hindi
train/hindi/G_image_8020_35.jpg,सर्व,hindi
train/hindi/G_image_8020_4.jpg,नथुराम,hindi
train/hindi/G_image_8020_40.jpg,श्री.,hindi
train/hindi/G_image_8020_6.jpg,स्व.,hindi
train/hindi/G_image_8020_9.jpg,महाराष्‍ट्र,hindi
train/hindi/G_image_8021_0.jpg,विश्वनाथ,hindi
train/hindi/G_image_8021_12.jpg,स्व.,hindi
train/hindi/G_image_8021_18.jpg,शुज,hindi
train/hindi/G_image_8021_19.jpg,मार,hindi
train/hindi/G_image_8021_22.jpg,हितेश,hindi
train/hindi/G_image_8021_26.jpg,सुचक,hindi
train/hindi/G_image_8021_7.jpg,सहर्ष,hindi
train/hindi/G_image_8021_8.jpg,स्वागत,hindi
train/hindi/G_image_8730_11.jpg,वडा...,hindi
train/hindi/G_image_8730_13.jpg,"तडका,",hindi
train/hindi/G_image_8730_19.jpg,वडा...,hindi
train/hindi/G_image_8730_3.jpg,पनीर,hindi
train/hindi/G_image_8730_4.jpg,टिक्की,hindi
train/hindi/G_image_8730_7.jpg,क्लासिक,hindi
train/hindi/G_image_8779_1.jpg,पो.,hindi
train/hindi/G_image_8779_10.jpg,ता,hindi
train/hindi/G_image_8779_2.jpg,वि‍,hindi
train/hindi/G_image_8779_3.jpg,सेवा,hindi
train/hindi/G_image_8779_4.jpg,सह,hindi
train/hindi/G_image_8779_8.jpg,का,hindi
train/hindi/G_image_8779_9.jpg,ग्रुप,hindi
train/hindi/G_image_8781_10.jpg,रोजगार,hindi
train/hindi/G_image_8781_11.jpg,जवाहर,hindi
train/hindi/G_image_8781_13.jpg,पंचायत,hindi
train/hindi/G_image_8781_14.jpg,ग्राम,hindi
train/hindi/G_image_8781_16.jpg,कार्यालय,hindi
train/hindi/G_image_8781_18.jpg,प्रशासन,hindi
train/hindi/G_image_8781_20.jpg,क्रमांक,hindi
train/hindi/G_image_8781_28.jpg,करा,hindi
train/hindi/G_image_8781_29.jpg,रोजगार,hindi
train/hindi/G_image_8781_30.jpg,राष्ट्रीय,hindi
train/hindi/G_image_8781_35.jpg,संतुलन,hindi
train/hindi/G_image_8781_36.jpg,पर्यावरण,hindi
train/hindi/G_image_8781_38.jpg,ग्रामीण,hindi
train/hindi/G_image_8781_40.jpg,ग्रामीण,hindi
train/hindi/G_image_8781_41.jpg,रोजगार ,hindi
train/hindi/G_image_8781_43.jpg,योजना.,hindi
train/hindi/G_image_8781_49.jpg,काम,hindi
train/hindi/G_image_8781_50.jpg,दाम।,hindi
train/hindi/G_image_8781_58.jpg,सनः,hindi
train/hindi/G_image_8781_61.jpg,कार्यालय,hindi
train/hindi/G_image_9064_5.jpg,च,hindi
train/hindi/G_image_9064_6.jpg,पद्मनाभं,hindi
train/hindi/G_image_9066_2.jpg,स्मारक,hindi
train/hindi/G_image_9408_11.jpg,शाखा,hindi
train/hindi/G_image_9408_14.jpg,डिजीटल,hindi
train/hindi/G_image_9408_24.jpg,वार्ड,hindi
train/hindi/G_image_9408_26.jpg,अध्यक्ष,hindi
train/hindi/G_image_9408_28.jpg,से,hindi
train/hindi/G_image_9408_3.jpg,सेना,hindi
train/hindi/G_image_9408_31.jpg,श्रीरंग,hindi
train/hindi/G_image_9408_4.jpg,संघ,hindi
train/hindi/G_image_9408_6.jpg,हार्दिक,hindi
train/hindi/G_image_9408_9.jpg,‍व,hindi
train/hindi/G_image_9409_19.jpg,प्रतिष्ठान,hindi
train/hindi/G_image_9409_2.jpg,व,hindi
train/hindi/G_image_9409_21.jpg,सेना,hindi
train/hindi/G_image_9409_27.jpg,एकनाथ,hindi
train/hindi/G_image_9409_29.jpg,अध्यक्ष,hindi
train/hindi/G_image_9409_31.jpg,से,hindi
train/hindi/G_image_9409_33.jpg,वार्ड,hindi
train/hindi/G_image_9409_34.jpg,अभिनंदन,hindi
train/hindi/G_image_9409_4.jpg,शाखा,hindi
train/hindi/G_image_9409_5.jpg,उद्घाटन,hindi
train/hindi/G_image_9475_1.jpg,प्रवेश,hindi
train/hindi/G_image_9475_10.jpg,माता,hindi
train/hindi/G_image_9475_11.jpg,श्री,hindi
train/hindi/G_image_9475_12.jpg,दान,hindi
train/hindi/G_image_9475_13.jpg,श्री,hindi
train/hindi/G_image_9475_14.jpg,भैरी,hindi
train/hindi/G_image_9475_15.jpg,श्री,hindi
train/hindi/G_image_9475_16.jpg,महालक्ष्मी,hindi
train/hindi/G_image_9475_3.jpg,व,hindi
train/hindi/G_image_9475_4.jpg,कृपया,hindi
train/hindi/G_image_9475_6.jpg,विनम्र,hindi
train/hindi/G_image_9475_8.jpg,पेटी,hindi
train/hindi/G_image_9475_9.jpg,भवानी,hindi
train/hindi/G_image_9476_3.jpg,महागौरी,hindi
train/hindi/G_image_9476_5.jpg,दद्यादेवी,hindi
train/hindi/G_image_9476_6.jpg,शुभं,hindi
train/hindi/G_image_9481_1.jpg,विनम्र,hindi
train/hindi/G_image_9481_12.jpg,प्रवेश,hindi
train/hindi/G_image_9481_15.jpg,श्री,hindi
train/hindi/G_image_9481_17.jpg,जाई,hindi
train/hindi/G_image_9481_18.jpg,माता,hindi
train/hindi/G_image_9481_19.jpg,श्री,hindi
train/hindi/G_image_9481_21.jpg,माला,hindi
train/hindi/G_image_9481_22.jpg,श्री,hindi
train/hindi/G_image_9481_23.jpg,कालिका,hindi
train/hindi/G_image_9481_26.jpg,कृपया,hindi
train/hindi/G_image_9651_0.jpg,एक्ज़िम,hindi
train/hindi/G_image_9651_1.jpg,बैंक,hindi
train/hindi/G_image_9651_13.jpg,मनुष्य,hindi
train/hindi/G_image_9651_9.jpg,पुण,hindi
train/hindi/G_image_9706_1.jpg,संपन्न,hindi
train/hindi/G_image_9706_10.jpg,सौ.,hindi
train/hindi/G_image_9706_12.jpg,मा.,hindi
train/hindi/G_image_9706_14.jpg,अरविंद,hindi
train/hindi/G_image_9706_17.jpg,म.न.पा.,hindi
train/hindi/G_image_9706_18.jpg,पुणे,hindi
train/hindi/G_image_9706_21.jpg,उद्घाटन,hindi
train/hindi/G_image_9706_25.jpg,महानगरपालिका,hindi
train/hindi/G_image_9706_27.jpg,पुणे,hindi
train/hindi/G_image_9706_28.jpg,जी.,hindi
train/hindi/G_image_9706_3.jpg,दि.,hindi
train/hindi/G_image_9706_30.jpg,पी.,hindi
train/hindi/G_image_9706_32.jpg,ओ.,hindi
train/hindi/G_image_9706_37.jpg,स्टोन,hindi
train/hindi/G_image_9706_39.jpg,राव,hindi
train/hindi/G_image_9706_4.jpg,शुक्रवार,hindi
train/hindi/G_image_9706_40.jpg,सौरभ,hindi
train/hindi/G_image_9706_42.jpg,संकल्पना,hindi
train/hindi/G_image_9706_44.jpg,प्रमुख,hindi
train/hindi/G_image_9706_46.jpg,श्रीमती,hindi
train/hindi/G_image_9706_47.jpg,स्थानिक,hindi
train/hindi/G_image_9706_49.jpg,राजगुरु,hindi
train/hindi/G_image_9706_51.jpg,(आय) ,hindi
train/hindi/G_image_9706_52.jpg,स्थानिक,hindi
train/hindi/G_image_9706_53.jpg,नगरसेवक,hindi
train/hindi/G_image_9706_55.jpg,श्री.,hindi
train/hindi/G_image_9706_56.jpg,प्रदिप,hindi
train/hindi/G_image_9706_8.jpg,चांदबी,hindi
train/hindi/G_image_9706_9.jpg,स्थानिक,hindi
train/hindi/G_image_9914_0.jpg,उद्घाटन,hindi
train/hindi/G_image_9914_10.jpg,तथा,hindi
train/hindi/G_image_9914_11.jpg,गंगाधर,hindi
train/hindi/G_image_9914_13.jpg,शनिवार,hindi
train/hindi/G_image_9914_14.jpg,दि,hindi
train/hindi/G_image_9914_17.jpg,श्री,hindi
train/hindi/G_image_9914_21.jpg,आयुक्त,hindi
train/hindi/G_image_9914_34.jpg,नारायण,hindi
train/hindi/G_image_9914_38.jpg,जयराम,hindi
train/hindi/G_image_9914_4.jpg,"रावत,",hindi
train/hindi/G_image_9914_40.jpg,श्री.,hindi
train/hindi/G_image_9914_42.jpg,रवासदार,hindi
train/hindi/G_image_9914_49.jpg,मा.,hindi
train/hindi/G_image_9914_6.jpg,विश्वनाथ,hindi
train/hindi/G_image_9914_7.jpg,अरविंद,hindi
train/hindi/G_image_9914_8.jpg,श्री.,hindi
train/hindi/G_image_9924_55.jpg,भाग,hindi
train/hindi/G_image_9926_26.jpg,चालू,hindi
train/hindi/G_image_9926_27.jpg,काम,hindi
train/hindi/G_image_9926_61.jpg,पूताई,hindi
train/hindi/G_image_9927_1.jpg,७,hindi
train/hindi/G_image_9927_13.jpg,पार्क,hindi
train/hindi/G_image_9927_15.jpg,महानगरपालिका,hindi
train/hindi/G_image_9927_18.jpg,निवेदन,hindi
train/hindi/G_image_9927_22.jpg,नदी,hindi
train/hindi/G_image_9927_27.jpg,निवेदन,hindi
train/hindi/G_image_9927_29.jpg,३०,hindi
train/hindi/G_image_9927_3.jpg,जून,hindi
train/hindi/G_image_9927_5.jpg,तीन/,hindi
train/hindi/G_image_9927_6.jpg,चार,hindi
train/hindi/G_image_9933_17.jpg,प्रवेश,hindi
train/hindi/G_image_9933_18.jpg,तक,hindi
train/hindi/G_image_9933_19.jpg,सीमित,hindi
train/hindi/G_image_9933_20.jpg,है।,hindi
train/hindi/G_image_9933_21.jpg,मेहमानों/,hindi
train/hindi/G_image_9933_22.jpg,गेस्ट,hindi
train/hindi/G_image_9933_23.jpg,हाऊस,hindi
train/hindi/G_image_9933_24.jpg,परिसर,hindi
train/hindi/G_image_9933_25.jpg,आवागमन,hindi
train/hindi/G_image_9933_26.jpg,का,hindi
train/hindi/G_image_9933_28.jpg,और,hindi
train/hindi/G_image_9933_29.jpg,गेस्ट,hindi
train/hindi/G_image_9933_30.jpg,मार्ग,hindi
train/hindi/G_image_9933_31.jpg,नहीं,hindi
train/hindi/G_image_9933_32.jpg,है।,hindi
train/hindi/G_image_9933_34.jpg,के‍,hindi
train/hindi/G_image_9933_35.jpg,हेरिटेज,hindi
train/hindi/G_image_9933_36.jpg,गेस्ट,hindi
train/hindi/G_image_9933_38.jpg,अभ्यागत,hindi
train/hindi/G_image_9933_39.jpg,अतिथि/,hindi
train/hindi/G_image_9933_42.jpg,प्रवेश,hindi
train/hindi/G_image_9933_45.jpg,हाऊस,hindi
train/hindi/G_image_9933_49.jpg,हेरिटेज,hindi
train/hindi/G_image_9933_53.jpg,परिसर,hindi
train/hindi/G_image_9933_54.jpg,क्षेत्र,hindi
train/hindi/G_image_9933_55.jpg,हेरिटेज,hindi
train/hindi/G_image_9933_56.jpg,हेरिटेज,hindi
train/hindi/G_image_9933_57.jpg,गेस्ट,hindi
train/hindi/G_image_9933_58.jpg,हाऊस,hindi
train/hindi/G_image_9933_59.jpg,हाऊस,hindi
train/hindi/G_image_9933_60.jpg,गेस्ट,hindi
train/hindi/G_image_9933_61.jpg,हाऊस,hindi
train/hindi/G_image_9933_62.jpg,गेस्ट,hindi
train/hindi/G_image_9933_63.jpg,कर्मचारी,hindi
train/hindi/G_image_9933_65.jpg,काम,hindi
train/hindi/G_image_9933_67.jpg,में,hindi
train/hindi/G_image_9933_69.jpg,में,hindi
train/hindi/G_image_9933_71.jpg,कर्मचारियों,hindi
train/hindi/G_image_9939_0.jpg,ॐकारेश्वर,hindi
train/hindi/G_image_9939_1.jpg,मंदिर,hindi
train/hindi/G_image_9939_12.jpg,उत्कृष्ठ,hindi
train/hindi/G_image_9939_14.jpg,संरक्षित,hindi
train/hindi/G_image_9939_21.jpg,खर्च,hindi
train/hindi/G_image_9939_26.jpg,१७३६,hindi
train/hindi/G_image_9939_30.jpg,ॐकारेश्वर,hindi
train/hindi/G_image_9939_32.jpg,वास्तु,hindi
train/hindi/G_image_9939_36.jpg,मंदिर,hindi
train/hindi/G_image_9939_37.jpg,मंदिर,hindi
train/hindi/G_image_9939_39.jpg,मंदिर,hindi
train/hindi/G_image_9939_40.jpg,गुरु,hindi
train/hindi/G_image_9939_43.jpg,(ऐतिहासिक,hindi
train/hindi/G_image_9939_50.jpg,स.,hindi
train/hindi/G_image_9939_59.jpg,मंदिर,hindi
train/hindi/G_image_9939_6.jpg,करून,hindi
train/hindi/G_image_9939_60.jpg,ऐतिहासिक,hindi
train/hindi/G_image_9939_8.jpg,शिल्प,hindi
train/hindi/G_image_9940_14.jpg,"के.सी.बी.,",hindi
train/hindi/G_image_9940_15.jpg,सी.एम.जी.,hindi
train/hindi/G_image_9940_16.jpg,फ्रेडरिक्,hindi
train/hindi/G_image_9940_17.jpg,सर ,hindi
train/hindi/G_image_9940_24.jpg,२०,hindi
train/hindi/G_image_9940_3.jpg,आय,hindi
train/hindi/G_image_9940_33.jpg,महाराज,hindi
train/hindi/G_image_9940_36.jpg,महाराज,hindi
train/hindi/G_image_9940_40.jpg,रुपये,hindi
train/hindi/G_image_9940_41.jpg,ही,hindi
train/hindi/G_image_9940_43.jpg,स्मारक,hindi
train/hindi/G_image_9940_45.jpg,श्री,hindi
train/hindi/G_image_9940_46.jpg,भारत ,hindi
train/hindi/G_image_9940_48.jpg,"जी.बी.ई.,",hindi
train/hindi/G_image_9940_53.jpg,व,hindi
train/hindi/G_image_9940_57.jpg,राजाराम,hindi
train/hindi/G_image_9940_58.jpg,सर,hindi
train/hindi/G_image_9940_60.jpg,अध्यक्ष:-,hindi
train/hindi/G_image_9940_65.jpg,शाहू,hindi
train/hindi/G_image_9940_7.jpg,एल,hindi
train/hindi/G_image_9940_70.jpg,इमारत,hindi
train/hindi/G_image_9940_72.jpg,आयु,hindi
train/hindi/G_image_9940_73.jpg,एस्.,hindi
train/hindi/G_image_9940_76.jpg,सी,hindi
train/hindi/G_image_9940_77.jpg,ई.,hindi
train/hindi/G_image_9940_79.jpg,एम.,hindi
train/hindi/G_image_9940_80.jpg,"नगताप,",hindi
train/hindi/G_image_9940_81.jpg,पी,hindi
train/hindi/G_image_9940_82.jpg,बी.,hindi
train/hindi/G_image_9940_9.jpg,एस.,hindi
train/hindi/G_image_9942_1.jpg,कालीन,hindi
train/hindi/G_image_9942_14.jpg,योगी,hindi
train/hindi/G_image_9942_2.jpg,संत,hindi
train/hindi/G_image_9942_22.jpg,बाबा,hindi
train/hindi/G_image_9942_23.jpg,देवजी,hindi
train/hindi/G_image_9942_24.jpg,संत,hindi
train/hindi/G_image_9942_25.jpg,श्री,hindi
train/hindi/G_image_9942_27.jpg,या‍,hindi
train/hindi/G_image_9942_28.jpg,माघ,hindi
train/hindi/G_image_9942_3.jpg,श्री,hindi
train/hindi/G_image_9942_32.jpg,सन,hindi
train/hindi/G_image_9942_35.jpg,समाधी,hindi
train/hindi/G_image_9942_37.jpg,महान,hindi
train/hindi/G_image_9942_38.jpg,देवजीबाबा,hindi
train/hindi/G_image_9942_4.jpg,तपस्वी,hindi
train/hindi/G_image_9942_43.jpg,पुण्यात्मा,hindi
train/hindi/G_image_9942_6.jpg,या‍,hindi
train/hindi/G_image_9942_9.jpg,श्री,hindi
train/hindi/G_image_9943_1.jpg,तीर्थरूप,hindi
train/hindi/G_image_9943_10.jpg,भास्कर,hindi
train/hindi/G_image_9943_11.jpg,स्तूप ,hindi
train/hindi/G_image_9943_14.jpg,समाधी ,hindi
train/hindi/G_image_9943_16.jpg,श्री,hindi
train/hindi/G_image_9943_17.jpg,तीर्थरूप,hindi
train/hindi/G_image_9943_23.jpg,पुण्य,hindi
train/hindi/G_image_9943_29.jpg,स्तूप,hindi
train/hindi/G_image_9943_9.jpg,व‌,hindi
train/hindi/H_image_1068_0.jpg,सत्य,hindi
train/hindi/H_image_109_3.jpg,कक्ष,hindi
train/hindi/H_image_109_4.jpg,देखभाल,hindi
train/hindi/H_image_109_5.jpg,शिशु,hindi
train/hindi/H_image_1287_0.jpg,जाता,hindi
train/hindi/H_image_1287_1.jpg,डेकोरेशन,hindi
train/hindi/H_image_1287_10.jpg,क्लाथ,hindi
train/hindi/H_image_1287_11.jpg,लिया,hindi
train/hindi/H_image_1287_2.jpg,शुद्ध,hindi
train/hindi/H_image_1287_3.jpg,शाकाहारी,hindi
train/hindi/H_image_1287_4.jpg,भोजनालय,hindi
train/hindi/H_image_1287_5.jpg,अम्बे,hindi
train/hindi/H_image_1287_6.jpg,शुदू,hindi
train/hindi/H_image_1287_7.jpg,दुर्गा ,hindi
train/hindi/H_image_1287_8.jpg,टेन्ट,hindi
train/hindi/H_image_1287_9.jpg,शाकाहारी,hindi
train/hindi/H_image_1368_0.jpg,सरकार,hindi
train/hindi/H_image_1368_1.jpg,भारत,hindi
train/hindi/H_image_1368_19.jpg,एवं,hindi
train/hindi/H_image_1368_2.jpg,मंत्रालय,hindi
train/hindi/H_image_1368_21.jpg,क्षेत्रीय,hindi
train/hindi/H_image_1368_24.jpg,"असम,",hindi
train/hindi/H_image_1368_6.jpg,का,hindi
train/hindi/H_image_1368_7.jpg,मुख्य,hindi
train/hindi/H_image_1399_2.jpg,कक्ष,hindi
train/hindi/H_image_1399_3.jpg,देखभाल,hindi
train/hindi/H_image_1399_4.jpg,शिशु,hindi
train/hindi/H_image_1658_2.jpg,उपाध्याय,hindi
train/hindi/H_image_1658_26.jpg,जन्म,hindi
train/hindi/H_image_1658_27.jpg,शताब्दी,hindi
train/hindi/H_image_1658_28.jpg,वर्ष,hindi
train/hindi/H_image_1658_3.jpg,दीनदयाल,hindi
train/hindi/H_image_1658_4.jpg,पंडित,hindi
train/hindi/H_image_1699_1.jpg,मणिपुर,hindi
train/hindi/H_image_1737_11.jpg,बोर्डिंग,hindi
train/hindi/H_image_1737_14.jpg,द्वार,hindi
train/hindi/H_image_1737_17.jpg,शिशु,hindi
train/hindi/H_image_1737_18.jpg,देखभाल,hindi
train/hindi/H_image_1737_19.jpg,कक्ष,hindi
train/hindi/H_image_1737_2.jpg,पानी,hindi
train/hindi/H_image_1737_3.jpg,‍का‍,hindi
train/hindi/H_image_1737_4.jpg,पीने,hindi
train/hindi/H_image_1737_7.jpg,प्रसाधन,hindi
train/hindi/H_image_180_11.jpg,डाक,hindi
train/hindi/H_image_180_12.jpg,घर,hindi
train/hindi/H_image_180_15.jpg,टी.,hindi
train/hindi/H_image_180_16.jpg,आर.,hindi
train/hindi/H_image_180_21.jpg,डाक,hindi
train/hindi/H_image_180_27.jpg,टर्मिनल,hindi
train/hindi/H_image_180_3.jpg,प्रबन्धक,hindi
train/hindi/H_image_180_5.jpg,स्टाल,hindi
train/hindi/H_image_691_3.jpg,इन्फाल,hindi
train/hindi/H_image_691_4.jpg,प्राधिकरण,hindi
train/hindi/H_image_691_7.jpg,भारतीय,hindi
train/hindi/H_image_691_8.jpg,विमानपत्तन,hindi
train/hindi/H_image_691_9.jpg,हवाई,hindi
train/hindi/H_image_76_0.jpg,पेटी,hindi
train/hindi/H_image_76_1.jpg,दान,hindi
train/hindi/I_image_100_2.jpg,छत्नपुर,hindi
train/hindi/I_image_105_0.jpg,मध्य,hindi
train/hindi/I_image_105_11.jpg,शयनयान,hindi
train/hindi/I_image_105_16.jpg,ग्राहकों,hindi
train/hindi/I_image_105_17.jpg,लिए,hindi
train/hindi/I_image_105_18.jpg,दर,hindi
train/hindi/I_image_105_2.jpg,कॉल,hindi
train/hindi/I_image_105_3.jpg,के,hindi
train/hindi/I_image_105_4.jpg,नए,hindi
train/hindi/I_image_105_5.jpg,चिलिका,hindi
train/hindi/I_image_115_5.jpg,स्थान,hindi
train/hindi/I_image_12_16.jpg,नालको,hindi
train/hindi/I_image_12_38.jpg,इंडियन ऑयल,hindi
train/hindi/I_image_12_39.jpg,इंडियनऑयल,hindi
train/hindi/I_image_12_4.jpg,इण्डिया,hindi
train/hindi/I_image_12_40.jpg,कोल,hindi
train/hindi/I_image_120_2.jpg,पुरी,hindi
train/hindi/I_image_120_32.jpg,सडिकेटबैंक,hindi
train/hindi/I_image_121_1.jpg,मुहँ,hindi
train/hindi/I_image_121_4.jpg,धउलि,hindi
train/hindi/I_image_122_2.jpg,धउलि,hindi
train/hindi/I_image_130_0.jpg,भुवने,hindi
train/hindi/I_image_130_24.jpg,सत्यमेव,hindi
train/hindi/I_image_130_25.jpg,जयते,hindi
train/hindi/I_image_130_28.jpg,लिए,hindi
train/hindi/I_image_130_29.jpg,के,hindi
train/hindi/I_image_130_30.jpg,पर,hindi
train/hindi/I_image_130_31.jpg,तेल,hindi
train/hindi/I_image_130_32.jpg,पोर्ट,hindi
train/hindi/I_image_130_33.jpg,पारादीप,hindi
train/hindi/I_image_130_34.jpg,द्वारा‍,hindi
train/hindi/I_image_130_35.jpg,एल,hindi
train/hindi/I_image_130_36.jpg,आर,hindi
train/hindi/I_image_130_37.jpg,एन,hindi
train/hindi/I_image_130_38.jpg,लिमिटेड,hindi
train/hindi/I_image_130_39.jpg,रिफाइनरी,hindi
train/hindi/I_image_130_40.jpg,नुमालीगढ़,hindi
train/hindi/I_image_130_41.jpg,लिमिटेड,hindi
train/hindi/I_image_130_42.jpg,कॉर्पोरेशन,hindi
train/hindi/I_image_130_43.jpg,ऑयल,hindi
train/hindi/I_image_130_44.jpg,इंडियन,hindi
train/hindi/I_image_130_45.jpg,ट्रस्ट,hindi
train/hindi/I_image_130_47.jpg,पत्र,hindi
train/hindi/I_image_130_48.jpg,सहमति,hindi
train/hindi/I_image_130_6.jpg,आयात‌,hindi
train/hindi/I_image_130_61.jpg,पर‌,hindi
train/hindi/I_image_130_62.jpg,कच्चे,hindi
train/hindi/I_image_130_63.jpg,के‌,hindi
train/hindi/I_image_130_69.jpg,अप्रैल,hindi
train/hindi/I_image_130_7.jpg,हस्ताक्षर,hindi
train/hindi/I_image_131_1.jpg,फाउंडेशन,hindi
train/hindi/I_image_131_75.jpg,इंडियनऑयल,hindi
train/hindi/I_image_132_10.jpg,जयते,hindi
train/hindi/I_image_132_21.jpg,जयते,hindi
train/hindi/I_image_132_45.jpg,सत्यमेव,hindi
train/hindi/I_image_132_56.jpg,सत्यमेव,hindi
train/hindi/I_image_142_3.jpg,ढे़कानाल,hindi
train/hindi/I_image_15_6.jpg,आयुर्विज्ञान,hindi
train/hindi/I_image_15_7.jpg,भुवनेश्वर,hindi
train/hindi/I_image_15_8.jpg,अखि‍ल,hindi
train/hindi/I_image_15_9.jpg,भारतीय,hindi
train/hindi/I_image_157_5.jpg,गंजाम,hindi
train/hindi/I_image_158_2.jpg,गंजाम,hindi
train/hindi/I_image_159_2.jpg,गंजाम,hindi
train/hindi/I_image_16_10.jpg,संस्थान,hindi
train/hindi/I_image_16_11.jpg,अखिल,hindi
train/hindi/I_image_16_12.jpg,भुवनेश्वर,hindi
train/hindi/I_image_16_8.jpg,आयुर्विज्ञान,hindi
train/hindi/I_image_16_9.jpg,भारतीय,hindi
train/hindi/I_image_161_2.jpg,गोलबाई ,hindi
train/hindi/I_image_162_3.jpg,गंगाधरपुर,hindi
train/hindi/I_image_163_1.jpg,गोलन्थ्रा,hindi
train/hindi/I_image_164_1.jpg,गोलन्थ्रा,hindi
train/hindi/I_image_165_25.jpg,इंडिया,hindi
train/hindi/I_image_165_29.jpg,सहारा,hindi
train/hindi/I_image_17_4.jpg,भुवनेश्वर,hindi
train/hindi/I_image_17_5.jpg,आयुर्विज्ञान,hindi
train/hindi/I_image_17_6.jpg,अखिल,hindi
train/hindi/I_image_17_8.jpg,भारतीय,hindi
train/hindi/I_image_17_9.jpg,संस्थान‌,hindi
train/hindi/I_image_177_0.jpg,शाखा,hindi
train/hindi/I_image_177_1.jpg,टेम्पल्,hindi
train/hindi/I_image_177_13.jpg,भारतीय,hindi
train/hindi/I_image_177_14.jpg,बैंक,hindi
train/hindi/I_image_177_15.jpg,रोड,hindi
train/hindi/I_image_177_2.jpg,स्‍टेट,hindi
train/hindi/I_image_178_10.jpg,शाखा,hindi
train/hindi/I_image_178_11.jpg,टेम्पल्,hindi
train/hindi/I_image_178_12.jpg,स्‍टेट,hindi
train/hindi/I_image_178_16.jpg,भारतीय,hindi
train/hindi/I_image_178_17.jpg,बैंक,hindi
train/hindi/I_image_178_18.jpg,रोड,hindi
train/hindi/I_image_182_1.jpg,हुम्मा,hindi
train/hindi/I_image_183_3.jpg,हुम्मा,hindi
train/hindi/I_image_183_7.jpg,हुम्मा,hindi
train/hindi/I_image_19_1.jpg,अरगुल,hindi
train/hindi/I_image_19_4.jpg,पा.ह.,hindi
train/hindi/I_image_194_14.jpg,इण्डियन,hindi
train/hindi/I_image_194_18.jpg,बैंक,hindi
train/hindi/I_image_194_6.jpg,दशरथपुर ,hindi
train/hindi/I_image_194_7.jpg,ओवरसीज,hindi
train/hindi/I_image_194_9.jpg,शाखा‍,hindi
train/hindi/I_image_197_9.jpg,जगन्नाथपुर,hindi
train/hindi/I_image_198_10.jpg,इत्यादि,hindi
train/hindi/I_image_198_11.jpg,विष्फोटक,hindi
train/hindi/I_image_198_12.jpg,मोबाइल,hindi
train/hindi/I_image_198_13.jpg,"क्यामेरा,",hindi
train/hindi/I_image_198_14.jpg,सामग्रियों,hindi
train/hindi/I_image_198_15.jpg,चमडेकी,hindi
train/hindi/I_image_198_16.jpg,ज़ुता,hindi
train/hindi/I_image_198_17.jpg,करसकते,hindi
train/hindi/I_image_198_18.jpg,श्रीजगन्नाथ,hindi
train/hindi/I_image_198_45.jpg,हिन्दु,hindi
train/hindi/I_image_198_46.jpg,मन्दिर,hindi
train/hindi/I_image_198_47.jpg,प्रवेश,hindi
train/hindi/I_image_198_48.jpg,हें,hindi
train/hindi/I_image_198_49.jpg,चपल,hindi
train/hindi/I_image_198_50.jpg,वाहारकी,hindi
train/hindi/I_image_198_51.jpg,खाना,hindi
train/hindi/I_image_198_52.jpg,मादक,hindi
train/hindi/I_image_198_53.jpg,"द्रब्य,",hindi
train/hindi/I_image_198_54.jpg,छत्री,hindi
train/hindi/I_image_198_55.jpg,"फोन,",hindi
train/hindi/I_image_198_56.jpg,मारणास्र,hindi
train/hindi/I_image_198_57.jpg,और,hindi
train/hindi/I_image_198_58.jpg,सामग्री,hindi
train/hindi/I_image_198_59.jpg,अन्दर,hindi
train/hindi/I_image_198_6.jpg,है.,hindi
train/hindi/I_image_198_60.jpg,निषेध,hindi
train/hindi/I_image_198_7.jpg,लेना,hindi
train/hindi/I_image_198_8.jpg,के,hindi
train/hindi/I_image_198_9.jpg,श्रीमन्दिर,hindi
train/hindi/I_image_199_48.jpg,जगन्नाथ,hindi
train/hindi/I_image_199_49.jpg,मन्दिर,hindi
train/hindi/I_image_199_50.jpg,अग्नीशम,hindi
train/hindi/I_image_199_51.jpg,सेवा,hindi
train/hindi/I_image_199_52.jpg,पुरी,hindi
train/hindi/I_image_199_9.jpg,केन्द्र,hindi
train/hindi/I_image_2_0.jpg,शाखा,hindi
train/hindi/I_image_2_1.jpg,पुरी,hindi
train/hindi/I_image_2_13.jpg,ऑफ़,hindi
train/hindi/I_image_2_2.jpg,इंडिया,hindi
train/hindi/I_image_2_3.jpg,बैंक,hindi
train/hindi/I_image_2_4.jpg,सेन्ट्रल,hindi
train/hindi/I_image_204_0.jpg,केन्द्र,hindi
train/hindi/I_image_204_6.jpg,श्री,hindi
train/hindi/I_image_204_7.jpg,जगन्नाथ,hindi
train/hindi/I_image_204_8.jpg,मन्दिर,hindi
train/hindi/I_image_204_9.jpg,सूचना,hindi
train/hindi/I_image_208_1.jpg,वि एस के वि,hindi
train/hindi/I_image_208_10.jpg,की,hindi
train/hindi/I_image_208_2.jpg,प.त.रे,hindi
train/hindi/I_image_208_3.jpg,एम,hindi
train/hindi/I_image_208_4.jpg,ए,hindi
train/hindi/I_image_208_5.jpg,डब्ल्यू,hindi
train/hindi/I_image_208_9.jpg,अन्दर,hindi
train/hindi/I_image_214_0.jpg,सुन्दरगढ,hindi
train/hindi/I_image_214_1.jpg,मिले,hindi
train/hindi/I_image_214_10.jpg,रोड,hindi
train/hindi/I_image_214_2.jpg,गोरमेंट,hindi
train/hindi/I_image_214_3.jpg,रंगाढिपा,hindi
train/hindi/I_image_214_5.jpg,गुप्त,hindi
train/hindi/I_image_214_6.jpg,रोगी,hindi
train/hindi/I_image_214_7.jpg,डा.राज,hindi
train/hindi/I_image_214_8.jpg,कोलिज,hindi
train/hindi/I_image_214_9.jpg,मंगलवार,hindi
train/hindi/I_image_215_1.jpg,हवाई,hindi
train/hindi/I_image_215_10.jpg,आगमन,hindi
train/hindi/I_image_215_14.jpg,अड्डा,hindi
train/hindi/I_image_215_16.jpg,आगमन,hindi
train/hindi/I_image_215_2.jpg,सुरेंद्र,hindi
train/hindi/I_image_215_24.jpg,साई ,hindi
train/hindi/I_image_215_3.jpg,वीर,hindi
train/hindi/I_image_215_5.jpg,निकास,hindi
train/hindi/I_image_215_7.jpg,निकास,hindi
train/hindi/I_image_220_2.jpg,कालुपड़ाघाट,hindi
train/hindi/I_image_221_2.jpg,कालुपड़ाद्याट,hindi
train/hindi/I_image_223_2.jpg,खलिकोट ,hindi
train/hindi/I_image_224_1.jpg,खलिकोट ,hindi
train/hindi/I_image_225_4.jpg,खलिकोट ,hindi
train/hindi/I_image_226_1.jpg,कालिजाई,hindi
train/hindi/I_image_226_4.jpg,पाह,hindi
train/hindi/I_image_227_2.jpg,कालिजाई,hindi
train/hindi/I_image_227_4.jpg,पाह.,hindi
train/hindi/I_image_228_2.jpg,कलिजाई,hindi
train/hindi/I_image_229_4.jpg,काईपदर,hindi
train/hindi/I_image_229_7.jpg,रोड़,hindi
train/hindi/I_image_230_1.jpg,रोड़,hindi
train/hindi/I_image_230_2.jpg,काईपदर,hindi
train/hindi/I_image_232_0.jpg,कुहुरी,hindi
train/hindi/I_image_233_0.jpg,कुहुरी,hindi
train/hindi/I_image_236_14.jpg,एक्सप्रेस,hindi
train/hindi/I_image_236_17.jpg,नगरी,hindi
train/hindi/I_image_236_2.jpg,ऋषिकेश,hindi
train/hindi/I_image_236_3.jpg,योग,hindi
train/hindi/I_image_236_5.jpg,उत्कल,hindi
train/hindi/I_image_236_6.jpg,कलिंग,hindi
train/hindi/I_image_236_9.jpg,पुरी,hindi
train/hindi/I_image_237_3.jpg,फा,hindi
train/hindi/I_image_237_4.jpg,कालुपड़ाद्याट,hindi
train/hindi/I_image_25_10.jpg,पटनायक,hindi
train/hindi/I_image_25_13.jpg,भुवनेश्वर,hindi
train/hindi/I_image_25_3.jpg,अड्डा,hindi
train/hindi/I_image_25_4.jpg,हवाई,hindi
train/hindi/I_image_25_5.jpg,बीजु,hindi
train/hindi/I_image_250_0.jpg,श्रेणी,hindi
train/hindi/I_image_250_11.jpg,खोरधारोड,hindi
train/hindi/I_image_250_20.jpg,द्वितीय,hindi
train/hindi/I_image_259_2.jpg,इण्डिया,hindi
train/hindi/I_image_259_3.jpg,कोल,hindi
train/hindi/I_image_259_6.jpg,इंडियनऑयल,hindi
train/hindi/I_image_259_66.jpg,नालको,hindi
train/hindi/I_image_271_2.jpg,पुरी,hindi
train/hindi/I_image_271_3.jpg,मुक्तेश्वर,hindi
train/hindi/I_image_271_7.jpg,पिएच,hindi
train/hindi/I_image_274_0.jpg,राम,hindi
train/hindi/I_image_28_17.jpg,ॐ,hindi
train/hindi/I_image_280_17.jpg,बैंक,hindi
train/hindi/I_image_280_7.jpg,कॅार्नर,hindi
train/hindi/I_image_280_8.jpg,स्‍टेट,hindi
train/hindi/I_image_310_1.jpg,पारादीप,hindi
train/hindi/I_image_310_8.jpg,कलकत्ता,hindi
train/hindi/I_image_322_13.jpg,न्यु,hindi
train/hindi/I_image_322_3.jpg,भुवनेश्‍वर,hindi
train/hindi/I_image_322_6.jpg,भुवनेश्‍वर,hindi
train/hindi/I_image_322_9.jpg,न्यु,hindi
train/hindi/I_image_325_1.jpg,शयनयान,hindi
train/hindi/I_image_325_5.jpg,निराकारपुर,hindi
train/hindi/I_image_325_9.jpg,पू त,hindi
train/hindi/I_image_326_27.jpg,जयते,hindi
train/hindi/I_image_326_28.jpg,लिए,hindi
train/hindi/I_image_326_30.jpg,पर,hindi
train/hindi/I_image_326_31.jpg,कच्चे,hindi
train/hindi/I_image_326_32.jpg,तेल,hindi
train/hindi/I_image_326_33.jpg,पोर्ट,hindi
train/hindi/I_image_326_34.jpg,द्वारा‍,hindi
train/hindi/I_image_326_35.jpg,पारादीप,hindi
train/hindi/I_image_326_36.jpg,एल,hindi
train/hindi/I_image_326_37.jpg,आर‌,hindi
train/hindi/I_image_326_38.jpg,एन,hindi
train/hindi/I_image_326_40.jpg,लिमिटेड,hindi
train/hindi/I_image_326_41.jpg,नुमालीगढ़,hindi
train/hindi/I_image_326_42.jpg,रिफाइनरी,hindi
train/hindi/I_image_326_45.jpg,लिमिटेड,hindi
train/hindi/I_image_326_46.jpg,कॉर्पोरेशन,hindi
train/hindi/I_image_326_47.jpg,ऑयल,hindi
train/hindi/I_image_326_48.jpg,इंडियन,hindi
train/hindi/I_image_326_5.jpg,भुवनेश्वर,hindi
train/hindi/I_image_326_50.jpg,पारादीप,hindi
train/hindi/I_image_326_52.jpg,पर‍,hindi
train/hindi/I_image_326_53.jpg,पत्र,hindi
train/hindi/I_image_326_60.jpg,हस्ताक्षर,hindi
train/hindi/I_image_326_61.jpg,ट्रस्ट,hindi
train/hindi/I_image_326_62.jpg,के,hindi
train/hindi/I_image_326_67.jpg,इंडियनऑयल,hindi
train/hindi/I_image_326_68.jpg,सत्‍यमेव,hindi
train/hindi/I_image_326_7.jpg,के‌,hindi
train/hindi/I_image_326_8.jpg,पोर्ट,hindi
train/hindi/I_image_326_9.jpg,सहमति,hindi
train/hindi/I_image_329_1.jpg,पारादीप,hindi
train/hindi/I_image_329_10.jpg,कलकत्ता,hindi
train/hindi/I_image_334_0.jpg,ढेंकानाल,hindi
train/hindi/I_image_334_1.jpg,कुछ,hindi
train/hindi/I_image_334_15.jpg,साहित्य,hindi
train/hindi/I_image_334_16.jpg,पल,hindi
train/hindi/I_image_334_17.jpg,भारतीय,hindi
train/hindi/I_image_334_18.jpg,जन,hindi
train/hindi/I_image_334_19.jpg,संचार,hindi
train/hindi/I_image_334_20.jpg,संस्थान,hindi
train/hindi/I_image_334_3.jpg,शब्दांजलि,hindi
train/hindi/I_image_336_1.jpg,भारतीय ,hindi
train/hindi/I_image_336_2.jpg,साहित्य,hindi
train/hindi/I_image_336_7.jpg,शब्दांजलि,hindi
train/hindi/I_image_34_0.jpg,बालुगांव,hindi
train/hindi/I_image_348_8.jpg,वि,hindi
train/hindi/I_image_37_18.jpg,इंडियनऑयल,hindi
train/hindi/I_image_37_20.jpg,इण्डिया,hindi
train/hindi/I_image_37_22.jpg,नालको,hindi
train/hindi/I_image_37_5.jpg,कोल,hindi
train/hindi/I_image_38_14.jpg,इण्डिया,hindi
train/hindi/I_image_38_15.jpg,कोल,hindi
train/hindi/I_image_38_2.jpg,नालको,hindi
train/hindi/I_image_38_7.jpg,इंडियनऑयल,hindi
train/hindi/I_image_388_0.jpg,शासन,hindi
train/hindi/I_image_388_1.jpg,जयते,hindi
train/hindi/I_image_388_2.jpg,सत्यमेव,hindi
train/hindi/I_image_388_5.jpg,ओडिशा ,hindi
train/hindi/I_image_39_2.jpg,बालेश्वर,hindi
train/hindi/I_image_401_25.jpg,श्री,hindi
train/hindi/I_image_401_30.jpg,शु स्टैन्ड,hindi
train/hindi/I_image_401_5.jpg,मन्दिर,hindi
train/hindi/I_image_402_1.jpg,पुरी,hindi
train/hindi/I_image_403_11.jpg,सावधान,hindi
train/hindi/I_image_403_12.jpg,कतेरों,hindi
train/hindi/I_image_403_18.jpg,जेव,hindi
train/hindi/I_image_403_19.jpg,से,hindi
train/hindi/I_image_403_2.jpg,बल(RPF),hindi
train/hindi/I_image_403_20.jpg,रहें,hindi
train/hindi/I_image_403_23.jpg,है,hindi
train/hindi/I_image_403_24.jpg,एवं,hindi
train/hindi/I_image_403_25.jpg,की,hindi
train/hindi/I_image_403_26.jpg,का,hindi
train/hindi/I_image_403_28.jpg,सुरक्षा,hindi
train/hindi/I_image_403_3.jpg,रेल,hindi
train/hindi/I_image_403_4.jpg,प्पान,hindi
train/hindi/I_image_403_5.jpg,सुरक्षा,hindi
train/hindi/I_image_403_6.jpg,बच्चों,hindi
train/hindi/I_image_403_7.jpg,महिलाओं,hindi
train/hindi/I_image_403_8.jpg,हमें,hindi
train/hindi/I_image_444_3.jpg,रम्भा ,hindi
train/hindi/I_image_445_0.jpg,बैंक,hindi
train/hindi/I_image_445_1.jpg,भारतीय,hindi
train/hindi/I_image_445_9.jpg,रिजर्व,hindi
train/hindi/I_image_446_11.jpg,पुस्तकालय,hindi
train/hindi/I_image_446_17.jpg,रघुनन्दन ,hindi
train/hindi/I_image_446_18.jpg,पुरी,hindi
train/hindi/I_image_446_2.jpg,जुता,hindi
train/hindi/I_image_446_28.jpg,ष्टाण्ड,hindi
train/hindi/I_image_450_3.jpg,बैंक,hindi
train/hindi/I_image_450_4.jpg,केनरा,hindi
train/hindi/I_image_457_0.jpg,रायगड़ा,hindi
train/hindi/I_image_457_6.jpg,आपकी,hindi
train/hindi/I_image_457_7.jpg,या‍त्रा,hindi
train/hindi/I_image_457_8.jpg,मंगलमय,hindi
train/hindi/I_image_457_9.jpg,हो,hindi
train/hindi/I_image_460_1.jpg,रिज़र्व,hindi
train/hindi/I_image_460_2.jpg,भारतीय,hindi
train/hindi/I_image_460_7.jpg,बैंक,hindi
train/hindi/I_image_463_12.jpg,शाखा‍,hindi
train/hindi/I_image_463_15.jpg,बैंक ,hindi
train/hindi/I_image_463_16.jpg,नैशनल,hindi
train/hindi/I_image_463_18.jpg,एम,hindi
train/hindi/I_image_463_19.jpg,ए,hindi
train/hindi/I_image_463_20.jpg,टी,hindi
train/hindi/I_image_463_24.jpg,पंजाब ,hindi
train/hindi/I_image_463_27.jpg,दशरथपुर,hindi
train/hindi/I_image_463_29.jpg,स्टेट,hindi
train/hindi/I_image_463_30.jpg,बैंक,hindi
train/hindi/I_image_464_15.jpg,टी,hindi
train/hindi/I_image_464_16.jpg,बैंक,hindi
train/hindi/I_image_464_17.jpg,स्टेट,hindi
train/hindi/I_image_464_31.jpg,सांध्य,hindi
train/hindi/I_image_464_32.jpg,बैंक,hindi
train/hindi/I_image_464_33.jpg,स्टेट,hindi
train/hindi/I_image_464_34.jpg,भारतीय,hindi
train/hindi/I_image_464_62.jpg,लक्ष्मीसागर,hindi
train/hindi/I_image_464_63.jpg,शाखा,hindi
train/hindi/I_image_464_77.jpg,ए,hindi
train/hindi/I_image_464_78.jpg,एम,hindi
train/hindi/I_image_468_1.jpg,सुरला,hindi
train/hindi/I_image_468_3.jpg,रोड़,hindi
train/hindi/I_image_469_0.jpg,सोलरी,hindi
train/hindi/I_image_469_2.jpg,सोलरी,hindi
train/hindi/I_image_483_24.jpg,संस्थान ,hindi
train/hindi/I_image_483_25.jpg,जनसंचार,hindi
train/hindi/I_image_483_26.jpg,भारतीय,hindi
train/hindi/I_image_49_2.jpg,बालुगांव,hindi
train/hindi/I_image_497_1.jpg,है,hindi
train/hindi/I_image_497_12.jpg,मना,hindi
train/hindi/I_image_497_2.jpg,चढ़ना,hindi
train/hindi/I_image_497_3.jpg,ऊपर,hindi
train/hindi/I_image_497_4.jpg,से‍,hindi
train/hindi/I_image_497_5.jpg,स्थान,hindi
train/hindi/I_image_497_6.jpg,इस,hindi
train/hindi/I_image_5_7.jpg,श्रा,hindi
train/hindi/I_image_50_10.jpg,श्रेणी,hindi
train/hindi/I_image_50_2.jpg,प्रतीक्षालय,hindi
train/hindi/I_image_50_3.jpg,द्धितीय,hindi
train/hindi/I_image_50_7.jpg,बालुगांव,hindi
train/hindi/I_image_501_0.jpg,मन्दिर,hindi
train/hindi/I_image_501_4.jpg,हनुमान,hindi
train/hindi/I_image_516_10.jpg,जनसंचार,hindi
train/hindi/I_image_516_11.jpg,भारतीय,hindi
train/hindi/I_image_516_9.jpg,संस्थान,hindi
train/hindi/I_image_530_2.jpg,तापंग ,hindi
train/hindi/I_image_531_1.jpg,तापंग,hindi
train/hindi/I_image_534_2.jpg,लक्ष्मी ,hindi
train/hindi/I_image_534_8.jpg,नारायण ,hindi
train/hindi/I_image_534_9.jpg,मन्दिर,hindi
train/hindi/I_image_535_16.jpg,कर्मशाला,hindi
train/hindi/I_image_535_17.jpg,गणमाध्यम,hindi
train/hindi/I_image_535_29.jpg,ग्रामीण,hindi
train/hindi/I_image_535_33.jpg,बार्त्तालाप,hindi
train/hindi/I_image_535_41.jpg,आयोजक,hindi
train/hindi/I_image_535_42.jpg,पत्र,hindi
train/hindi/I_image_535_43.jpg,एवं,hindi
train/hindi/I_image_535_44.jpg,भारत ,hindi
train/hindi/I_image_535_6.jpg,सरकार,hindi
train/hindi/I_image_535_7.jpg,सूचना ,hindi
train/hindi/I_image_535_8.jpg,सुचना,hindi
train/hindi/I_image_536_20.jpg,गणमाध्यम,hindi
train/hindi/I_image_536_21.jpg,बार्त्तालाप,hindi
train/hindi/I_image_536_35.jpg,ग्रामीण,hindi
train/hindi/I_image_536_36.jpg,कर्मशाला,hindi
train/hindi/I_image_536_44.jpg,आयोजक,hindi
train/hindi/I_image_536_45.jpg,पत्र,hindi
train/hindi/I_image_536_46.jpg,सुचना,hindi
train/hindi/I_image_536_47.jpg,कार्व्यालय,hindi
train/hindi/I_image_536_48.jpg,प्रसारण,hindi
train/hindi/I_image_536_49.jpg,भारत,hindi
train/hindi/I_image_536_50.jpg,भुवनेश्‍वर,hindi
train/hindi/I_image_536_6.jpg,सरकार,hindi
train/hindi/I_image_536_8.jpg,एब,hindi
train/hindi/I_image_536_9.jpg,सूचना,hindi
train/hindi/I_image_539_21.jpg,सेल,hindi
train/hindi/I_image_544_1.jpg,बैरियर,hindi
train/hindi/I_image_544_100.jpg,स्वयंचालित,hindi
train/hindi/I_image_544_101.jpg,बैरियर।,hindi
train/hindi/I_image_544_106.jpg,भुगतान,hindi
train/hindi/I_image_544_107.jpg,किजिये,hindi
train/hindi/I_image_544_110.jpg,बूम,hindi
train/hindi/I_image_544_12.jpg,बुम,hindi
train/hindi/I_image_544_16.jpg,किजिये,hindi
train/hindi/I_image_544_17.jpg,टोल,hindi
train/hindi/I_image_544_2.jpg,स्वयंचालित,hindi
train/hindi/I_image_544_25.jpg,कार्ड़,hindi
train/hindi/I_image_544_27.jpg,नगद,hindi
train/hindi/I_image_544_29.jpg,७,hindi
train/hindi/I_image_544_30.jpg,लेन,hindi
train/hindi/I_image_544_33.jpg,कार्ड़,hindi
train/hindi/I_image_544_34.jpg,स्मार्ट,hindi
train/hindi/I_image_544_37.jpg,लेन,hindi
train/hindi/I_image_544_40.jpg,कार्ड़,hindi
train/hindi/I_image_544_42.jpg,नगद,hindi
train/hindi/I_image_544_44.jpg,लेन,hindi
train/hindi/I_image_544_46.jpg,स्मार्ट,hindi
train/hindi/I_image_544_48.jpg,निशुल्क,hindi
train/hindi/I_image_544_50.jpg,चौड़ा,hindi
train/hindi/I_image_544_55.jpg,लेन,hindi
train/hindi/I_image_544_58.jpg,नगद,hindi
train/hindi/I_image_544_61.jpg,१०,hindi
train/hindi/I_image_544_63.jpg,अतिरिक्त,hindi
train/hindi/I_image_544_64.jpg,यान,hindi
train/hindi/I_image_544_68.jpg,नगद,hindi
train/hindi/I_image_544_7.jpg,टोल,hindi
train/hindi/I_image_544_70.jpg,यान,hindi
train/hindi/I_image_544_72.jpg,कार्ड़,hindi
train/hindi/I_image_544_78.jpg,स्मार्ट,hindi
train/hindi/I_image_544_8.jpg,कृपया,hindi
train/hindi/I_image_544_80.jpg,८,hindi
train/hindi/I_image_544_89.jpg,स्‍मार्ट,hindi
train/hindi/I_image_544_95.jpg,कृपया,hindi
train/hindi/I_image_545_17.jpg,टोल ,hindi
train/hindi/I_image_545_18.jpg,गेट,hindi
train/hindi/I_image_547_10.jpg,किजिये,hindi
train/hindi/I_image_547_11.jpg,टाल,hindi
train/hindi/I_image_547_12.jpg,कृपया,hindi
train/hindi/I_image_547_16.jpg,कार्ड़,hindi
train/hindi/I_image_547_23.jpg,कार्ड़,hindi
train/hindi/I_image_547_27.jpg,लेन,hindi
train/hindi/I_image_547_29.jpg,कार्ड़,hindi
train/hindi/I_image_547_32.jpg,नगद,hindi
train/hindi/I_image_547_34.jpg,२,hindi
train/hindi/I_image_547_37.jpg,कार्ड़,hindi
train/hindi/I_image_547_39.jpg,नगद,hindi
train/hindi/I_image_547_43.jpg,अतिरिक्त,hindi
train/hindi/I_image_547_47.jpg,लेन,hindi
train/hindi/I_image_547_52.jpg,१,hindi
train/hindi/I_image_547_54.jpg,चौड़ा,hindi
train/hindi/I_image_547_55.jpg,यान,hindi
train/hindi/I_image_547_59.jpg,स्‍मार्ट,hindi
train/hindi/I_image_547_6.jpg,बूम,hindi
train/hindi/I_image_547_62.jpg,लेन,hindi
train/hindi/I_image_547_66.jpg,स्‍मार्ट,hindi
train/hindi/I_image_547_71.jpg,नगद,hindi
train/hindi/I_image_547_74.jpg,स्‍मार्ट,hindi
train/hindi/I_image_547_77.jpg,लेन ,hindi
train/hindi/I_image_547_80.jpg,नगद,hindi
train/hindi/I_image_547_82.jpg,स्मार्ट,hindi
train/hindi/I_image_547_86.jpg,भुगतान,hindi
train/hindi/I_image_547_90.jpg,स्वयंचालित,hindi
train/hindi/I_image_547_91.jpg,बैरियर,hindi
train/hindi/I_image_549_16.jpg,कालिका,hindi
train/hindi/I_image_549_17.jpg,निरामिष,hindi
train/hindi/I_image_549_19.jpg,बासा,hindi
train/hindi/I_image_549_2.jpg,मारवाडी,hindi
train/hindi/I_image_549_5.jpg,शुद्ध ,hindi
train/hindi/I_image_549_6.jpg,मा‌,hindi
train/hindi/I_image_550_12.jpg,निःशुल्क,hindi
train/hindi/I_image_550_13.jpg,क्षेत्र,hindi
train/hindi/I_image_550_17.jpg,प्राधिकरण,hindi
train/hindi/I_image_550_3.jpg,विमानपत्तन,hindi
train/hindi/I_image_550_4.jpg,भारतीय,hindi
train/hindi/I_image_550_5.jpg,फाई,hindi
train/hindi/I_image_550_6.jpg,वाई,hindi
train/hindi/I_image_551_10.jpg,है।,hindi
train/hindi/I_image_551_11.jpg,मिलता,hindi
train/hindi/I_image_551_17.jpg,खड़े,hindi
train/hindi/I_image_551_25.jpg,है,hindi
train/hindi/I_image_551_26.jpg,मिलते,hindi
train/hindi/I_image_551_27.jpg,पहले,hindi
train/hindi/I_image_551_28.jpg,तीनदिन,hindi
train/hindi/I_image_551_3.jpg,करें,hindi
train/hindi/I_image_551_30.jpg,के,hindi
train/hindi/I_image_551_31.jpg,या‍त्रा,hindi
train/hindi/I_image_551_32.jpg,दुरीवाले,hindi
train/hindi/I_image_551_33.jpg,आधिक,hindi
train/hindi/I_image_551_34.jpg,से‍,hindi
train/hindi/I_image_551_35.jpg,लो‍,hindi
train/hindi/I_image_551_36.jpg,कि,hindi
train/hindi/I_image_551_4.jpg,का‍,hindi
train/hindi/I_image_551_42.jpg,सही,hindi
train/hindi/I_image_551_43.jpg,टिकेट,hindi
train/hindi/I_image_551_5.jpg,टिकट,hindi
train/hindi/I_image_551_52.jpg,लीए,hindi
train/hindi/I_image_551_59.jpg,स्टेशन,hindi
train/hindi/I_image_551_6.jpg,कृपया,hindi
train/hindi/I_image_551_60.jpg,के,hindi
train/hindi/I_image_551_61.jpg,आग्रीम,hindi
train/hindi/I_image_551_62.jpg,टिकट,hindi
train/hindi/I_image_551_69.jpg,कृपया,hindi
train/hindi/I_image_551_70.jpg,कतार,hindi
train/hindi/I_image_551_71.jpg,में,hindi
train/hindi/I_image_551_77.jpg,यहाँ,hindi
train/hindi/I_image_551_78.jpg,प्लाटफर्म,hindi
train/hindi/I_image_551_83.jpg,भाड़ा,hindi
train/hindi/I_image_551_84.jpg,भूगतान,hindi
train/hindi/I_image_552_3.jpg,इंडियन ऑयल,hindi
train/hindi/I_image_553_13.jpg,जिनालय,hindi
train/hindi/I_image_553_14.jpg,ई.पू.द्वितीय,hindi
train/hindi/I_image_553_5.jpg,शती,hindi
train/hindi/I_image_553_7.jpg,उत्खनित ,hindi
train/hindi/I_image_555_2.jpg,इंडियनऑयल,hindi
train/hindi/I_image_555_41.jpg,कोल,hindi
train/hindi/I_image_555_42.jpg,इण्डिया,hindi
train/hindi/I_image_6_10.jpg,भोजनालय,hindi
train/hindi/I_image_6_15.jpg,शाखा,hindi
train/hindi/I_image_6_19.jpg,इंडिया,hindi
train/hindi/I_image_6_20.jpg,बैंक,hindi
train/hindi/I_image_6_31.jpg,सेन्ट्रल,hindi
train/hindi/I_image_6_32.jpg,ऑफ़,hindi
train/hindi/I_image_6_36.jpg,पुरी,hindi
train/hindi/I_image_6_41.jpg,लक्ष्मी,hindi
train/hindi/I_image_6_42.jpg,मारवाड़ी,hindi
train/hindi/I_image_6_46.jpg,आराम,hindi
train/hindi/I_image_6_6.jpg,निवास,hindi
train/hindi/I_image_69_3.jpg,व्रा,hindi
train/hindi/I_image_7_0.jpg,पुरी,hindi
train/hindi/I_image_7_1.jpg,ऑफ़,hindi
train/hindi/I_image_7_10.jpg,इंडिया,hindi
train/hindi/I_image_7_8.jpg,सेन्ट्रल,hindi
train/hindi/I_image_7_9.jpg,बैंक,hindi
train/hindi/I_image_73_1.jpg,निषेध,hindi
train/hindi/I_image_73_2.jpg,धूम्रपान,hindi
train/hindi/I_image_73_6.jpg,भालमास्का,hindi
train/hindi/I_image_78_0.jpg,ॐ,hindi
train/hindi/I_image_78_2.jpg,ॐ,hindi
train/hindi/I_image_79_0.jpg,बैंक,hindi
train/hindi/I_image_79_14.jpg,बैंक,hindi
train/hindi/I_image_79_2.jpg,नैशनल,hindi
train/hindi/I_image_79_3.jpg,पंजाब,hindi
train/hindi/I_image_8_2.jpg,स्टाडियम,hindi
train/hindi/I_image_8_3.jpg,कलिंग,hindi
train/hindi/I_image_80_1.jpg,का,hindi
train/hindi/I_image_80_2.jpg,नई दिल्ली,hindi
train/hindi/I_image_80_3.jpg,भुवनेश्वर,hindi
train/hindi/I_image_80_5.jpg,सरकार,hindi
train/hindi/I_image_81_2.jpg,दिल्ली,hindi
train/hindi/I_image_81_3.jpg,भुवनेश्वर,hindi
train/hindi/I_image_81_6.jpg,नई,hindi
train/hindi/I_image_82_10.jpg,भुवनेश्वर,hindi
train/hindi/I_image_82_15.jpg,गुंडीचाघाई,hindi
train/hindi/I_image_82_16.jpg,ओड़िशा,hindi
train/hindi/I_image_82_3.jpg,"केउँझर,",hindi
train/hindi/I_image_82_4.jpg,जलप्रपात,hindi
train/hindi/I_image_82_8.jpg,नालको,hindi
train/hindi/I_image_82_9.jpg,नईदिल्ली,hindi
train/hindi/I_image_87_4.jpg,शती,hindi
train/hindi/I_image_87_5.jpg,द्वितीय,hindi
train/hindi/I_image_87_6.jpg,जिनालय,hindi
train/hindi/I_image_89_11.jpg,भुबनेश्‍वर,hindi
train/hindi/I_image_89_19.jpg,बैंक,hindi
train/hindi/I_image_89_23.jpg,एटीएम,hindi
train/hindi/I_image_89_26.jpg,एटिएम,hindi
train/hindi/I_image_89_4.jpg,नैशनल,hindi
train/hindi/I_image_89_5.jpg,पंजाब,hindi
train/hindi/I_image_9_1.jpg,स्टाडियम,hindi
train/hindi/I_image_9_2.jpg,कलिंग,hindi
train/hindi/I_image_90_1.jpg,वैमानिक,hindi
train/hindi/I_image_90_2.jpg,वीजू,hindi
train/hindi/I_image_90_6.jpg,पटनायक,hindi
train/hindi/I_image_90_7.jpg,संग्रहाल,hindi
train/hindi/I_image_95_3.jpg,ब्रह्मपुर,hindi
train/hindi/I_image_96_1.jpg,हाल्ट ,hindi
train/hindi/I_image_96_4.jpg,कोर्ट,hindi
train/hindi/I_image_97_3.jpg,हाल्ट,hindi
train/hindi/I_image_97_4.jpg,कोर्ट,hindi
train/hindi/I_image_97_8.jpg,छत्रपुर,hindi
train/hindi/I_image_99_1.jpg,छत्रपुर,hindi
train/hindi/I_image_99_3.jpg,कोर्ट,hindi
train/hindi/J_image_100_0.jpg,न्‍यायलय,hindi
train/hindi/J_image_100_1.jpg,पंजाबऱ्हरियाणा,hindi
train/hindi/J_image_100_10.jpg,उच्च,hindi
train/hindi/J_image_101_1.jpg,चण्डीगढ़,hindi
train/hindi/J_image_101_12.jpg,समुद्र,hindi
train/hindi/J_image_101_13.jpg,सेॆ,hindi
train/hindi/J_image_101_14.jpg,मी.,hindi
train/hindi/J_image_101_15.jpg,चण्डीगढ़,hindi
train/hindi/J_image_101_2.jpg,जंः,hindi
train/hindi/J_image_101_4.jpg,चण्डीगढ़,hindi
train/hindi/J_image_101_7.jpg,ऊँचाई,hindi
train/hindi/J_image_101_9.jpg,तल‍,hindi
train/hindi/J_image_103_32.jpg,चु,hindi
train/hindi/J_image_103_33.jpg,सि,hindi
train/hindi/J_image_103_34.jpg,इस,hindi
train/hindi/J_image_104_3.jpg,चण्डीगढ़,hindi
train/hindi/J_image_104_4.jpg,जं.,hindi
train/hindi/J_image_105_0.jpg,चण्डीगढ़,hindi
train/hindi/J_image_105_2.jpg,शयनयान,hindi
train/hindi/J_image_107_40.jpg,जारी,hindi
train/hindi/J_image_107_46.jpg,जारी,hindi
train/hindi/J_image_107_48.jpg,सूर्यकांत,hindi
train/hindi/J_image_108_10.jpg,चावा,hindi
train/hindi/J_image_108_11.jpg,पायल,hindi
train/hindi/J_image_108_3.jpg,मी॰,hindi
train/hindi/J_image_108_6.jpg,ऊँचाई,hindi
train/hindi/J_image_108_7.jpg,से‍,hindi
train/hindi/J_image_108_8.jpg,तल,hindi
train/hindi/J_image_108_9.jpg,संमुद्र,hindi
train/hindi/J_image_110_192.jpg,‍३,hindi
train/hindi/J_image_110_237.jpg,ও,hindi
train/hindi/J_image_110_240.jpg,ও,hindi
train/hindi/J_image_110_318.jpg,३२७ि,hindi
train/hindi/J_image_110_378.jpg,ও,hindi
train/hindi/J_image_113_1.jpg,सस्ती।,hindi
train/hindi/J_image_113_2.jpg,नहीं,hindi
train/hindi/J_image_113_3.jpg,मस्ती,hindi
train/hindi/J_image_113_4.jpg,करो,hindi
train/hindi/J_image_113_7.jpg,मत,hindi
train/hindi/J_image_113_8.jpg,इतनी,hindi
train/hindi/J_image_113_9.jpg,जिन्दगी,hindi
train/hindi/J_image_117_32.jpg,आयोजक,hindi
train/hindi/J_image_117_33.jpg,कृष्ण,hindi
train/hindi/J_image_117_34.jpg,मण्डल,hindi
train/hindi/J_image_117_35.jpg,दिल्ली,hindi
train/hindi/J_image_117_36.jpg,मालेरकोटला,hindi
train/hindi/J_image_117_37.jpg,मन्दिर,hindi
train/hindi/J_image_117_38.jpg,से,hindi
train/hindi/J_image_117_39.jpg,मन्दिर,hindi
train/hindi/J_image_117_40.jpg,माता,hindi
train/hindi/J_image_117_41.jpg,से,hindi
train/hindi/J_image_117_42.jpg,बजे,hindi
train/hindi/J_image_117_44.jpg,साय,hindi
train/hindi/J_image_117_45.jpg,रात्रि,hindi
train/hindi/J_image_117_46.jpg,भनडारा,hindi
train/hindi/J_image_117_47.jpg,दिन,hindi
train/hindi/J_image_117_48.jpg,"नवम्बर,",hindi
train/hindi/J_image_117_50.jpg,युगल,hindi
train/hindi/J_image_117_51.jpg,जोड़ी,hindi
train/hindi/J_image_117_52.jpg,सरकार,hindi
train/hindi/J_image_117_55.jpg,शनिवार,hindi
train/hindi/J_image_117_57.jpg,बजे,hindi
train/hindi/J_image_117_58.jpg,काली,hindi
train/hindi/J_image_117_59.jpg,हनुमान,hindi
train/hindi/J_image_117_60.jpg,तक‍,hindi
train/hindi/J_image_117_61.jpg,गेट,hindi
train/hindi/J_image_117_62.jpg,रजि.,hindi
train/hindi/J_image_117_63.jpg,संकीर्तन,hindi
train/hindi/J_image_117_64.jpg,हरे,hindi
train/hindi/J_image_125_1.jpg,दोराहा,hindi
train/hindi/J_image_127_0.jpg,हाउस,hindi
train/hindi/J_image_127_1.jpg,नेशनल,hindi
train/hindi/J_image_127_17.jpg,बैंक,hindi
train/hindi/J_image_127_18.jpg,पंजाब,hindi
train/hindi/J_image_127_2.jpg,बैंक,hindi
train/hindi/J_image_127_22.jpg,एटीएम,hindi
train/hindi/J_image_127_24.jpg,शाखा,hindi
train/hindi/J_image_127_25.jpg,द्वारका,hindi
train/hindi/J_image_127_29.jpg,बैंक,hindi
train/hindi/J_image_127_3.jpg,जोधा,hindi
train/hindi/J_image_127_4.jpg,"रोड,",hindi
train/hindi/J_image_127_43.jpg,पंजाब,hindi
train/hindi/J_image_127_44.jpg,नैशनल,hindi
train/hindi/J_image_127_45.jpg,द्रा२$|,hindi
train/hindi/J_image_127_5.jpg,हैं,hindi
train/hindi/J_image_127_51.jpg,नैशनल,hindi
train/hindi/J_image_127_6.jpg,आपका,hindi
train/hindi/J_image_127_61.jpg,द्वारका,hindi
train/hindi/J_image_127_62.jpg,में,hindi
train/hindi/J_image_127_63.jpg,स्वागत,hindi
train/hindi/J_image_127_64.jpg,द्वारका,hindi
train/hindi/J_image_127_65.jpg,माणेक,hindi
train/hindi/J_image_127_66.jpg,"शाखा, ",hindi
train/hindi/J_image_127_67.jpg,पंजाव,hindi
train/hindi/J_image_127_68.jpg,किनारा,hindi
train/hindi/J_image_127_69.jpg,भोजनालय,hindi
train/hindi/J_image_127_7.jpg,भूमि,hindi
train/hindi/J_image_127_70.jpg,गेस्ट,hindi
train/hindi/J_image_127_8.jpg,देव,hindi
train/hindi/J_image_128_1.jpg,नैशनल,hindi
train/hindi/J_image_128_10.jpg,"शाखा,",hindi
train/hindi/J_image_128_11.jpg,नेशनल,hindi
train/hindi/J_image_128_12.jpg,पंजाब,hindi
train/hindi/J_image_128_36.jpg,पंजाब,hindi
train/hindi/J_image_128_37.jpg,नैशनल,hindi
train/hindi/J_image_128_38.jpg,बैंक,hindi
train/hindi/J_image_128_40.jpg,द्वारका,hindi
train/hindi/J_image_128_41.jpg,शाखा,hindi
train/hindi/J_image_128_49.jpg,स्‍वागत,hindi
train/hindi/J_image_128_50.jpg,आपका,hindi
train/hindi/J_image_128_51.jpg,में,hindi
train/hindi/J_image_128_53.jpg,भूमि,hindi
train/hindi/J_image_128_54.jpg,देव,hindi
train/hindi/J_image_128_55.jpg,बैंक,hindi
train/hindi/J_image_128_56.jpg,जोधा,hindi
train/hindi/J_image_128_57.jpg,माणेक,hindi
train/hindi/J_image_128_58.jpg,द्वारका,hindi
train/hindi/J_image_128_62.jpg,पंजाब,hindi
train/hindi/J_image_128_63.jpg,बैंक,hindi
train/hindi/J_image_128_9.jpg,रोड,hindi
train/hindi/J_image_134_23.jpg,यी,hindi
train/hindi/J_image_140_70.jpg,म,hindi
train/hindi/J_image_141_0.jpg,ਸੁਃ,hindi
train/hindi/J_image_144_37.jpg,घेटी,hindi
train/hindi/J_image_144_4.jpg,तः,hindi
train/hindi/J_image_150_0.jpg,सुविचार,hindi
train/hindi/J_image_150_26.jpg,पढ़ाओं,hindi
train/hindi/J_image_150_27.jpg,बेटी,hindi
train/hindi/J_image_150_37.jpg,बचाओ,hindi
train/hindi/J_image_150_38.jpg,बेटी,hindi
train/hindi/J_image_157_91.jpg,घेटी,hindi
train/hindi/J_image_158_25.jpg,विउग्घां,hindi
train/hindi/J_image_170_114.jpg,एक,hindi
train/hindi/J_image_170_115.jpg,की‍,hindi
train/hindi/J_image_170_42.jpg,ओर,hindi
train/hindi/J_image_170_43.jpg,कदम,hindi
train/hindi/J_image_170_44.jpg,स्वच्छता,hindi
train/hindi/J_image_170_45.jpg,भारत,hindi
train/hindi/J_image_170_46.jpg,स्वच्छ,hindi
train/hindi/J_image_170_98.jpg,घेटी,hindi
train/hindi/J_image_174_12.jpg,घेटी,hindi
train/hindi/J_image_175_5.jpg,टी॰,hindi
train/hindi/J_image_180_1.jpg,उॆਂ,hindi
train/hindi/J_image_180_36.jpg,ਬੇਟੀ,hindi
train/hindi/J_image_181_41.jpg,मै.,hindi
train/hindi/J_image_188_0.jpg,पाय।,hindi
train/hindi/J_image_188_1.jpg,खडे़,hindi
train/hindi/J_image_188_2.jpg,गोविंद,hindi
train/hindi/J_image_188_4.jpg,गोविंद,hindi
train/hindi/J_image_188_5.jpg,गुरु,hindi
train/hindi/J_image_188_71.jpg,बलिहारी,hindi
train/hindi/J_image_188_72.jpg,आपनो,hindi
train/hindi/J_image_188_73.jpg,दियो,hindi
train/hindi/J_image_188_74.jpg,गुरु,hindi
train/hindi/J_image_188_76.jpg,काके,hindi
train/hindi/J_image_188_77.jpg,लागूं,hindi
train/hindi/J_image_19_6.jpg,एण्ड,hindi
train/hindi/J_image_19_7.jpg,बैंक,hindi
train/hindi/J_image_19_8.jpg,पंजाब,hindi
train/hindi/J_image_19_9.jpg,सिंध,hindi
train/hindi/J_image_193_11.jpg,श्री,hindi
train/hindi/J_image_193_12.jpg,सिक्ख,hindi
train/hindi/J_image_193_32.jpg,एण्ड,hindi
train/hindi/J_image_193_33.jpg,पंजाब,hindi
train/hindi/J_image_193_34.jpg,सिंध,hindi
train/hindi/J_image_193_42.jpg,गोल्डन,hindi
train/hindi/J_image_193_43.jpg,अमृतसर,hindi
train/hindi/J_image_193_56.jpg,केंन्द्रीय,hindi
train/hindi/J_image_193_57.jpg,संग्रहालय,hindi
train/hindi/J_image_193_58.jpg,साहिब।,hindi
train/hindi/J_image_193_59.jpg,हरिमन्दिर,hindi
train/hindi/J_image_204_1.jpg,याद,hindi
train/hindi/J_image_204_10.jpg,उन,hindi
train/hindi/J_image_204_11.jpg,अपूर्व,hindi
train/hindi/J_image_204_2.jpg,की,hindi
train/hindi/J_image_204_25.jpg,प्राप्त,hindi
train/hindi/J_image_204_3.jpg,देशभक्तों,hindi
train/hindi/J_image_204_34.jpg,स्वतंत्रता ,hindi
train/hindi/J_image_204_35.jpg,को,hindi
train/hindi/J_image_204_37.jpg,हुई,hindi
train/hindi/J_image_204_4.jpg,और,hindi
train/hindi/J_image_204_41.jpg,देश,hindi
train/hindi/J_image_204_42.jpg,फलस्वरूप,hindi
train/hindi/J_image_204_43.jpg,के‍,hindi
train/hindi/J_image_204_44.jpg,बलिदानों,hindi
train/hindi/J_image_204_5.jpg,के,hindi
train/hindi/J_image_204_6.jpg,जिन,hindi
train/hindi/J_image_204_7.jpg,शहीदों,hindi
train/hindi/J_image_204_8.jpg,अमर,hindi
train/hindi/J_image_204_9.jpg,गदरी,hindi
train/hindi/J_image_205_10.jpg,भक्तॊं,hindi
train/hindi/J_image_205_11.jpg,देश,hindi
train/hindi/J_image_205_12.jpg,शहीदों,hindi
train/hindi/J_image_205_13.jpg,अमर,hindi
train/hindi/J_image_205_32.jpg,प्राप्त,hindi
train/hindi/J_image_205_5.jpg,जिन,hindi
train/hindi/J_image_205_6.jpg,क‍,hindi
train/hindi/J_image_205_7.jpg,स्वरुप,hindi
train/hindi/J_image_205_8.jpg,देश,hindi
train/hindi/J_image_209_269.jpg,मः,hindi
train/hindi/J_image_217_26.jpg,गोल्ड,hindi
train/hindi/J_image_217_27.jpg,लोन,hindi
train/hindi/J_image_220_4.jpg,टैंट,hindi
train/hindi/J_image_222_17.jpg,से,hindi
train/hindi/J_image_222_18.jpg,१६५६,hindi
train/hindi/J_image_222_19.jpg,क‍र,hindi
train/hindi/J_image_222_20.jpg,रखी,hindi
train/hindi/J_image_222_34.jpg,पार्क,hindi
train/hindi/J_image_222_35.jpg,ने,hindi
train/hindi/J_image_222_36.jpg,‍जी,hindi
train/hindi/J_image_222_37.jpg,ड़ा,hindi
train/hindi/J_image_222_51.jpg,गुरु,hindi
train/hindi/J_image_222_52.jpg,‍की,hindi
train/hindi/J_image_222_53.jpg,राजेन्द्र,hindi
train/hindi/J_image_222_54.jpg,प्रसाद,hindi
train/hindi/J_image_222_55.jpg,लुधियाना,hindi
train/hindi/J_image_222_56.jpg,गिल,hindi
train/hindi/J_image_222_57.jpg,कालिज़,hindi
train/hindi/J_image_222_58.jpg,इंजिनियरिंग,hindi
train/hindi/J_image_222_59.jpg,नानक,hindi
train/hindi/J_image_222_60.jpg,राष्ट्रपति,hindi
train/hindi/J_image_222_61.jpg,आधार-शिला,hindi
train/hindi/J_image_222_62.jpg,कमलों,hindi
train/hindi/J_image_222_63.jpg,को‍,hindi
train/hindi/J_image_222_64.jpg,अप्रैल,hindi
train/hindi/J_image_222_65.jpg,अपने,hindi
train/hindi/J_image_23_1.jpg,छावनी,hindi
train/hindi/J_image_23_3.jpg,अम्बाला,hindi
train/hindi/J_image_23_4.jpg,जंः,hindi
train/hindi/J_image_237_3.jpg,३६०,hindi
train/hindi/J_image_238_21.jpg,मः,hindi
train/hindi/J_image_24_9.jpg,बाग,hindi
train/hindi/J_image_250_8.jpg,मी,hindi
train/hindi/J_image_255_3.jpg,गुरुहरसहाय,hindi
train/hindi/J_image_256_10.jpg,गुरुहरसहाय,hindi
train/hindi/J_image_256_12.jpg,रणी,hindi
train/hindi/J_image_256_13.jpg,जयंती,hindi
train/hindi/J_image_256_14.jpg,वां,hindi
train/hindi/J_image_256_15.jpg,संघ,hindi
train/hindi/J_image_256_17.jpg,हिया‌,hindi
train/hindi/J_image_256_2.jpg,कु,hindi
train/hindi/J_image_256_4.jpg,सेवा,hindi
train/hindi/J_image_256_5.jpg,जागरण,hindi
train/hindi/J_image_256_6.jpg,विशाल,hindi
train/hindi/J_image_259_10.jpg,में,hindi
train/hindi/J_image_259_11.jpg,निचोडे,hindi
train/hindi/J_image_259_12.jpg,नाली,hindi
train/hindi/J_image_259_13.jpg,भिगे,hindi
train/hindi/J_image_259_14.jpg,मेनेजर,hindi
train/hindi/J_image_259_15.jpg,मना,hindi
train/hindi/J_image_259_16.jpg,सख्त,hindi
train/hindi/J_image_259_17.jpg,करना,hindi
train/hindi/J_image_259_48.jpg,साध,hindi
train/hindi/J_image_259_49.jpg,पांव,hindi
train/hindi/J_image_259_50.jpg,कुरला,hindi
train/hindi/J_image_259_51.jpg,है।,hindi
train/hindi/J_image_259_52.jpg,जी,hindi
train/hindi/J_image_259_53.jpg,कपडे़,hindi
train/hindi/J_image_259_54.jpg,में,hindi
train/hindi/J_image_259_55.jpg,सरोवर,hindi
train/hindi/J_image_259_56.jpg,और‍,hindi
train/hindi/J_image_259_57.jpg,डालना,hindi
train/hindi/J_image_259_58.jpg,प्रशादि,hindi
train/hindi/J_image_259_59.jpg,काे,hindi
train/hindi/J_image_259_60.jpg,मछलीयो,hindi
train/hindi/J_image_259_61.jpg,‍जी,hindi
train/hindi/J_image_259_62.jpg,संगत,hindi
train/hindi/J_image_259_63.jpg,लटका,hindi
train/hindi/J_image_259_64.jpg,क‍र,hindi
train/hindi/J_image_259_65.jpg,सरूत,hindi
train/hindi/J_image_259_66.jpg,मना,hindi
train/hindi/J_image_259_8.jpg,है।,hindi
train/hindi/J_image_259_9.jpg,बैठना,hindi
train/hindi/J_image_26_10.jpg,साथ,hindi
train/hindi/J_image_26_11.jpg,के,hindi
train/hindi/J_image_26_12.jpg,जिंदगी,hindi
train/hindi/J_image_26_14.jpg,जयन्‍ती,hindi
train/hindi/J_image_26_15.jpg,द्वार,hindi
train/hindi/J_image_26_16.jpg,स्वर्ण,hindi
train/hindi/J_image_26_19.jpg,भारतीय,hindi
train/hindi/J_image_26_20.jpg,जीवन,hindi
train/hindi/J_image_26_3.jpg,निगम,hindi
train/hindi/J_image_26_4.jpg,बीमा,hindi
train/hindi/J_image_26_6.jpg,बाद,hindi
train/hindi/J_image_26_7.jpg,के,hindi
train/hindi/J_image_26_8.jpg,जिंदगी,hindi
train/hindi/J_image_267_35.jpg,१२,hindi
train/hindi/J_image_272_7.jpg,मीडाडु,hindi
train/hindi/J_image_278_44.jpg,25 व:,hindi
train/hindi/J_image_28_26.jpg,सिंह,hindi
train/hindi/J_image_28_27.jpg,अमृतसर,hindi
train/hindi/J_image_28_3.jpg,बैਂक,hindi
train/hindi/J_image_28_35.jpg,मार्कीट,hindi
train/hindi/J_image_28_36.jpg,धर्म,hindi
train/hindi/J_image_28_38.jpg,की‌,hindi
train/hindi/J_image_28_39.jpg,हो,hindi
train/hindi/J_image_28_40.jpg,बधाई,hindi
train/hindi/J_image_28_41.jpg,आप,hindi
train/hindi/J_image_28_42.jpg,कृष्ण,hindi
train/hindi/J_image_28_44.jpg,केनरा,hindi
train/hindi/J_image_28_47.jpg,बै,hindi
train/hindi/J_image_28_5.jpg,श्री,hindi
train/hindi/J_image_28_6.jpg,जन्माष्टमी,hindi
train/hindi/J_image_28_7.jpg,सबको,hindi
train/hindi/J_image_28_8.jpg,लाख,hindi
train/hindi/J_image_28_9.jpg,लाख,hindi
train/hindi/J_image_283_13.jpg,क‍ी,hindi
train/hindi/J_image_283_14.jpg,का‍,hindi
train/hindi/J_image_283_15.jpg,ईलाज,hindi
train/hindi/J_image_283_16.jpg,बनाएं,hindi
train/hindi/J_image_283_17.jpg,बढ़ाएं,hindi
train/hindi/J_image_283_18.jpg,छुडवाएं,hindi
train/hindi/J_image_283_19.jpg,आयुवेदिक,hindi
train/hindi/J_image_283_20.jpg,सैक्स,hindi
train/hindi/J_image_283_21.jpg,कमजोरी,hindi
train/hindi/J_image_283_22.jpg,धांत,hindi
train/hindi/J_image_283_23.jpg,स्वपनदोष,hindi
train/hindi/J_image_283_30.jpg,सेहत,hindi
train/hindi/J_image_283_31.jpg,बनाएं,hindi
train/hindi/J_image_283_32.jpg,से,hindi
train/hindi/J_image_283_33.jpg,धांत,hindi
train/hindi/J_image_283_34.jpg,ढीलापन,hindi
train/hindi/J_image_283_35.jpg,शीघ्रपतन,hindi
train/hindi/J_image_283_36.jpg,स्वपनदोष,hindi
train/hindi/J_image_283_37.jpg,सैंक्स,hindi
train/hindi/J_image_283_38.jpg,कमजोरी,hindi
train/hindi/J_image_283_39.jpg,जोश,hindi
train/hindi/J_image_283_40.jpg,आयुवੋदिक,hindi
train/hindi/J_image_283_46.jpg,शीघ्रपतन,hindi
train/hindi/J_image_283_47.jpg,‍का‍,hindi
train/hindi/J_image_283_48.jpg,ईलाज,hindi
train/hindi/J_image_283_49.jpg,शराब,hindi
train/hindi/J_image_283_50.jpg,वजन,hindi
train/hindi/J_image_283_51.jpg,सेहत,hindi
train/hindi/J_image_283_52.jpg,आयुर्वॆदिक,hindi
train/hindi/J_image_283_53.jpg,बिमारीयों,hindi
train/hindi/J_image_283_54.jpg,पेट,hindi
train/hindi/J_image_283_58.jpg,एस.,hindi
train/hindi/J_image_283_59.jpg,डी.,hindi
train/hindi/J_image_283_9.jpg,शर्मा,hindi
train/hindi/J_image_284_0.jpg,निर्गम,hindi
train/hindi/J_image_284_1.jpg,पार्सल,hindi
train/hindi/J_image_284_10.jpg,जलन्धर,hindi
train/hindi/J_image_284_11.jpg,छावनी,hindi
train/hindi/J_image_284_19.jpg,घर,hindi
train/hindi/J_image_284_2.jpg,सामान,hindi
train/hindi/J_image_284_20.jpg,अमानती,hindi
train/hindi/J_image_284_8.jpg,रे,hindi
train/hindi/J_image_285_0.jpg,डी॰एम॰यू,hindi
train/hindi/J_image_285_1.jpg,जलंधर,hindi
train/hindi/J_image_287_1.jpg,जलन्धर,hindi
train/hindi/J_image_287_10.jpg,स्टेशन,hindi
train/hindi/J_image_287_17.jpg,शहर,hindi
train/hindi/J_image_287_2.jpg,उत्तर,hindi
train/hindi/J_image_287_3.jpg,रेलवे,hindi
train/hindi/J_image_287_7.jpg,जलन्धर,hindi
train/hindi/J_image_287_8.jpg,शहर,hindi
train/hindi/J_image_287_9.jpg,रेलवे,hindi
train/hindi/J_image_288_1.jpg,जलियाँवाला,hindi
train/hindi/J_image_288_2.jpg,बाग,hindi
train/hindi/J_image_289_14.jpg,जंलियाॅवाला,hindi
train/hindi/J_image_289_16.jpg,बाग,hindi
train/hindi/J_image_289_24.jpg,जलियाँवाला,hindi
train/hindi/J_image_289_25.jpg,वाग,hindi
train/hindi/J_image_29_21.jpg,कृष्ण,hindi
train/hindi/J_image_29_22.jpg,जन्माष्टमी,hindi
train/hindi/J_image_29_23.jpg,आप,hindi
train/hindi/J_image_29_24.jpg,सबको,hindi
train/hindi/J_image_29_25.jpg,हो,hindi
train/hindi/J_image_29_26.jpg,बधाई,hindi
train/hindi/J_image_29_27.jpg,लाख,hindi
train/hindi/J_image_293_2.jpg,ਖਦੇਦਿਨਆਹੇ॥ਦੁਪਹਰੈਵੇਲੈਆਇਕੈਦਰਖਤਹੇਠਿਟਿਕਗਇਆਸੀ॥ਤਿਉਕਾ,hindi
train/hindi/J_image_30_25.jpg,कृष्ण,hindi
train/hindi/J_image_30_26.jpg,सबको,hindi
train/hindi/J_image_30_27.jpg,आप,hindi
train/hindi/J_image_30_28.jpg,लाख,hindi
train/hindi/J_image_30_3.jpg,श्री,hindi
train/hindi/J_image_30_4.jpg,लाख,hindi
train/hindi/J_image_30_6.jpg,बधाई,hindi
train/hindi/J_image_30_7.jpg,जन्माष्टमी,hindi
train/hindi/J_image_307_0.jpg,उत्त,hindi
train/hindi/J_image_307_10.jpg,उत्तर,hindi
train/hindi/J_image_307_7.jpg,रेलवे,hindi
train/hindi/J_image_307_8.jpg,शहर,hindi
train/hindi/J_image_307_9.jpg,जलन्धर,hindi
train/hindi/J_image_31_2.jpg,लाख,hindi
train/hindi/J_image_31_3.jpg,आप,hindi
train/hindi/J_image_31_30.jpg,श्री,hindi
train/hindi/J_image_31_31.jpg,कृष्ण,hindi
train/hindi/J_image_31_32.jpg,जन्माष्टमी,hindi
train/hindi/J_image_31_33.jpg,सबको,hindi
train/hindi/J_image_31_40.jpg,लाख,hindi
train/hindi/J_image_310_21.jpg,"रेमी,",hindi
train/hindi/J_image_315_25.jpg,मतलब,hindi
train/hindi/J_image_315_6.jpg,ठंडा,hindi
train/hindi/J_image_316_0.jpg,आधार,hindi
train/hindi/J_image_317_0.jpg,डी,hindi
train/hindi/J_image_317_10.jpg,पायलट,hindi
train/hindi/J_image_317_17.jpg,जं.,hindi
train/hindi/J_image_317_19.jpg,समुद्र,hindi
train/hindi/J_image_317_20.jpg,तल‍,hindi
train/hindi/J_image_317_21.jpg,सेॆ,hindi
train/hindi/J_image_317_22.jpg,उचाई,hindi
train/hindi/J_image_317_24.jpg,मीटर,hindi
train/hindi/J_image_317_25.jpg,पुष्पक,hindi
train/hindi/J_image_317_28.jpg,लुधियाना,hindi
train/hindi/J_image_317_31.jpg,लुधियाना,hindi
train/hindi/J_image_317_32.jpg,लोकॊ,hindi
train/hindi/J_image_317_39.jpg,लुधियाना,hindi
train/hindi/J_image_317_44.jpg,पी,hindi
train/hindi/J_image_317_45.jpg,डब्ल्यू,hindi
train/hindi/J_image_317_5.jpg,जंः,hindi
train/hindi/J_image_318_13.jpg,लुधियाना,hindi
train/hindi/J_image_318_18.jpg,स्टेट,hindi
train/hindi/J_image_318_19.jpg,ए,hindi
train/hindi/J_image_318_20.jpg,टी,hindi
train/hindi/J_image_318_3.jpg,नैशनल,hindi
train/hindi/J_image_318_4.jpg,पंजाब,hindi
train/hindi/J_image_318_8.jpg,एम,hindi
train/hindi/J_image_318_9.jpg,बैंक,hindi
train/hindi/J_image_319_10.jpg,रेल,hindi
train/hindi/J_image_319_8.jpg,दिर,hindi
train/hindi/J_image_319_9.jpg,मेल,hindi
train/hindi/J_image_32_0.jpg,जमा,hindi
train/hindi/J_image_32_10.jpg,लाऊँज,hindi
train/hindi/J_image_32_11.jpg,एम,hindi
train/hindi/J_image_32_12.jpg,मशीन,hindi
train/hindi/J_image_32_13.jpg,जमा,hindi
train/hindi/J_image_32_3.jpg,टी,hindi
train/hindi/J_image_32_4.jpg,वाली,hindi
train/hindi/J_image_32_5.jpg,मशीन,hindi
train/hindi/J_image_32_6.jpg,मशीन,hindi
train/hindi/J_image_328_1.jpg,पावन,hindi
train/hindi/J_image_328_10.jpg,लॉख,hindi
train/hindi/J_image_328_11.jpg,वाल्मीकि,hindi
train/hindi/J_image_328_12.jpg,महाराज,hindi
train/hindi/J_image_328_13.jpg,केे,hindi
train/hindi/J_image_328_2.jpg,जॉं,hindi
train/hindi/J_image_328_3.jpg,बधाई,hindi
train/hindi/J_image_328_5.jpg,दिवस,hindi
train/hindi/J_image_328_7.jpg,भगवान,hindi
train/hindi/J_image_328_8.jpg,प्रगट,hindi
train/hindi/J_image_328_9.jpg,की,hindi
train/hindi/J_image_342_70.jpg,ठ,hindi
train/hindi/J_image_342_97.jpg,ਠ,hindi
train/hindi/J_image_353_3.jpg,सीखें,hindi
train/hindi/J_image_353_51.jpg,अंग्रेजी,hindi
train/hindi/J_image_353_8.jpg,श्री,hindi
train/hindi/J_image_354_26.jpg,हर‍,hindi
train/hindi/J_image_359_2.jpg,माडल,hindi
train/hindi/J_image_359_3.jpg,ग्राम,hindi
train/hindi/J_image_360_131.jpg,ढाबा,hindi
train/hindi/J_image_360_135.jpg,बैंक,hindi
train/hindi/J_image_360_136.jpg,केनरा,hindi
train/hindi/J_image_360_31.jpg,देसी,hindi
train/hindi/J_image_360_64.jpg,दा,hindi
train/hindi/J_image_360_65.jpg,ढाबा,hindi
train/hindi/J_image_360_66.jpg,भरावां,hindi
train/hindi/J_image_360_83.jpg,घी,hindi
train/hindi/J_image_362_6.jpg,मुकेरिया,hindi
train/hindi/J_image_363_3.jpg,केरियां,hindi
train/hindi/J_image_364_1.jpg,मुकेरियां,hindi
train/hindi/J_image_365_50.jpg,१,hindi
train/hindi/J_image_37_187.jpg,मिटी,hindi
train/hindi/J_image_37_199.jpg,मिटी,hindi
train/hindi/J_image_371_1.jpg,भारत,hindi
train/hindi/J_image_371_2.jpg,सरकार,hindi
train/hindi/J_image_371_4.jpg,बंगा,hindi
train/hindi/J_image_371_7.jpg,सरकार,hindi
train/hindi/J_image_371_8.jpg,भारत,hindi
train/hindi/J_image_372_36.jpg,टी,hindi
train/hindi/J_image_379_11.jpg,संचालकः,hindi
train/hindi/J_image_379_12.jpg,सुनाम,hindi
train/hindi/J_image_38_0.jpg,बनने,hindi
train/hindi/J_image_38_1.jpg,इंजीनियर,hindi
train/hindi/J_image_38_10.jpg,मानता,hindi
train/hindi/J_image_38_11.jpg,समर्पित,hindi
train/hindi/J_image_38_12.jpg,कर,hindi
train/hindi/J_image_38_13.jpg,रक्त,hindi
train/hindi/J_image_38_14.jpg,अपना,hindi
train/hindi/J_image_38_15.jpg,श्री,hindi
train/hindi/J_image_38_16.jpg,हिन्दू,hindi
train/hindi/J_image_38_17.jpg,एक,hindi
train/hindi/J_image_38_18.jpg,करनेे,hindi
train/hindi/J_image_38_19.jpg,साथी,hindi
train/hindi/J_image_38_2.jpg,लिया,hindi
train/hindi/J_image_38_20.jpg,में,hindi
train/hindi/J_image_38_21.jpg,ह‌ी,hindi
train/hindi/J_image_38_22.jpg,अपनी,hindi
train/hindi/J_image_38_23.jpg,वीर,hindi
train/hindi/J_image_38_24.jpg,माँ,hindi
train/hindi/J_image_38_25.jpg,संदेश,hindi
train/hindi/J_image_38_26.jpg,में,hindi
train/hindi/J_image_38_27.jpg,तक‍,hindi
train/hindi/J_image_38_28.jpg,जन्म,hindi
train/hindi/J_image_38_29.jpg,जब,hindi
train/hindi/J_image_38_3.jpg,चूम,hindi
train/hindi/J_image_38_30.jpg,हैे,hindi
train/hindi/J_image_38_31.jpg,बलिदान,hindi
train/hindi/J_image_38_32.jpg,‍का‍,hindi
train/hindi/J_image_38_324.jpg,अमृतसर,hindi
train/hindi/J_image_38_326.jpg,अगसत,hindi
train/hindi/J_image_38_328.jpg,पैंटनविले,hindi
train/hindi/J_image_38_329.jpg,"जेल,",hindi
train/hindi/J_image_38_33.jpg,मेरा,hindi
train/hindi/J_image_38_331.jpg,सितम्बर,hindi
train/hindi/J_image_38_333.jpg,चलाने,hindi
train/hindi/J_image_38_334.jpg,शहीद,hindi
train/hindi/J_image_38_335.jpg,मदन,hindi
train/hindi/J_image_38_336.jpg,लाल,hindi
train/hindi/J_image_38_337.jpg,ढींगरा,hindi
train/hindi/J_image_38_338.jpg,करे,hindi
train/hindi/J_image_38_339.jpg,पूर्ण,hindi
train/hindi/J_image_38_34.jpg,लिए,hindi
train/hindi/J_image_38_340.jpg,इच्छा,hindi
train/hindi/J_image_38_341.jpg,यह,hindi
train/hindi/J_image_38_342.jpg,मेरी,hindi
train/hindi/J_image_38_343.jpg,ईश्वर,hindi
train/hindi/J_image_38_344.jpg,उनका,hindi
train/hindi/J_image_38_345.jpg,कर्ज़न,hindi
train/hindi/J_image_38_346.jpg,सके,hindi
train/hindi/J_image_38_347.jpg,मैं,hindi
train/hindi/J_image_38_348.jpg,हर,hindi
train/hindi/J_image_38_349.jpg,जन्म,hindi
train/hindi/J_image_38_35.jpg,बार-बार,hindi
train/hindi/J_image_38_350.jpg,में,hindi
train/hindi/J_image_38_351.jpg,काे,hindi
train/hindi/J_image_38_352.jpg,अपने,hindi
train/hindi/J_image_38_353.jpg,है,hindi
train/hindi/J_image_38_354.jpg,हूँ।,hindi
train/hindi/J_image_38_355.jpg,हो,hindi
train/hindi/J_image_38_356.jpg,तब‍,hindi
train/hindi/J_image_38_357.jpg,तक‍,hindi
train/hindi/J_image_38_358.jpg,‍की,hindi
train/hindi/J_image_38_359.jpg,है।,hindi
train/hindi/J_image_38_36.jpg,भारत,hindi
train/hindi/J_image_38_360.jpg,यही,hindi
train/hindi/J_image_38_361.jpg,लिए,hindi
train/hindi/J_image_38_362.jpg,अपने,hindi
train/hindi/J_image_38_363.jpg,अतिरिक्त,hindi
train/hindi/J_image_38_364.jpg,देवता,hindi
train/hindi/J_image_38_365.jpg,‍का‍,hindi
train/hindi/J_image_38_366.jpg,मातृभूमि,hindi
train/hindi/J_image_38_367.jpg,‍की,hindi
train/hindi/J_image_38_368.jpg,चाह,hindi
train/hindi/J_image_38_369.jpg,अपने,hindi
train/hindi/J_image_38_37.jpg,अपमान,hindi
train/hindi/J_image_38_370.jpg,प्राणों,hindi
train/hindi/J_image_38_371.jpg,सेवा,hindi
train/hindi/J_image_38_372.jpg,सेवा,hindi
train/hindi/J_image_38_373.jpg,कि,hindi
train/hindi/J_image_38_374.jpg,भारत,hindi
train/hindi/J_image_38_375.jpg,भारत,hindi
train/hindi/J_image_38_376.jpg,माता,hindi
train/hindi/J_image_38_377.jpg,और,hindi
train/hindi/J_image_38_378.jpg,मैं,hindi
train/hindi/J_image_38_379.jpg,अपमान,hindi
train/hindi/J_image_38_38.jpg,का‍,hindi
train/hindi/J_image_38_380.jpg,माता,hindi
train/hindi/J_image_38_381.jpg,को‍,hindi
train/hindi/J_image_38_382.jpg,भारतीय,hindi
train/hindi/J_image_38_383.jpg,लंदन,hindi
train/hindi/J_image_38_384.jpg,हूँ।,hindi
train/hindi/J_image_38_385.jpg,भगवान,hindi
train/hindi/J_image_38_386.jpg,राम,hindi
train/hindi/J_image_38_387.jpg,और,hindi
train/hindi/J_image_38_388.jpg,भेंट,hindi
train/hindi/J_image_38_389.jpg,क्या,hindi
train/hindi/J_image_38_39.jpg,भारतीयों,hindi
train/hindi/J_image_38_390.jpg,कर,hindi
train/hindi/J_image_38_391.jpg,हूँ,hindi
train/hindi/J_image_38_392.jpg,साधारण,hindi
train/hindi/J_image_38_393.jpg,केे,hindi
train/hindi/J_image_38_394.jpg,छात्रों,hindi
train/hindi/J_image_38_395.jpg,अपने,hindi
train/hindi/J_image_38_396.jpg,देश,hindi
train/hindi/J_image_38_397.jpg,थे,hindi
train/hindi/J_image_38_398.jpg,‍का‍,hindi
train/hindi/J_image_38_399.jpg,क‍ो,hindi
train/hindi/J_image_38_4.jpg,फंदे,hindi
train/hindi/J_image_38_40.jpg,हंसते-हंसते,hindi
train/hindi/J_image_38_400.jpg,अंग्रेज़,hindi
train/hindi/J_image_38_401.jpg,अपमान,hindi
train/hindi/J_image_38_402.jpg,सह,hindi
train/hindi/J_image_38_403.jpg,न,hindi
train/hindi/J_image_38_404.jpg,अधिकारी,hindi
train/hindi/J_image_38_41.jpg,कर,hindi
train/hindi/J_image_38_42.jpg,मार,hindi
train/hindi/J_image_38_43.jpg,को,hindi
train/hindi/J_image_38_44.jpg,में,hindi
train/hindi/J_image_38_45.jpg,प‍र,hindi
train/hindi/J_image_38_46.jpg,के,hindi
train/hindi/J_image_38_47.jpg,मैं,hindi
train/hindi/J_image_38_48.jpg,लहु,hindi
train/hindi/J_image_38_49.jpg,इसलिए,hindi
train/hindi/J_image_38_5.jpg,के,hindi
train/hindi/J_image_38_50.jpg,‍की,hindi
train/hindi/J_image_38_51.jpg,माता,hindi
train/hindi/J_image_38_52.jpg,भारत,hindi
train/hindi/J_image_38_53.jpg,मेरे,hindi
train/hindi/J_image_38_54.jpg,मेरी,hindi
train/hindi/J_image_38_55.jpg,पूजा,hindi
train/hindi/J_image_38_56.jpg,के‌,hindi
train/hindi/J_image_38_57.jpg,भारत,hindi
train/hindi/J_image_38_58.jpg,जाती,hindi
train/hindi/J_image_38_59.jpg,नहीं,hindi
train/hindi/J_image_38_6.jpg,वाले,hindi
train/hindi/J_image_38_60.jpg,कृष्ण,hindi
train/hindi/J_image_38_61.jpg,अंतिम,hindi
train/hindi/J_image_38_62.jpg,वाइली,hindi
train/hindi/J_image_38_63.jpg,लंदन,hindi
train/hindi/J_image_38_64.jpg,लिये,hindi
train/hindi/J_image_38_65.jpg,हूँ,hindi
train/hindi/J_image_38_66.jpg,चाहता,hindi
train/hindi/J_image_38_67.jpg,हो,hindi
train/hindi/J_image_38_68.jpg,अपमान,hindi
train/hindi/J_image_38_69.jpg,पु‍त्र,hindi
train/hindi/J_image_38_7.jpg,गए,hindi
train/hindi/J_image_38_70.jpg,सकता,hindi
train/hindi/J_image_38_71.jpg,रहा,hindi
train/hindi/J_image_38_72.jpg,श्री,hindi
train/hindi/J_image_38_73.jpg,स्वतंत्र,hindi
train/hindi/J_image_38_74.jpg,ही,hindi
train/hindi/J_image_38_75.jpg,करना,hindi
train/hindi/J_image_38_76.jpg,प्रो,hindi
train/hindi/J_image_38_77.jpg,लक्ष्मीकांता,hindi
train/hindi/J_image_38_78.jpg,चावला,hindi
train/hindi/J_image_38_79.jpg,वन्दे,hindi
train/hindi/J_image_38_8.jpg,फांसी,hindi
train/hindi/J_image_38_80.jpg,वाले,hindi
train/hindi/J_image_38_81.jpg,तेग,hindi
train/hindi/J_image_38_82.jpg,‍की,hindi
train/hindi/J_image_38_83.jpg,हिन्दुस्तान,hindi
train/hindi/J_image_38_84.jpg,तक‍,hindi
train/hindi/J_image_38_85.jpg,तख्ते-लंदन,hindi
train/hindi/J_image_38_86.jpg,लंदन,hindi
train/hindi/J_image_38_87.jpg,के,hindi
train/hindi/J_image_38_88.jpg,जी,hindi
train/hindi/J_image_38_89.jpg,सावरकर,hindi
train/hindi/J_image_38_9.jpg,एक,hindi
train/hindi/J_image_38_90.jpg,केे,hindi
train/hindi/J_image_38_91.jpg,वीर,hindi
train/hindi/J_image_38_92.jpg,शहादत,hindi
train/hindi/J_image_38_93.jpg,सिंह,hindi
train/hindi/J_image_38_94.jpg,शेर,hindi
train/hindi/J_image_38_95.jpg,कटड़ा,hindi
train/hindi/J_image_38_96.jpg,स्थान,hindi
train/hindi/J_image_38_97.jpg,जन्म,hindi
train/hindi/J_image_383_0.jpg,भारतीय,hindi
train/hindi/J_image_383_1.jpg,बैंक,hindi
train/hindi/J_image_383_12.jpg,यू.,hindi
train/hindi/J_image_383_13.jpg,ऐ.,hindi
train/hindi/J_image_383_14.jpg,पी.,hindi
train/hindi/J_image_383_16.jpg,स्टेट,hindi
train/hindi/J_image_383_3.jpg,भारतीय,hindi
train/hindi/J_image_383_4.jpg,लुधियाना,hindi
train/hindi/J_image_391_1.jpg,पंजकोसी,hindi
train/hindi/J_image_391_15.jpg,आना,hindi
train/hindi/J_image_391_16.jpg,अन्दर,hindi
train/hindi/J_image_391_6.jpg,है,hindi
train/hindi/J_image_391_7.jpg,मना,hindi
train/hindi/J_image_391_8.jpg,आज्ञा,hindi
train/hindi/J_image_392_0.jpg,समुन्द्र,hindi
train/hindi/J_image_392_1.jpg,से,hindi
train/hindi/J_image_392_3.jpg,मी.,hindi
train/hindi/J_image_392_5.jpg,पंजकोसी,hindi
train/hindi/J_image_392_8.jpg,ऊँचाई,hindi
train/hindi/J_image_392_9.jpg,तल‍,hindi
train/hindi/J_image_393_0.jpg,तल‍,hindi
train/hindi/J_image_393_1.jpg,स,hindi
train/hindi/J_image_393_2.jpg,ऊँचाई,hindi
train/hindi/J_image_393_4.jpg,मी,hindi
train/hindi/J_image_393_5.jpg,समन्द्र,hindi
train/hindi/J_image_393_8.jpg,पंजकोसी,hindi
train/hindi/J_image_394_8.jpg,पार्टिशन,hindi
train/hindi/J_image_394_9.jpg,म्यूज़ियम,hindi
train/hindi/J_image_4_6.jpg,फिरोजपुर,hindi
train/hindi/J_image_40_1.jpg,अमृतसर,hindi
train/hindi/J_image_40_14.jpg,स्टेशन,hindi
train/hindi/J_image_40_15.jpg,अमृतसर,hindi
train/hindi/J_image_40_16.jpg,रेलवे,hindi
train/hindi/J_image_40_22.jpg,शनि,hindi
train/hindi/J_image_40_23.jpg,देव,hindi
train/hindi/J_image_40_24.jpg,हरे,hindi
train/hindi/J_image_40_36.jpg,ॐ,hindi
train/hindi/J_image_40_38.jpg,रेल,hindi
train/hindi/J_image_40_39.jpg,भारतीय,hindi
train/hindi/J_image_40_43.jpg,निषेध,hindi
train/hindi/J_image_40_44.jpg,प्रवेश,hindi
train/hindi/J_image_402_19.jpg,भारतीय,hindi
train/hindi/J_image_402_20.jpg,डाक,hindi
train/hindi/J_image_402_3.jpg,उप,hindi
train/hindi/J_image_402_4.jpg,डाकघर,hindi
train/hindi/J_image_402_5.jpg,द्यमॊट,hindi
train/hindi/J_image_402_8.jpg,भारतीय,hindi
train/hindi/J_image_402_9.jpg,डाक,hindi
train/hindi/J_image_403_10.jpg,प्राचीन,hindi
train/hindi/J_image_403_2.jpg,कला‍,hindi
train/hindi/J_image_403_9.jpg,केन्द्र,hindi
train/hindi/J_image_407_10.jpg,हिन्दु,hindi
train/hindi/J_image_407_100.jpg,स्वागत,hindi
train/hindi/J_image_407_101.jpg,का,hindi
train/hindi/J_image_407_102.jpg,श्री,hindi
train/hindi/J_image_407_103.jpg,रथयात्रा,hindi
train/hindi/J_image_407_104.jpg,लाखःलाख,hindi
train/hindi/J_image_407_105.jpg,बधाई,hindi
train/hindi/J_image_407_107.jpg,स्वागत,hindi
train/hindi/J_image_407_108.jpg,जगन्नाथ,hindi
train/hindi/J_image_407_11.jpg,परिषद,hindi
train/hindi/J_image_407_114.jpg,महोत्सव,hindi
train/hindi/J_image_407_115.jpg,भक्‍त,hindi
train/hindi/J_image_407_116.jpg,श्री,hindi
train/hindi/J_image_407_117.jpg,हनुमान,hindi
train/hindi/J_image_407_12.jpg,बजरंग,hindi
train/hindi/J_image_407_13.jpg,दल,hindi
train/hindi/J_image_407_14.jpg,जगनाथ,hindi
train/hindi/J_image_407_15.jpg,भगवान,hindi
train/hindi/J_image_407_16.jpg,हार्दिक,hindi
train/hindi/J_image_407_17.jpg,है,hindi
train/hindi/J_image_407_18.jpg,हिन्दु,hindi
train/hindi/J_image_407_19.jpg,बजरंग,hindi
train/hindi/J_image_407_20.jpg,दल,hindi
train/hindi/J_image_407_22.jpg,महायज्ञ,hindi
train/hindi/J_image_407_25.jpg,दिसंबर,hindi
train/hindi/J_image_407_26.jpg,सेे,hindi
train/hindi/J_image_407_27.jpg,बजे,hindi
train/hindi/J_image_407_29.jpg,स्थान,hindi
train/hindi/J_image_407_30.jpg,सांय,hindi
train/hindi/J_image_407_31.jpg,श्री,hindi
train/hindi/J_image_407_32.jpg,जगन्नाथ,hindi
train/hindi/J_image_407_33.jpg,रथयात्रा,hindi
train/hindi/J_image_407_34.jpg,श्री,hindi
train/hindi/J_image_407_4.jpg,रथयात्रा,hindi
train/hindi/J_image_407_5.jpg,का,hindi
train/hindi/J_image_407_6.jpg,हार्दिक,hindi
train/hindi/J_image_407_7.jpg,श्री,hindi
train/hindi/J_image_407_74.jpg,अमृतसर,hindi
train/hindi/J_image_407_75.jpg,तक‌,hindi
train/hindi/J_image_407_76.jpg,तक,hindi
train/hindi/J_image_407_77.jpg,लीला,hindi
train/hindi/J_image_407_78.jpg,रास,hindi
train/hindi/J_image_407_79.jpg,चैतन्य,hindi
train/hindi/J_image_407_8.jpg,भगवान,hindi
train/hindi/J_image_407_80.jpg,कृष्ण,hindi
train/hindi/J_image_407_83.jpg,से,hindi
train/hindi/J_image_407_85.jpg,नवंबर,hindi
train/hindi/J_image_407_86.jpg,भाईयां,hindi
train/hindi/J_image_407_87.jpg,बाग,hindi
train/hindi/J_image_407_88.jpg,शिवाला,hindi
train/hindi/J_image_407_96.jpg,अश्वमेध,hindi
train/hindi/J_image_407_99.jpg,परिषद,hindi
train/hindi/J_image_408_11.jpg,डाउन,hindi
train/hindi/J_image_408_3.jpg,बी,hindi
train/hindi/J_image_408_8.jpg,अप,hindi
train/hindi/J_image_41_19.jpg,म,hindi
train/hindi/J_image_414_11.jpg,गणतंत्र,hindi
train/hindi/J_image_414_12.jpg,दिवस,hindi
train/hindi/J_image_414_13.jpg,के,hindi
train/hindi/J_image_414_14.jpg,में,hindi
train/hindi/J_image_414_15.jpg,उपलक्ष्य,hindi
train/hindi/J_image_414_7.jpg,दिल्ली,hindi
train/hindi/J_image_414_8.jpg,पंजाबी,hindi
train/hindi/J_image_414_9.jpg,अकादमी,hindi
train/hindi/J_image_416_0.jpg,चंडीगढ,hindi
train/hindi/J_image_417_4.jpg,पटियाला,hindi
train/hindi/J_image_417_7.jpg,हैे,hindi
train/hindi/J_image_417_8.jpg,निषेद्य,hindi
train/hindi/J_image_417_9.jpg,पार्किंग,hindi
train/hindi/J_image_419_10.jpg,किया,hindi
train/hindi/J_image_419_11.jpg,गया‍,hindi
train/hindi/J_image_419_12.jpg,१२,hindi
train/hindi/J_image_419_13.jpg,१६५४,hindi
train/hindi/J_image_419_14.jpg,को‍,hindi
train/hindi/J_image_419_15.jpg,जवाहर,hindi
train/hindi/J_image_419_16.jpg,लाल,hindi
train/hindi/J_image_419_17.jpg,नैहरू,hindi
train/hindi/J_image_419_18.jpg,द्वारा,hindi
train/hindi/J_image_419_19.jpg,कमलों,hindi
train/hindi/J_image_419_20.jpg,क‍र,hindi
train/hindi/J_image_419_21.jpg,के‍,hindi
train/hindi/J_image_419_22.jpg,श्री,hindi
train/hindi/J_image_419_23.jpg,मंत्री,hindi
train/hindi/J_image_419_24.jpg,मधान,hindi
train/hindi/J_image_419_25.jpg,के‍,hindi
train/hindi/J_image_419_26.jpg,भारत,hindi
train/hindi/J_image_419_27.jpg,हस्पताल,hindi
train/hindi/J_image_419_28.jpg,राजेंन्द्रा,hindi
train/hindi/J_image_419_53.jpg,फरवरी,hindi
train/hindi/J_image_419_6.jpg,इस,hindi
train/hindi/J_image_419_7.jpg,हस्पताल,hindi
train/hindi/J_image_419_8.jpg,का‍,hindi
train/hindi/J_image_419_9.jpg,उद्‌घाटन,hindi
train/hindi/J_image_423_1.jpg,रामपुरा,hindi
train/hindi/J_image_423_2.jpg,फूल,hindi
train/hindi/J_image_429_0.jpg,सेठी,hindi
train/hindi/J_image_429_17.jpg,पंजाब,hindi
train/hindi/J_image_429_18.jpg,ढाबा,hindi
train/hindi/J_image_429_2.jpg,रोटी,hindi
train/hindi/J_image_429_3.jpg,सेठी,hindi
train/hindi/J_image_429_4.jpg,महक,hindi
train/hindi/J_image_431_25.jpg,दीवारों,hindi
train/hindi/J_image_431_6.jpg,कृप्या,hindi
train/hindi/J_image_431_7.jpg,पर,hindi
train/hindi/J_image_431_8.jpg,न,hindi
train/hindi/J_image_431_9.jpg,लिखें,hindi
train/hindi/J_image_433_3.jpg,है,hindi
train/hindi/J_image_433_4.jpg,मना,hindi
train/hindi/J_image_433_5.jpg,डालना,hindi
train/hindi/J_image_433_6.jpg,रुपये-,hindi
train/hindi/J_image_433_7.jpg,कुँऐ,hindi
train/hindi/J_image_433_8.jpg,में,hindi
train/hindi/J_image_433_9.jpg,पैसे,hindi
train/hindi/J_image_437_21.jpg,रूप,hindi
train/hindi/J_image_437_22.jpg,नगर,hindi
train/hindi/J_image_437_5.jpg,रूप,hindi
train/hindi/J_image_437_8.jpg,नगर,hindi
train/hindi/J_image_45_131.jpg,पुलों,hindi
train/hindi/J_image_45_132.jpg,लिए,hindi
train/hindi/J_image_45_133.jpg,दिल्ली,hindi
train/hindi/J_image_45_134.jpg,पास,hindi
train/hindi/J_image_45_135.jpg,सरहिन्द,hindi
train/hindi/J_image_45_136.jpg,साहिब,hindi
train/hindi/J_image_45_138.jpg,की,hindi
train/hindi/J_image_45_139.jpg,हुए,hindi
train/hindi/J_image_45_140.jpg,जाने,hindi
train/hindi/J_image_45_141.jpg,वाली,hindi
train/hindi/J_image_45_142.jpg,धुढवा,hindi
train/hindi/J_image_45_143.jpg,सड़क,hindi
train/hindi/J_image_45_144.jpg,में,hindi
train/hindi/J_image_45_145.jpg,के‍,hindi
train/hindi/J_image_45_146.jpg,बहादर,hindi
train/hindi/J_image_45_147.jpg,जम़ीन,hindi
train/hindi/J_image_45_148.jpg,है,hindi
train/hindi/J_image_45_149.jpg,है‍,hindi
train/hindi/J_image_45_150.jpg,ने,hindi
train/hindi/J_image_45_151.jpg,करवाई,hindi
train/hindi/J_image_45_152.jpg,किये,hindi
train/hindi/J_image_45_153.jpg,सरहिन्द,hindi
train/hindi/J_image_45_154.jpg,समय,hindi
train/hindi/J_image_45_155.jpg,बाबा,hindi
train/hindi/J_image_45_156.jpg,यहां,hindi
train/hindi/J_image_45_157.jpg,छठे,hindi
train/hindi/J_image_45_158.jpg,बहादर,hindi
train/hindi/J_image_45_159.jpg,है,hindi
train/hindi/J_image_45_160.jpg,गए,hindi
train/hindi/J_image_45_161.jpg,स्थित,hindi
train/hindi/J_image_45_162.jpg,है,hindi
train/hindi/J_image_45_163.jpg,इस,hindi
train/hindi/J_image_45_164.jpg,स्थान,hindi
train/hindi/J_image_45_165.jpg,सरहिन्द,hindi
train/hindi/J_image_45_166.jpg,पर‍,hindi
train/hindi/J_image_45_167.jpg,साहिब,hindi
train/hindi/J_image_45_168.jpg,जी,hindi
train/hindi/J_image_45_169.jpg,बिराजे,hindi
train/hindi/J_image_45_170.jpg,थे‍,hindi
train/hindi/J_image_45_172.jpg,शहीद,hindi
train/hindi/J_image_45_173.jpg,के‍,hindi
train/hindi/J_image_45_174.jpg,क‍ी,hindi
train/hindi/J_image_45_175.jpg,संस्कार,hindi
train/hindi/J_image_45_176.jpg,इस,hindi
train/hindi/J_image_45_179.jpg,ज्येष्ट,hindi
train/hindi/J_image_45_180.jpg,स्थान,hindi
train/hindi/J_image_45_181.jpg,गये,hindi
train/hindi/J_image_45_182.jpg,लाये,hindi
train/hindi/J_image_45_183.jpg,हित,hindi
train/hindi/J_image_45_184.jpg,अत्याचारों,hindi
train/hindi/J_image_45_185.jpg,के‍,hindi
train/hindi/J_image_45_186.jpg,समय,hindi
train/hindi/J_image_45_187.jpg,संस्कार,hindi
train/hindi/J_image_45_189.jpg,का‍‌,hindi
train/hindi/J_image_45_190.jpg,अंतिम,hindi
train/hindi/J_image_45_191.jpg,यहां,hindi
train/hindi/J_image_45_192.jpg,गया,hindi
train/hindi/J_image_45_193.jpg,ररवा,hindi
train/hindi/J_image_45_194.jpg,साहिब,hindi
train/hindi/J_image_45_195.jpg,स्वरूप,hindi
train/hindi/J_image_45_196.jpg,और‍,hindi
train/hindi/J_image_45_197.jpg,माता,hindi
train/hindi/J_image_45_198.jpg,यहां,hindi
train/hindi/J_image_45_199.jpg,श्री,hindi
train/hindi/J_image_45_200.jpg,को,hindi
train/hindi/J_image_45_201.jpg,साहिबजादों,hindi
train/hindi/J_image_45_203.jpg,करके,hindi
train/hindi/J_image_45_204.jpg,बबान,hindi
train/hindi/J_image_45_205.jpg,गुजरी,hindi
train/hindi/J_image_45_206.jpg,एक‌,hindi
train/hindi/J_image_45_207.jpg,साहिब,hindi
train/hindi/J_image_45_208.jpg,माता,hindi
train/hindi/J_image_45_209.jpg,फतेहगढ़,hindi
train/hindi/J_image_45_210.jpg,श्री,hindi
train/hindi/J_image_45_211.jpg,पुज्यनीय,hindi
train/hindi/J_image_45_212.jpg,सिंह,hindi
train/hindi/J_image_45_213.jpg,माता,hindi
train/hindi/J_image_45_214.jpg,बुर्ज,hindi
train/hindi/J_image_45_215.jpg,स्थान,hindi
train/hindi/J_image_45_216.jpg,स्थान,hindi
train/hindi/J_image_45_217.jpg,स्थान,hindi
train/hindi/J_image_45_218.jpg,स्थान,hindi
train/hindi/J_image_45_219.jpg,यह,hindi
train/hindi/J_image_45_220.jpg,यह,hindi
train/hindi/J_image_45_221.jpg,महाराजा,hindi
train/hindi/J_image_45_222.jpg,यह,hindi
train/hindi/J_image_45_223.jpg,इस,hindi
train/hindi/J_image_45_224.jpg,होता,hindi
train/hindi/J_image_45_225.jpg,का‍,hindi
train/hindi/J_image_45_226.jpg,जी,hindi
train/hindi/J_image_45_227.jpg,साहिब,hindi
train/hindi/J_image_45_228.jpg,श्री,hindi
train/hindi/J_image_45_229.jpg,स्थान,hindi
train/hindi/J_image_45_230.jpg,पर‍,hindi
train/hindi/J_image_45_232.jpg,बाबा,hindi
train/hindi/J_image_45_233.jpg,सिंह,hindi
train/hindi/J_image_45_234.jpg,आयु,hindi
train/hindi/J_image_45_235.jpg,बर्ष,hindi
train/hindi/J_image_45_236.jpg,बाबा,hindi
train/hindi/J_image_45_237.jpg,जी,hindi
train/hindi/J_image_45_239.jpg,क‍ी,hindi
train/hindi/J_image_45_240.jpg,पेशी,hindi
train/hindi/J_image_45_241.jpg,हुई,hindi
train/hindi/J_image_45_242.jpg,पौष,hindi
train/hindi/J_image_45_243.jpg,दीवान,hindi
train/hindi/J_image_45_244.jpg,से‍,hindi
train/hindi/J_image_45_245.jpg,केा,hindi
train/hindi/J_image_45_246.jpg,को‌,hindi
train/hindi/J_image_45_247.jpg,यहीं,hindi
train/hindi/J_image_45_248.jpg,हाल,hindi
train/hindi/J_image_45_249.jpg,के‍,hindi
train/hindi/J_image_45_250.jpg,दीवारों,hindi
train/hindi/J_image_45_251.jpg,में,hindi
train/hindi/J_image_45_252.jpg,जीवित,hindi
train/hindi/J_image_45_253.jpg,चिन्वा,hindi
train/hindi/J_image_45_254.jpg,विजय,hindi
train/hindi/J_image_45_255.jpg,श्री,hindi
train/hindi/J_image_45_256.jpg,टोडर,hindi
train/hindi/J_image_45_257.jpg,पिछली,hindi
train/hindi/J_image_45_258.jpg,मल,hindi
train/hindi/J_image_45_259.jpg,ने,hindi
train/hindi/J_image_45_260.jpg,नीवं,hindi
train/hindi/J_image_45_261.jpg,के‌,hindi
train/hindi/J_image_45_262.jpg,स्थान,hindi
train/hindi/J_image_45_263.jpg,पर‍,hindi
train/hindi/J_image_45_264.jpg,क‍े,hindi
train/hindi/J_image_45_265.jpg,बदले,hindi
train/hindi/J_image_45_266.jpg,लेकर,hindi
train/hindi/J_image_45_268.jpg,शासकॊं,hindi
train/hindi/J_image_45_269.jpg,में,hindi
train/hindi/J_image_45_270.jpg,किया,hindi
train/hindi/J_image_45_271.jpg,से,hindi
train/hindi/J_image_45_272.jpg,सिक्खों,hindi
train/hindi/J_image_45_273.jpg,किया,hindi
train/hindi/J_image_45_274.jpg,अब,hindi
train/hindi/J_image_45_275.jpg,इस,hindi
train/hindi/J_image_45_276.jpg,साहिब,hindi
train/hindi/J_image_45_277.jpg,भोरा,hindi
train/hindi/J_image_45_278.jpg,साहिब,hindi
train/hindi/J_image_45_279.jpg,साहिब,hindi
train/hindi/J_image_45_280.jpg,गढ़,hindi
train/hindi/J_image_45_281.jpg,बबान,hindi
train/hindi/J_image_45_282.jpg,श्री,hindi
train/hindi/J_image_45_283.jpg,श्री,hindi
train/hindi/J_image_45_284.jpg,गढ़,hindi
train/hindi/J_image_45_285.jpg,फतेह,hindi
train/hindi/J_image_45_286.jpg,श्री,hindi
train/hindi/J_image_45_287.jpg,‍की,hindi
train/hindi/J_image_45_288.jpg,पातशाही,hindi
train/hindi/J_image_45_289.jpg,छ्ठी,hindi
train/hindi/J_image_45_290.jpg,वसूल,hindi
train/hindi/J_image_45_291.jpg,नः,hindi
train/hindi/J_image_45_292.jpg,भेंट,hindi
train/hindi/J_image_45_293.jpg,गंज,hindi
train/hindi/J_image_45_294.jpg,शहीद,hindi
train/hindi/J_image_45_295.jpg,क‍ी,hindi
train/hindi/J_image_45_296.jpg,गुः,hindi
train/hindi/J_image_45_297.jpg,गुः,hindi
train/hindi/J_image_45_298.jpg,गुः,hindi
train/hindi/J_image_45_299.jpg,इस,hindi
train/hindi/J_image_45_300.jpg,गुः,hindi
train/hindi/J_image_45_301.jpg,गुः,hindi
train/hindi/J_image_45_302.jpg,गु:,hindi
train/hindi/J_image_45_472.jpg,गੁ:,hindi
train/hindi/J_image_45_628.jpg,स्थान,hindi
train/hindi/J_image_45_630.jpg,ऐतिहासिक,hindi
train/hindi/J_image_45_631.jpg,गुः,hindi
train/hindi/J_image_45_632.jpg,गुः,hindi
train/hindi/J_image_45_633.jpg,शीश,hindi
train/hindi/J_image_45_634.jpg,शहीद,hindi
train/hindi/J_image_45_635.jpg,शहीद,hindi
train/hindi/J_image_45_636.jpg,गंज,hindi
train/hindi/J_image_45_637.jpg,गंज,hindi
train/hindi/J_image_45_639.jpg,नः,hindi
train/hindi/J_image_45_640.jpg,नः,hindi
train/hindi/J_image_45_643.jpg,श्री,hindi
train/hindi/J_image_45_644.jpg,स्थान,hindi
train/hindi/J_image_45_645.jpg,सेवा,hindi
train/hindi/J_image_45_646.jpg,साहिब,hindi
train/hindi/J_image_45_647.jpg,श्री,hindi
train/hindi/J_image_45_648.jpg,बुर्ज,hindi
train/hindi/J_image_45_649.jpg,ठंडा,hindi
train/hindi/J_image_45_650.jpg,ज्योति,hindi
train/hindi/J_image_45_651.jpg,स्वरूप,hindi
train/hindi/J_image_45_652.jpg,बना,hindi
train/hindi/J_image_45_653.jpg,यह,hindi
train/hindi/J_image_45_654.jpg,है,hindi
train/hindi/J_image_45_656.jpg,के‍,hindi
train/hindi/J_image_45_657.jpg,सम्वत,hindi
train/hindi/J_image_45_658.jpg,मुगलों,hindi
train/hindi/J_image_45_659.jpg,मुहरों,hindi
train/hindi/J_image_45_660.jpg,है,hindi
train/hindi/J_image_45_661.jpg,स्थित,hindi
train/hindi/J_image_45_662.jpg,और,hindi
train/hindi/J_image_45_663.jpg,दिया,hindi
train/hindi/J_image_45_664.jpg,हुए,hindi
train/hindi/J_image_45_665.jpg,शहीद,hindi
train/hindi/J_image_45_666.jpg,समय,hindi
train/hindi/J_image_45_667.jpg,के‍,hindi
train/hindi/J_image_45_668.jpg,जो,hindi
train/hindi/J_image_45_669.jpg,हुई,hindi
train/hindi/J_image_45_670.jpg,साहिबजादों,hindi
train/hindi/J_image_45_671.jpg,हुई,hindi
train/hindi/J_image_45_672.jpg,शहीद,hindi
train/hindi/J_image_45_673.jpg,जी,hindi
train/hindi/J_image_45_674.jpg,शासकों,hindi
train/hindi/J_image_45_676.jpg,सम्वत,hindi
train/hindi/J_image_45_678.jpg,बर्ष,hindi
train/hindi/J_image_45_679.jpg,आयु,hindi
train/hindi/J_image_45_680.jpg,सिंह,hindi
train/hindi/J_image_45_681.jpg,फतेह,hindi
train/hindi/J_image_45_684.jpg,जोरावर,hindi
train/hindi/J_image_45_685.jpg,साहिबजादे,hindi
train/hindi/J_image_45_687.jpg,की,hindi
train/hindi/J_image_45_688.jpg,पौष,hindi
train/hindi/J_image_45_689.jpg,जहां,hindi
train/hindi/J_image_45_690.jpg,गुरू,hindi
train/hindi/J_image_45_691.jpg,ग्रंथ,hindi
train/hindi/J_image_45_692.jpg,प्रकाश,hindi
train/hindi/J_image_45_693.jpg,है,hindi
train/hindi/J_image_45_694.jpg,यह,hindi
train/hindi/J_image_45_695.jpg,करने,hindi
train/hindi/J_image_45_696.jpg,यह,hindi
train/hindi/J_image_45_697.jpg,के‍,hindi
train/hindi/J_image_45_698.jpg,स्थान,hindi
train/hindi/J_image_45_699.jpg,स्थान,hindi
train/hindi/J_image_45_700.jpg,कर्म,hindi
train/hindi/J_image_45_701.jpg,वह,hindi
train/hindi/J_image_45_702.jpg,है,hindi
train/hindi/J_image_45_703.jpg,गुरूद्वारा,hindi
train/hindi/J_image_45_704.jpg,जहां,hindi
train/hindi/J_image_45_705.jpg,जी,hindi
train/hindi/J_image_45_706.jpg,और‍,hindi
train/hindi/J_image_45_707.jpg,जी,hindi
train/hindi/J_image_45_708.jpg,साहिबजादों,hindi
train/hindi/J_image_45_709.jpg,से‍,hindi
train/hindi/J_image_45_710.jpg,के‍,hindi
train/hindi/J_image_45_711.jpg,जी,hindi
train/hindi/J_image_45_712.jpg,और,hindi
train/hindi/J_image_45_713.jpg,तैयार,hindi
train/hindi/J_image_45_714.jpg,मील,hindi
train/hindi/J_image_45_715.jpg,दुरी,hindi
train/hindi/J_image_45_716.jpg,गुरद्वारा,hindi
train/hindi/J_image_45_717.jpg,मोरिंडे,hindi
train/hindi/J_image_45_718.jpg,से,hindi
train/hindi/J_image_45_719.jpg,पर‍,hindi
train/hindi/J_image_45_720.jpg,है‍,hindi
train/hindi/J_image_45_721.jpg,लाकर,hindi
train/hindi/J_image_45_722.jpg,ज्योति,hindi
train/hindi/J_image_45_723.jpg,जी,hindi
train/hindi/J_image_45_724.jpg,साहिबजादों,hindi
train/hindi/J_image_45_725.jpg,नजरबंद,hindi
train/hindi/J_image_45_726.jpg,में,hindi
train/hindi/J_image_45_727.jpg,संस्कार,hindi
train/hindi/J_image_45_728.jpg,पौष,hindi
train/hindi/J_image_45_729.jpg,सम्वत,hindi
train/hindi/J_image_45_730.jpg,यह,hindi
train/hindi/J_image_45_731.jpg,गुजरी,hindi
train/hindi/J_image_45_732.jpg,माता,hindi
train/hindi/J_image_45_733.jpg,को‍,hindi
train/hindi/J_image_45_735.jpg,क।‍,hindi
train/hindi/J_image_45_736.jpg,सिक्खों,hindi
train/hindi/J_image_45_737.jpg,सिरों,hindi
train/hindi/J_image_45_738.jpg,सिक्खों,hindi
train/hindi/J_image_45_739.jpg,सरहिन्द,hindi
train/hindi/J_image_45_740.jpg,सिंह,hindi
train/hindi/J_image_45_741.jpg,बैलगाडीयां,hindi
train/hindi/J_image_45_743.jpg,समय,hindi
train/hindi/J_image_45_744.jpg,उस,hindi
train/hindi/J_image_45_745.jpg,को,hindi
train/hindi/J_image_45_746.jpg,फतेह,hindi
train/hindi/J_image_45_747.jpg,सुखा,hindi
train/hindi/J_image_45_748.jpg,जत्थेदार,hindi
train/hindi/J_image_45_749.jpg,यहाँ,hindi
train/hindi/J_image_45_750.jpg,हरगोबिन्द,hindi
train/hindi/J_image_45_751.jpg,गुरू,hindi
train/hindi/J_image_45_752.jpg,ने,hindi
train/hindi/J_image_45_753.jpg,जी,hindi
train/hindi/J_image_45_754.jpg,श्री,hindi
train/hindi/J_image_45_755.jpg,पातिशाह,hindi
train/hindi/J_image_45_756.jpg,पर‍,hindi
train/hindi/J_image_45_757.jpg,सिंह,hindi
train/hindi/J_image_45_758.jpg,बंदा,hindi
train/hindi/J_image_45_759.jpg,मण्डी,hindi
train/hindi/J_image_45_760.jpg,सामने,hindi
train/hindi/J_image_45_761.jpg,के‌,hindi
train/hindi/J_image_45_762.jpg,नरेश,hindi
train/hindi/J_image_45_763.jpg,पटियाला,hindi
train/hindi/J_image_45_764.jpg,जिस,hindi
train/hindi/J_image_45_765.jpg,समीप,hindi
train/hindi/J_image_45_766.jpg,संस्कार,hindi
train/hindi/J_image_45_767.jpg,मन्दिर,hindi
train/hindi/J_image_45_768.jpg,क‍र,hindi
train/hindi/J_image_45_769.jpg,के‍,hindi
train/hindi/J_image_45_770.jpg,गंभीर,hindi
train/hindi/J_image_45_771.jpg,में,hindi
train/hindi/J_image_45_772.jpg,क‍ी,hindi
train/hindi/J_image_45_773.jpg,गढ़,hindi
train/hindi/J_image_45_774.jpg,पास,hindi
train/hindi/J_image_45_775.jpg,परिक्रमा,hindi
train/hindi/J_image_45_776.jpg,पुलों,hindi
train/hindi/J_image_45_777.jpg,सड़क,hindi
train/hindi/J_image_45_778.jpg,वाली,hindi
train/hindi/J_image_45_779.jpg,जाने,hindi
train/hindi/J_image_45_780.jpg,सरहिन्द,hindi
train/hindi/J_image_45_781.jpg,जाते,hindi
train/hindi/J_image_45_782.jpg,के‌,hindi
train/hindi/J_image_45_783.jpg,दरबार,hindi
train/hindi/J_image_453_2.jpg,ट्रैढिव,hindi
train/hindi/J_image_458_0.jpg,दपूमरे,hindi
train/hindi/J_image_458_13.jpg,मीटर,hindi
train/hindi/J_image_458_15.jpg,बंजारा,hindi
train/hindi/J_image_458_16.jpg,सराय,hindi
train/hindi/J_image_458_2.jpg,बंजारा,hindi
train/hindi/J_image_458_3.jpg,समुन्द्रतल,hindi
train/hindi/J_image_458_4.jpg,से‍,hindi
train/hindi/J_image_458_5.jpg,ऊचाई,hindi
train/hindi/J_image_46_556.jpg,नई,hindi
train/hindi/J_image_46_557.jpg,था,hindi
train/hindi/J_image_46_558.jpg,जाता,hindi
train/hindi/J_image_46_559.jpg,था,hindi
train/hindi/J_image_46_560.jpg,महाभारत,hindi
train/hindi/J_image_46_561.jpg,में,hindi
train/hindi/J_image_46_563.jpg,वहीं,hindi
train/hindi/J_image_46_564.jpg,राजनीति,hindi
train/hindi/J_image_46_565.jpg,के‌,hindi
train/hindi/J_image_46_566.jpg,क्षेत,hindi
train/hindi/J_image_46_567.jpg,में,hindi
train/hindi/J_image_46_568.jpg,ध्वनि,hindi
train/hindi/J_image_46_569.jpg,धात्विक,hindi
train/hindi/J_image_46_570.jpg,प्रयोग,hindi
train/hindi/J_image_46_571.jpg,फैला,hindi
train/hindi/J_image_46_572.jpg,द्वारा,hindi
train/hindi/J_image_46_573.jpg,हुआ,hindi
train/hindi/J_image_46_574.jpg,प्रारम्भ,hindi
train/hindi/J_image_46_575.jpg,हो,hindi
train/hindi/J_image_46_576.jpg,से‍,hindi
train/hindi/J_image_46_577.jpg,काल‍,hindi
train/hindi/J_image_46_578.jpg,व्यापार,hindi
train/hindi/J_image_46_579.jpg,में,hindi
train/hindi/J_image_46_580.jpg,से‍,hindi
train/hindi/J_image_46_581.jpg,शक-पहलव,hindi
train/hindi/J_image_46_582.jpg,परम्पराओं,hindi
train/hindi/J_image_46_583.jpg,का‍,hindi
train/hindi/J_image_46_584.jpg,हुए ,hindi
train/hindi/J_image_46_585.jpg,प्रभाव,hindi
train/hindi/J_image_46_586.jpg,सांस्कृतिक,hindi
train/hindi/J_image_46_587.jpg,शासन,hindi
train/hindi/J_image_46_588.jpg,जनपदीय,hindi
train/hindi/J_image_46_589.jpg,से‍,hindi
train/hindi/J_image_46_590.jpg,फिर,hindi
train/hindi/J_image_46_591.jpg,यहां,hindi
train/hindi/J_image_46_592.jpg,र्है,hindi
train/hindi/J_image_46_593.jpg,मिलते,hindi
train/hindi/J_image_46_594.jpg,में,hindi
train/hindi/J_image_46_595.jpg,रूप,hindi
train/hindi/J_image_46_596.jpg,के,hindi
train/hindi/J_image_46_597.jpg,पुरावशेष,hindi
train/hindi/J_image_46_598.jpg,अन्य,hindi
train/hindi/J_image_46_599.jpg,तक,hindi
train/hindi/J_image_46_600.jpg,होने,hindi
train/hindi/J_image_46_601.jpg,शक्तिशाली,hindi
train/hindi/J_image_46_602.jpg,अतिरिक्‍त,hindi
train/hindi/J_image_46_603.jpg,निधि,hindi
train/hindi/J_image_46_604.jpg,‍की,hindi
train/hindi/J_image_46_605.jpg,सिक्कों,hindi
train/hindi/J_image_46_608.jpg,तथा,hindi
train/hindi/J_image_46_609.jpg,दिया,hindi
train/hindi/J_image_46_610.jpg,क‍र,hindi
train/hindi/J_image_46_611.jpg,नष्ट,hindi
train/hindi/J_image_46_612.jpg,सिक्का,hindi
train/hindi/J_image_46_613.jpg,कला,hindi
train/hindi/J_image_46_614.jpg,रहा,hindi
train/hindi/J_image_46_615.jpg,यहां,hindi
train/hindi/J_image_46_616.jpg,बंट,hindi
train/hindi/J_image_46_617.jpg,काे,hindi
train/hindi/J_image_46_620.jpg,ईसवीं,hindi
train/hindi/J_image_46_622.jpg,ईटों,hindi
train/hindi/J_image_46_623.jpg,के,hindi
train/hindi/J_image_46_624.jpg,परन्तु,hindi
train/hindi/J_image_46_626.jpg,जो़,hindi
train/hindi/J_image_46_627.jpg,इस,hindi
train/hindi/J_image_46_628.jpg,शहर,hindi
train/hindi/J_image_46_629.jpg,का,hindi
train/hindi/J_image_46_630.jpg,बसाव,hindi
train/hindi/J_image_46_631.jpg,दक्षिणी,hindi
train/hindi/J_image_46_632.jpg,‍काल,hindi
train/hindi/J_image_46_633.jpg,काे,hindi
train/hindi/J_image_46_634.jpg,टीले,hindi
train/hindi/J_image_46_635.jpg,प्रयोग,hindi
train/hindi/J_image_46_636.jpg,द्वारा,hindi
train/hindi/J_image_46_637.jpg,केे,hindi
train/hindi/J_image_46_638.jpg,में,hindi
train/hindi/J_image_46_639.jpg,घरों,hindi
train/hindi/J_image_46_640.jpg,बने,hindi
train/hindi/J_image_46_641.jpg,से,hindi
train/hindi/J_image_46_642.jpg,गारे,hindi
train/hindi/J_image_46_643.jpg,क‍े,hindi
train/hindi/J_image_46_644.jpg,मिट्टी,hindi
train/hindi/J_image_46_645.jpg,तथा,hindi
train/hindi/J_image_46_646.jpg,कंकङ-पत्थर,hindi
train/hindi/J_image_46_647.jpg,ईटो,hindi
train/hindi/J_image_46_648.jpg,‍जी,hindi
train/hindi/J_image_46_649.jpg,ने,hindi
train/hindi/J_image_46_650.jpg,नदी,hindi
train/hindi/J_image_46_651.jpg,पा‍र,hindi
train/hindi/J_image_46_652.jpg,को,hindi
train/hindi/J_image_46_653.jpg,थी,hindi
train/hindi/J_image_46_654.jpg,केे,hindi
train/hindi/J_image_46_655.jpg,बीच,hindi
train/hindi/J_image_46_656.jpg,राजनैतिक,hindi
train/hindi/J_image_46_657.jpg,हुई,hindi
train/hindi/J_image_46_658.jpg,थ़ी,hindi
train/hindi/J_image_46_659.jpg,इसी‍,hindi
train/hindi/J_image_46_660.jpg,स्‍थान,hindi
train/hindi/J_image_46_661.jpg,पर,hindi
train/hindi/J_image_46_662.jpg,नदी,hindi
train/hindi/J_image_46_663.jpg,क‍े,hindi
train/hindi/J_image_46_664.jpg,बीचो-बीच,hindi
train/hindi/J_image_46_665.jpg,अक्टूबर,hindi
train/hindi/J_image_46_667.jpg,‍को,hindi
train/hindi/J_image_46_668.jpg,रूप-वसन्त,hindi
train/hindi/J_image_46_669.jpg,‍की,hindi
train/hindi/J_image_46_670.jpg,लोक,hindi
train/hindi/J_image_46_671.jpg,गाथा,hindi
train/hindi/J_image_46_672.jpg,से‍,hindi
train/hindi/J_image_46_673.jpg,भी,hindi
train/hindi/J_image_46_674.jpg,जोडा,hindi
train/hindi/J_image_46_675.jpg,से‍,hindi
train/hindi/J_image_46_676.jpg,‍की,hindi
train/hindi/J_image_46_677.jpg,जाती,hindi
train/hindi/J_image_46_678.jpg,है,hindi
train/hindi/J_image_46_679.jpg,जहां,hindi
train/hindi/J_image_46_680.jpg,राजा,hindi
train/hindi/J_image_46_681.jpg,भरत,hindi
train/hindi/J_image_46_682.jpg,नेे,hindi
train/hindi/J_image_46_683.jpg,शिवालिक,hindi
train/hindi/J_image_46_684.jpg,नदी,hindi
train/hindi/J_image_46_685.jpg,जहां,hindi
train/hindi/J_image_46_686.jpg,है,hindi
train/hindi/J_image_46_687.jpg,अवस्थित,hindi
train/hindi/J_image_46_688.jpg,पर,hindi
train/hindi/J_image_46_689.jpg,मोड,hindi
train/hindi/J_image_46_690.jpg,ऐसे,hindi
train/hindi/J_image_46_691.jpg,किनारे,hindi
train/hindi/J_image_46_692.jpg,के,hindi
train/hindi/J_image_46_693.jpg,सतुद्री ,hindi
train/hindi/J_image_46_694.jpg,या‍,hindi
train/hindi/J_image_46_695.jpg,हुए,hindi
train/hindi/J_image_46_696.jpg,है॓,hindi
train/hindi/J_image_46_698.jpg,के‌,hindi
train/hindi/J_image_46_699.jpg,संस्कृति,hindi
train/hindi/J_image_46_700.jpg,किये,hindi
train/hindi/J_image_46_701.jpg,को‍,hindi
train/hindi/J_image_46_702.jpg,अवशेष,hindi
train/hindi/J_image_46_703.jpg,शहर,hindi
train/hindi/J_image_46_704.jpg,प्राचीन,hindi
train/hindi/J_image_46_705.jpg,उत्खनन,hindi
train/hindi/J_image_46_706.jpg,जिसे,hindi
train/hindi/J_image_46_708.jpg,का,hindi
train/hindi/J_image_46_709.jpg,आयी,hindi
train/hindi/J_image_46_710.jpg,में,hindi
train/hindi/J_image_46_711.jpg,अधिक,hindi
train/hindi/J_image_46_713.jpg,में,hindi
train/hindi/J_image_46_714.jpg,कार्लो,hindi
train/hindi/J_image_46_715.jpg,प्रकाश,hindi
train/hindi/J_image_46_716.jpg,साਂस्कृतिक,hindi
train/hindi/J_image_46_717.jpg,बस्ती,hindi
train/hindi/J_image_46_718.jpg,रक,hindi
train/hindi/J_image_46_719.jpg,अन्य,hindi
train/hindi/J_image_46_720.jpg,कर,hindi
train/hindi/J_image_46_722.jpg,ईसवी,hindi
train/hindi/J_image_46_723.jpg,लोदी,hindi
train/hindi/J_image_46_724.jpg,पालिश,hindi
train/hindi/J_image_46_725.jpg,सिक्का,hindi
train/hindi/J_image_46_726.jpg,इसी‍,hindi
train/hindi/J_image_46_727.jpg,‍काल,hindi
train/hindi/J_image_46_728.jpg,शिक्षाओँ,hindi
train/hindi/J_image_46_729.jpg,एवं,hindi
train/hindi/J_image_46_730.jpg,ईसा,hindi
train/hindi/J_image_46_731.jpg,पूर्व,hindi
train/hindi/J_image_46_734.jpg,लगभग,hindi
train/hindi/J_image_46_736.jpg,पूर्व‍,hindi
train/hindi/J_image_46_737.jpg,ईसा,hindi
train/hindi/J_image_46_738.jpg,सिंह,hindi
train/hindi/J_image_46_739.jpg,नदी,hindi
train/hindi/J_image_46_740.jpg,एलधान,hindi
train/hindi/J_image_46_741.jpg,पाच,hindi
train/hindi/J_image_46_742.jpg,की,hindi
train/hindi/J_image_46_743.jpg,यज्ञ,hindi
train/hindi/J_image_46_744.jpg,हजार,hindi
train/hindi/J_image_46_746.jpg,रहा,hindi
train/hindi/J_image_46_747.jpg,था़,hindi
train/hindi/J_image_46_748.jpg,सतद्रु,hindi
train/hindi/J_image_46_750.jpg,बैंटिक,hindi
train/hindi/J_image_46_752.jpg,कच्ची,hindi
train/hindi/J_image_46_753.jpg,स्वरूप,hindi
train/hindi/J_image_46_754.jpg,बणावली,hindi
train/hindi/J_image_46_755.jpg,वाले,hindi
train/hindi/J_image_46_756.jpg,रंग,hindi
train/hindi/J_image_46_757.jpg,भूरे,hindi
train/hindi/J_image_46_758.jpg,संस्कृति‍,hindi
train/hindi/J_image_46_761.jpg,पूर्व,hindi
train/hindi/J_image_46_762.jpg,लगभग,hindi
train/hindi/J_image_46_763.jpg,ईसा,hindi
train/hindi/J_image_46_764.jpg,है॑,hindi
train/hindi/J_image_46_765.jpg,अवशेर्षो,hindi
train/hindi/J_image_46_766.jpg,र्है,hindi
train/hindi/J_image_46_767.jpg,गये,hindi
train/hindi/J_image_46_768.jpg,किये,hindi
train/hindi/J_image_46_769.jpg,प्रदर्शित,hindi
train/hindi/J_image_46_770.jpg,काे,hindi
train/hindi/J_image_46_771.jpg,तथा,hindi
train/hindi/J_image_46_772.jpg,उपरी,hindi
train/hindi/J_image_46_773.jpg,सतह,hindi
train/hindi/J_image_46_774.jpg,से‍,hindi
train/hindi/J_image_46_775.jpg,इब्राहि‍म,hindi
train/hindi/J_image_46_778.jpg,वर्षों,hindi
train/hindi/J_image_46_779.jpg,दत्त,hindi
train/hindi/J_image_46_780.jpg,एक,hindi
train/hindi/J_image_46_781.jpg,अन्य,hindi
train/hindi/J_image_46_782.jpg,से,hindi
train/hindi/J_image_46_783.jpg,क॓,hindi
train/hindi/J_image_46_784.jpg,शर्मा,hindi
train/hindi/J_image_46_785.jpg,निर्देशन,hindi
train/hindi/J_image_46_787.jpg,कार्य,hindi
train/hindi/J_image_46_788.jpg,उस,hindi
train/hindi/J_image_46_789.jpg,पता,hindi
train/hindi/J_image_46_790.jpg,चला,hindi
train/hindi/J_image_46_791.jpg,तथा,hindi
train/hindi/J_image_46_792.jpg,पहली,hindi
train/hindi/J_image_46_793.jpg,गये,hindi
train/hindi/J_image_46_794.jpg,बार,hindi
train/hindi/J_image_46_795.jpg,यहां,hindi
train/hindi/J_image_46_796.jpg,जाने,hindi
train/hindi/J_image_46_797.jpg,पहचाने,hindi
train/hindi/J_image_46_798.jpg,स्वंतत,hindi
train/hindi/J_image_46_799.jpg,भारत,hindi
train/hindi/J_image_46_800.jpg,यह,hindi
train/hindi/J_image_46_801.jpg,एक,hindi
train/hindi/J_image_46_802.jpg,ऐसे,hindi
train/hindi/J_image_46_803.jpg,चौराहे,hindi
train/hindi/J_image_46_804.jpg,प‍र,hindi
train/hindi/J_image_46_805.jpg,बसा,hindi
train/hindi/J_image_46_806.jpg,है॓,hindi
train/hindi/J_image_46_807.jpg,जहां,hindi
train/hindi/J_image_46_808.jpg,हि‍मालय,hindi
train/hindi/J_image_46_809.jpg,सिन्धु,hindi
train/hindi/J_image_46_810.jpg,की,hindi
train/hindi/J_image_46_811.jpg,घाटी,hindi
train/hindi/J_image_46_812.jpg,स्‍थल,hindi
train/hindi/J_image_46_813.jpg,नामक,hindi
train/hindi/J_image_46_814.jpg,स्‍थल,hindi
train/hindi/J_image_46_815.jpg,इस,hindi
train/hindi/J_image_46_816.jpg,थे‌,hindi
train/hindi/J_image_46_817.jpg,किये,hindi
train/hindi/J_image_46_818.jpg,पार,hindi
train/hindi/J_image_46_819.jpg,‍को,hindi
train/hindi/J_image_46_820.jpg,वार्ता,hindi
train/hindi/J_image_46_821.jpg,थे,hindi
train/hindi/J_image_46_822.jpg,होने,hindi
train/hindi/J_image_46_823.jpg,रहते,hindi
train/hindi/J_image_46_824.jpg,काे,hindi
train/hindi/J_image_46_825.jpg,हरियाणा,hindi
train/hindi/J_image_46_826.jpg,और‍,hindi
train/hindi/J_image_46_827.jpg,दर्शाती,hindi
train/hindi/J_image_46_828.jpg,है॓,hindi
train/hindi/J_image_46_829.jpg,इसके,hindi
train/hindi/J_image_46_830.jpg,कोट,hindi
train/hindi/J_image_46_831.jpg,दीजी,hindi
train/hindi/J_image_46_832.jpg,अतिरिक्‍त,hindi
train/hindi/J_image_46_833.jpg,इन,hindi
train/hindi/J_image_46_834.jpg,पाकिस्तान,hindi
train/hindi/J_image_46_835.jpg,से‍,hindi
train/hindi/J_image_46_836.jpg,मिले,hindi
train/hindi/J_image_46_837.jpg,प्राक-हडप्पा,hindi
train/hindi/J_image_46_838.jpg,लोर्गो,hindi
train/hindi/J_image_46_839.jpg,वाले,hindi
train/hindi/J_image_46_840.jpg,चीनी,hindi
train/hindi/J_image_46_841.jpg,मिट्टी,hindi
train/hindi/J_image_46_843.jpg,बर्तन,hindi
train/hindi/J_image_46_844.jpg,तथा,hindi
train/hindi/J_image_46_845.jpg,लखौरी,hindi
train/hindi/J_image_46_846.jpg,ईटो,hindi
train/hindi/J_image_46_847.jpg,क‍ी,hindi
train/hindi/J_image_46_848.jpg,संरचना,hindi
train/hindi/J_image_46_849.jpg,सामानता,hindi
train/hindi/J_image_46_852.jpg,ईसवी,hindi
train/hindi/J_image_46_853.jpg,है,hindi
train/hindi/J_image_46_854.jpg,में,hindi
train/hindi/J_image_46_855.jpg,वर्तमान,hindi
train/hindi/J_image_46_856.jpg,जहां,hindi
train/hindi/J_image_46_857.jpg,गवाह,hindi
train/hindi/J_image_46_858.jpg,के,hindi
train/hindi/J_image_46_859.jpg,हुआ,hindi
train/hindi/J_image_46_860.jpg,पर,hindi
train/hindi/J_image_46_861.jpg,समृद्वि,hindi
train/hindi/J_image_46_862.jpg,हैं,hindi
train/hindi/J_image_46_863.jpg,मिलें,hindi
train/hindi/J_image_46_864.jpg,मकान,hindi
train/hindi/J_image_46_865.jpg,बार,hindi
train/hindi/J_image_46_866.jpg,‍इस,hindi
train/hindi/J_image_46_867.jpg,सुन्दर,hindi
train/hindi/J_image_46_868.jpg,हुआ,hindi
train/hindi/J_image_46_869.jpg,जीवन्त,hindi
train/hindi/J_image_46_870.jpg,शहर,hindi
train/hindi/J_image_46_871.jpg,स्वर्ण,hindi
train/hindi/J_image_46_872.jpg,मृण्मय,hindi
train/hindi/J_image_46_873.jpg,अधीन,hindi
train/hindi/J_image_46_874.jpg,था,hindi
train/hindi/J_image_46_875.jpg,में,hindi
train/hindi/J_image_46_876.jpg,लगभग,hindi
train/hindi/J_image_46_877.jpg,ईसा,hindi
train/hindi/J_image_46_878.jpg,पूर्व,hindi
train/hindi/J_image_46_881.jpg,ईसवी,hindi
train/hindi/J_image_46_882.jpg,गया,hindi
train/hindi/J_image_46_883.jpg,परन्तु,hindi
train/hindi/J_image_46_884.jpg,सिक्कों,hindi
train/hindi/J_image_46_885.jpg,मुद्राओं,hindi
train/hindi/J_image_46_886.jpg,मुद्राकों,hindi
train/hindi/J_image_46_887.jpg,तथा,hindi
train/hindi/J_image_46_888.jpg,जिसमें,hindi
train/hindi/J_image_46_889.jpg,गये,hindi
train/hindi/J_image_46_890.jpg,थुर्गो,hindi
train/hindi/J_image_46_891.jpg,क‌‌ੇ,hindi
train/hindi/J_image_46_892.jpg,गुप्तों,hindi
train/hindi/J_image_46_893.jpg,इनमें,hindi
train/hindi/J_image_46_894.jpg,से‍,hindi
train/hindi/J_image_46_895.jpg,कुछ,hindi
train/hindi/J_image_46_896.jpg,यवन,hindi
train/hindi/J_image_46_897.jpg,के‌,hindi
train/hindi/J_image_46_898.jpg,मुख्यतः,hindi
train/hindi/J_image_46_899.jpg,कुषाण,hindi
train/hindi/J_image_46_900.jpg,तथा,hindi
train/hindi/J_image_46_901.jpg,स्थानीय,hindi
train/hindi/J_image_46_902.jpg,उदित,hindi
train/hindi/J_image_46_903.jpg,में,hindi
train/hindi/J_image_46_904.jpg,क्षेत,hindi
train/hindi/J_image_46_905.jpg,क‍े,hindi
train/hindi/J_image_46_906.jpg,हरियाणा,hindi
train/hindi/J_image_46_907.jpg,व,hindi
train/hindi/J_image_46_908.jpg,पंजाब,hindi
train/hindi/J_image_46_909.jpg,पूर्वी,hindi
train/hindi/J_image_46_910.jpg,जनपदे,hindi
train/hindi/J_image_46_911.jpg,एंव,hindi
train/hindi/J_image_46_912.jpg,वाणिज्य,hindi
train/hindi/J_image_46_913.jpg,के,hindi
train/hindi/J_image_46_914.jpg,इन,hindi
train/hindi/J_image_46_915.jpg,लोगों,hindi
train/hindi/J_image_46_916.jpg,क‍े,hindi
train/hindi/J_image_46_917.jpg,एक,hindi
train/hindi/J_image_46_918.jpg,‍का‍,hindi
train/hindi/J_image_46_919.jpg,घास,hindi
train/hindi/J_image_46_920.jpg,उत्तरी,hindi
train/hindi/J_image_46_921.jpg,समाज,hindi
train/hindi/J_image_46_922.jpg,में,hindi
train/hindi/J_image_46_923.jpg,ज्ञान,hindi
train/hindi/J_image_46_924.jpg,कृष्ण,hindi
train/hindi/J_image_46_925.jpg,मार्जित,hindi
train/hindi/J_image_46_926.jpg,क्षेत,hindi
train/hindi/J_image_46_927.jpg,में,hindi
train/hindi/J_image_46_928.jpg,मृद्‌भांड,hindi
train/hindi/J_image_46_929.jpg,‍का‍,hindi
train/hindi/J_image_46_930.jpg,प्रकाश,hindi
train/hindi/J_image_46_931.jpg,‍का‍,hindi
train/hindi/J_image_46_932.jpg,सर्वप्रथम,hindi
train/hindi/J_image_46_933.jpg,अवशिष्ट,hindi
train/hindi/J_image_46_934.jpg,पदार्थो,hindi
train/hindi/J_image_46_935.jpg,क‍े,hindi
train/hindi/J_image_46_936.jpg,विसर्जन,hindi
train/hindi/J_image_46_937.jpg,रहे,hindi
train/hindi/J_image_46_938.jpg,थ़े,hindi
train/hindi/J_image_46_939.jpg,किया,hindi
train/hindi/J_image_46_940.jpg,गया,hindi
train/hindi/J_image_46_941.jpg,सिक्कों,hindi
train/hindi/J_image_46_942.jpg,का‍,hindi
train/hindi/J_image_46_943.jpg,प्रयोग,hindi
train/hindi/J_image_46_944.jpg,क्रांतिकारी,hindi
train/hindi/J_image_46_945.jpg,यह,hindi
train/hindi/J_image_46_946.jpg,पर,hindi
train/hindi/J_image_46_947.jpg,इसीं,hindi
train/hindi/J_image_46_948.jpg,ताम्बे,hindi
train/hindi/J_image_46_949.jpg,विशेषता,hindi
train/hindi/J_image_46_950.jpg,प्रमुख,hindi
train/hindi/J_image_46_951.jpg,में,hindi
train/hindi/J_image_46_952.jpg,स्थलों,hindi
train/hindi/J_image_46_953.jpg,मृद्‌भांडों,hindi
train/hindi/J_image_46_954.jpg,के,hindi
train/hindi/J_image_46_955.jpg,रंग,hindi
train/hindi/J_image_46_956.jpg,कई,hindi
train/hindi/J_image_46_957.jpg,अन्य,hindi
train/hindi/J_image_46_958.jpg,‍की,hindi
train/hindi/J_image_46_959.jpg,काल,hindi
train/hindi/J_image_46_960.jpg,इस,hindi
train/hindi/J_image_46_961.jpg,उल्‍लिखित,hindi
train/hindi/J_image_46_962.jpg,धूसर,hindi
train/hindi/J_image_46_963.jpg,बस,hindi
train/hindi/J_image_46_964.jpg,आकर,hindi
train/hindi/J_image_46_965.jpg,लोग,hindi
train/hindi/J_image_46_966.jpg,होता,hindi
train/hindi/J_image_46_967.jpg,किया,hindi
train/hindi/J_image_46_968.jpg,से‍,hindi
train/hindi/J_image_46_969.jpg,फस,hindi
train/hindi/J_image_46_970.jpg,प्रयोग,hindi
train/hindi/J_image_46_971.jpg,भी,hindi
train/hindi/J_image_46_972.jpg,के‌,hindi
train/hindi/J_image_46_973.jpg,संस्कृति‍,hindi
train/hindi/J_image_46_974.jpg,गभग,hindi
train/hindi/J_image_463_10.jpg,वे,hindi
train/hindi/J_image_463_20.jpg,ॐ,hindi
train/hindi/J_image_463_22.jpg,ॐ,hindi
train/hindi/J_image_463_23.jpg,ऊँ,hindi
train/hindi/J_image_463_24.jpg,ॐ,hindi
train/hindi/J_image_463_25.jpg,ऊँ,hindi
train/hindi/J_image_463_26.jpg,ॐ,hindi
train/hindi/J_image_47_19.jpg,सिंह,hindi
train/hindi/J_image_47_20.jpg,शहीद,hindi
train/hindi/J_image_47_21.jpg,ऊधम,hindi
train/hindi/J_image_471_17.jpg,ਜੁ,hindi
train/hindi/J_image_472_10.jpg,ऊचॉई,hindi
train/hindi/J_image_472_11.jpg,समुंद्र,hindi
train/hindi/J_image_472_12.jpg,से,hindi
train/hindi/J_image_472_2.jpg,तल‌,hindi
train/hindi/J_image_472_3.jpg,सरहिंद,hindi
train/hindi/J_image_472_6.jpg,जंः,hindi
train/hindi/J_image_472_9.jpg,मी.,hindi
train/hindi/J_image_474_3.jpg,साहिब,hindi
train/hindi/J_image_474_4.jpg,गढ़,hindi
train/hindi/J_image_474_5.jpg,फतेह,hindi
train/hindi/J_image_482_4.jpg,टी,hindi
train/hindi/J_image_484_7.jpg,साहिब,hindi
train/hindi/J_image_484_8.jpg,हरमंदिर,hindi
train/hindi/J_image_484_9.jpg,श्री,hindi
train/hindi/J_image_488_18.jpg,पंजाब,hindi
train/hindi/J_image_488_19.jpg,कੇसरी,hindi
train/hindi/J_image_49_16.jpg,ਕੀੜੀਬਾਪਦੇਇਪਾਤ ਸਾਹੀਲਸਕਰਕਰੇਸੁਆਹੁਾ,hindi
train/hindi/J_image_490_1.jpg,सम्बन्ध,hindi
train/hindi/J_image_490_19.jpg,सुधाराने,hindi
train/hindi/J_image_490_2.jpg,‍की,hindi
train/hindi/J_image_490_20.jpg,के‌,hindi
train/hindi/J_image_490_21.jpg,तस्वीर,hindi
train/hindi/J_image_490_22.jpg,में,hindi
train/hindi/J_image_490_23.jpg,के‌,hindi
train/hindi/J_image_490_3.jpg,बदलने,hindi
train/hindi/J_image_490_4.jpg,एवं,hindi
train/hindi/J_image_491_18.jpg,विदृप्रनि,hindi
train/hindi/J_image_492_0.jpg,कृप्या,hindi
train/hindi/J_image_492_1.jpg,मन्दिर,hindi
train/hindi/J_image_492_30.jpg,प्राचीन,hindi
train/hindi/J_image_493_19.jpg,समिति,hindi
train/hindi/J_image_493_20.jpg,मन्दिर,hindi
train/hindi/J_image_493_21.jpg,कृष्‍ण,hindi
train/hindi/J_image_493_22.jpg,श्री,hindi
train/hindi/J_image_493_25.jpg,राधा,hindi
train/hindi/J_image_493_26.jpg,प्राचीन,hindi
train/hindi/J_image_50_10.jpg,सिंह,hindi
train/hindi/J_image_50_15.jpg,काॆ,hindi
train/hindi/J_image_50_26.jpg,लाई,hindi
train/hindi/J_image_50_27.jpg,भारत,hindi
train/hindi/J_image_50_30.jpg,जुलाई,hindi
train/hindi/J_image_50_31.jpg,अस्थियां,hindi
train/hindi/J_image_50_32.jpg,की‍,hindi
train/hindi/J_image_50_8.jpg,गई,hindi
train/hindi/J_image_50_9.jpg,३धम,hindi
train/hindi/J_image_501_0.jpg,श्री,hindi
train/hindi/J_image_501_10.jpg,जी,hindi
train/hindi/J_image_501_11.jpg,मन्दिर,hindi
train/hindi/J_image_501_2.jpg,श्री,hindi
train/hindi/J_image_501_3.jpg,प्राचीन,hindi
train/hindi/J_image_501_4.jpg,स्‍थापना,hindi
train/hindi/J_image_501_8.jpg,शनि,hindi
train/hindi/J_image_501_9.jpg,देव,hindi
train/hindi/J_image_503_15.jpg,छाया,hindi
train/hindi/J_image_503_16.jpg,माता,hindi
train/hindi/J_image_503_40.jpg,ॐ,hindi
train/hindi/J_image_503_41.jpg,शनि,hindi
train/hindi/J_image_503_42.jpg,देव,hindi
train/hindi/J_image_503_43.jpg,श्री,hindi
train/hindi/J_image_503_44.jpg,मन्दिर,hindi
train/hindi/J_image_503_45.jpg,प्राचीन,hindi
train/hindi/J_image_503_46.jpg,श्री,hindi
train/hindi/J_image_503_47.jpg,शनि,hindi
train/hindi/J_image_503_48.jpg,जी,hindi
train/hindi/J_image_503_50.jpg,देव,hindi
train/hindi/J_image_503_52.jpg,स्थापना,hindi
train/hindi/J_image_503_53.jpg,शनिदेव,hindi
train/hindi/J_image_503_54.jpg,ॐ,hindi
train/hindi/J_image_505_0.jpg,अमृतसर,hindi
train/hindi/J_image_505_1.jpg,चौंक,hindi
train/hindi/J_image_505_100.jpg,गणेशाय,hindi
train/hindi/J_image_505_101.jpg,बिहारी,hindi
train/hindi/J_image_505_102.jpg,मारवाड़ी,hindi
train/hindi/J_image_505_103.jpg,बडा़,hindi
train/hindi/J_image_505_104.jpg,श्री,hindi
train/hindi/J_image_505_105.jpg,जी,hindi
train/hindi/J_image_505_106.jpg,फव्वारा,hindi
train/hindi/J_image_505_2.jpg,रघुनाथ,hindi
train/hindi/J_image_505_21.jpg,रात्रि,hindi
train/hindi/J_image_505_22.jpg,बजे,hindi
train/hindi/J_image_505_23.jpg,बजे,hindi
train/hindi/J_image_505_24.jpg,दोपहर,hindi
train/hindi/J_image_505_25.jpg,तक,hindi
train/hindi/J_image_505_26.jpg,अगस्त,hindi
train/hindi/J_image_505_27.jpg,से,hindi
train/hindi/J_image_505_29.jpg,तक‌,hindi
train/hindi/J_image_505_3.jpg,मन्दिर,hindi
train/hindi/J_image_505_31.jpg,ज्ञानयज्ञ,hindi
train/hindi/J_image_505_32.jpg,बजे,hindi
train/hindi/J_image_505_33.jpg,सुबह,hindi
train/hindi/J_image_505_35.jpg,कथा,hindi
train/hindi/J_image_505_36.jpg,यजमान,hindi
train/hindi/J_image_505_4.jpg,पंचायती,hindi
train/hindi/J_image_505_43.jpg,यात्रा,hindi
train/hindi/J_image_505_44.jpg,सुत्र,hindi
train/hindi/J_image_505_45.jpg,कथा,hindi
train/hindi/J_image_505_46.jpg,श्रद्धेय,hindi
train/hindi/J_image_505_47.jpg,वृन्दावन,hindi
train/hindi/J_image_505_48.jpg,बृजेश,hindi
train/hindi/J_image_505_49.jpg,गोस्वामी,hindi
train/hindi/J_image_505_5.jpg,श्री,hindi
train/hindi/J_image_505_50.jpg,जी,hindi
train/hindi/J_image_505_51.jpg,धाम,hindi
train/hindi/J_image_505_52.jpg,सेवक,hindi
train/hindi/J_image_505_53.jpg,जी,hindi
train/hindi/J_image_505_54.jpg,ठाकुर,hindi
train/hindi/J_image_505_55.jpg,एवं,hindi
train/hindi/J_image_505_56.jpg,समिति,hindi
train/hindi/J_image_505_57.jpg,बिहारी,hindi
train/hindi/J_image_505_58.jpg,बांके,hindi
train/hindi/J_image_505_59.jpg,श्री,hindi
train/hindi/J_image_505_6.jpg,नमः,hindi
train/hindi/J_image_505_60.jpg,कथा,hindi
train/hindi/J_image_505_61.jpg,समस्त,hindi
train/hindi/J_image_505_62.jpg,के,hindi
train/hindi/J_image_505_63.jpg,अमृतसर,hindi
train/hindi/J_image_505_64.jpg,पंजाब,hindi
train/hindi/J_image_505_65.jpg,श्री,hindi
train/hindi/J_image_505_66.jpg,व्‍यास,hindi
train/hindi/J_image_505_67.jpg,सम्पर्क,hindi
train/hindi/J_image_505_68.jpg,शोभा,hindi
train/hindi/J_image_505_7.jpg,श्री,hindi
train/hindi/J_image_505_77.jpg,मुख्य,hindi
train/hindi/J_image_505_78.jpg,श्री,hindi
train/hindi/J_image_505_79.jpg,समिति,hindi
train/hindi/J_image_505_80.jpg,अमृतसर,hindi
train/hindi/J_image_505_81.jpg,अगस्त,hindi
train/hindi/J_image_505_83.jpg,मन्दिर,hindi
train/hindi/J_image_505_84.jpg,गवत,hindi
train/hindi/J_image_505_85.jpg,सप्ताह,hindi
train/hindi/J_image_505_86.jpg,भक्‍ति,hindi
train/hindi/J_image_505_87.jpg,दिनांक,hindi
train/hindi/J_image_505_88.jpg,अगस्त,hindi
train/hindi/J_image_505_91.jpg,समय,hindi
train/hindi/J_image_505_93.jpg,से,hindi
train/hindi/J_image_506_0.jpg,गणेशाय,hindi
train/hindi/J_image_506_10.jpg,जी,hindi
train/hindi/J_image_506_11.jpg,फव्वारा,hindi
train/hindi/J_image_506_12.jpg,तक,hindi
train/hindi/J_image_506_13.jpg,रात्रि,hindi
train/hindi/J_image_506_14.jpg,बजे,hindi
train/hindi/J_image_506_16.jpg,दोपहर,hindi
train/hindi/J_image_506_17.jpg,महोत्सव,hindi
train/hindi/J_image_506_18.jpg,ज्ञानयज्ञ,hindi
train/hindi/J_image_506_19.jpg,गोस्वामी,hindi
train/hindi/J_image_506_21.jpg,कथा,hindi
train/hindi/J_image_506_22.jpg,श्रद्धेय,hindi
train/hindi/J_image_506_23.jpg,जी,hindi
train/hindi/J_image_506_24.jpg,वृन्दावन,hindi
train/hindi/J_image_506_25.jpg,धाम,hindi
train/hindi/J_image_506_30.jpg,ठाकुर,hindi
train/hindi/J_image_506_47.jpg,पंजाब,hindi
train/hindi/J_image_506_48.jpg,अमृतसर,hindi
train/hindi/J_image_506_49.jpg,सेवक,hindi
train/hindi/J_image_506_50.jpg,के,hindi
train/hindi/J_image_506_51.jpg,जी,hindi
train/hindi/J_image_506_52.jpg,समस्त,hindi
train/hindi/J_image_506_56.jpg,व्यास,hindi
train/hindi/J_image_506_57.jpg,बृजेश,hindi
train/hindi/J_image_506_58.jpg,बजे,hindi
train/hindi/J_image_506_6.jpg,स‍े,hindi
train/hindi/J_image_506_60.jpg,तक‌,hindi
train/hindi/J_image_506_61.jpg,समय,hindi
train/hindi/J_image_506_62.jpg,सेे,hindi
train/hindi/J_image_506_64.jpg,बजे,hindi
train/hindi/J_image_506_65.jpg,अमृतसर,hindi
train/hindi/J_image_506_66.jpg,चौंक,hindi
train/hindi/J_image_506_67.jpg,रघुनाथ,hindi
train/hindi/J_image_506_68.jpg,कथा,hindi
train/hindi/J_image_506_69.jpg,समिति,hindi
train/hindi/J_image_506_7.jpg,आंरभ,hindi
train/hindi/J_image_506_70.jpg,अमृतसर,hindi
train/hindi/J_image_506_74.jpg,नमः,hindi
train/hindi/J_image_506_8.jpg,मन्दिर,hindi
train/hindi/J_image_506_9.jpg,श्री,hindi
train/hindi/J_image_508_3.jpg,ਸਮ,hindi
train/hindi/J_image_509_4.jpg,मूी,hindi
train/hindi/J_image_520_10.jpg,श्री,hindi
train/hindi/J_image_520_11.jpg,जोगिन्दर,hindi
train/hindi/J_image_520_12.jpg,सिंह,hindi
train/hindi/J_image_520_13.jpg,"मान,",hindi
train/hindi/J_image_520_14.jpg,"जनवरी,",hindi
train/hindi/J_image_520_15.jpg,म.,hindi
train/hindi/J_image_520_3.jpg,मुनियप्पा,hindi
train/hindi/J_image_520_38.jpg,पंजाब,hindi
train/hindi/J_image_520_39.jpg,"विधायक,",hindi
train/hindi/J_image_520_4.jpg,श्री,hindi
train/hindi/J_image_520_40.jpg,सिंह,hindi
train/hindi/J_image_520_41.jpg,आर.,hindi
train/hindi/J_image_520_42.jpg,टी.,hindi
train/hindi/J_image_520_43.jpg,थिरु,hindi
train/hindi/J_image_520_44.jpg,श्री,hindi
train/hindi/J_image_520_45.jpg,सिंह,hindi
train/hindi/J_image_520_46.jpg,एच,hindi
train/hindi/J_image_520_47.jpg,के‌,hindi
train/hindi/J_image_520_5.jpg,चरणजीत,hindi
train/hindi/J_image_520_6.jpg,अटवाल,hindi
train/hindi/J_image_520_7.jpg,बालू,hindi
train/hindi/J_image_520_8.jpg,"बाजवा,",hindi
train/hindi/J_image_520_9.jpg,प्रताप,hindi
train/hindi/J_image_523_149.jpg,म॰,hindi
train/hindi/J_image_523_41.jpg,म॰,hindi
train/hindi/J_image_524_107.jpg,मैढ,hindi
train/hindi/J_image_524_110.jpg,३॰,hindi
train/hindi/J_image_533_1.jpg,यूको,hindi
train/hindi/J_image_533_2.jpg,बैंक,hindi
train/hindi/J_image_533_3.jpg,‍का‍,hindi
train/hindi/J_image_533_4.jpg,सरकार,hindi
train/hindi/J_image_533_43.jpg,शाखा,hindi
train/hindi/J_image_533_44.jpg,बाघा,hindi
train/hindi/J_image_533_45.jpg,पुराना,hindi
train/hindi/J_image_533_49.jpg,उपक्रम,hindi
train/hindi/J_image_533_5.jpg,भारत,hindi
train/hindi/J_image_533_8.jpg,रोड़,hindi
train/hindi/J_image_533_9.jpg,मुदकी,hindi
train/hindi/J_image_56_0.jpg,निशुल्क,hindi
train/hindi/J_image_56_1.jpg,ओ३म्,hindi
train/hindi/J_image_56_10.jpg,सवत,hindi
train/hindi/J_image_56_11.jpg,सोढल,hindi
train/hindi/J_image_56_12.jpg,बाबा,hindi
train/hindi/J_image_56_13.jpg,सिद्ध,hindi
train/hindi/J_image_56_14.jpg,श्री,hindi
train/hindi/J_image_56_15.jpg,मन्दिर,hindi
train/hindi/J_image_56_2.jpg,गुर परख दास,hindi
train/hindi/J_image_56_8.jpg,यह्त,hindi
train/hindi/J_image_56_9.jpg,२०२४,hindi
train/hindi/J_image_57_14.jpg,बड़ौदा,hindi
train/hindi/J_image_57_15.jpg,ऑफ़,hindi
train/hindi/J_image_57_16.jpg,बैंक,hindi
train/hindi/J_image_57_21.jpg,बड़ौदा,hindi
train/hindi/J_image_57_22.jpg,ऑफ़,hindi
train/hindi/J_image_57_5.jpg,बैंक,hindi
train/hindi/J_image_58_12.jpg,ਸੇਵਾਂ,hindi
train/hindi/J_image_7_17.jpg,४१,hindi
train/hindi/J_image_78_8.jpg,दवाइयाँ,hindi
train/hindi/J_image_82_17.jpg,मीमेंट,hindi
train/hindi/J_image_82_21.jpg,जीे,hindi
train/hindi/J_image_82_4.jpg,हाँ।,hindi
train/hindi/J_image_92_48.jpg,मंटेट,hindi
train/hindi/K_image_1020_1.jpg,नागुनेरी,hindi
train/hindi/K_image_1033_2.jpg,नेयवेली,hindi
train/hindi/K_image_1049_2.jpg,नुंगम्बाक्कम,hindi
train/hindi/K_image_1063_4.jpg,बेद्दनायककनपालयम,hindi
train/hindi/K_image_1070_2.jpg,जावडिपालैयम   ,hindi
train/hindi/K_image_1077_4.jpg,पोल्लाच्चि,hindi
train/hindi/K_image_1077_5.jpg,जंक्शन,hindi
train/hindi/K_image_1085_4.jpg,मदुरै,hindi
train/hindi/K_image_1085_5.jpg,जंक्शन,hindi
train/hindi/K_image_1087_1.jpg,परनर,hindi
train/hindi/K_image_1090_2.jpg,पषवंतांगल,hindi
train/hindi/K_image_1092_3.jpg,कैरेज,hindi
train/hindi/K_image_1092_4.jpg,पेरम्वर,hindi
train/hindi/K_image_1092_8.jpg,वर्क्स,hindi
train/hindi/K_image_1093_3.jpg,लोको,hindi
train/hindi/K_image_1093_8.jpg,वर्क्स,hindi
train/hindi/K_image_1111_1.jpg,टऊन,hindi
train/hindi/K_image_1111_2.jpg,सेलम,hindi
train/hindi/K_image_1118_5.jpg,दिव्यांगजन,hindi
train/hindi/K_image_1119_1.jpg,पुदुच्चेरी,hindi
train/hindi/K_image_1120_2.jpg,पुदुच्चेरी,hindi
train/hindi/K_image_1138_2.jpg,डाक,hindi
train/hindi/K_image_1138_3.jpg,भारतीय,hindi
train/hindi/K_image_1167_10.jpg,आरक्षित,hindi
train/hindi/K_image_1167_6.jpg,लिए,hindi
train/hindi/K_image_1167_7.jpg,के,hindi
train/hindi/K_image_1167_8.jpg,यात्रियों,hindi
train/hindi/K_image_1167_9.jpg,दिव्यांगजन,hindi
train/hindi/K_image_1176_1.jpg,मोहनूर,hindi
train/hindi/K_image_1189_1.jpg,शिवगंगा,hindi
train/hindi/K_image_1190_1.jpg,शिवगंगा,hindi
train/hindi/K_image_1191_1.jpg,शिवगंगा,hindi
train/hindi/K_image_1193_1.jpg,रायपुरम,hindi
train/hindi/K_image_1193_3.jpg,रायपुरम,hindi
train/hindi/K_image_1194_3.jpg,रायपुरम,hindi
train/hindi/K_image_1194_5.jpg,रायपुरम,hindi
train/hindi/K_image_1212_3.jpg,रन्नीमेड,hindi
train/hindi/K_image_1224_2.jpg,शिवगंगा,hindi
train/hindi/K_image_1240_1.jpg,सैदापेट्टै,hindi
train/hindi/K_image_1301_3.jpg,शिवगंगा,hindi
train/hindi/K_image_1359_1.jpg,तिरुमंगलम,hindi
train/hindi/K_image_1380_2.jpg,सानटोरियम,hindi
train/hindi/K_image_1380_3.jpg,ताम्बरम,hindi
train/hindi/K_image_1413_3.jpg,उत्तर,hindi
train/hindi/K_image_1413_4.jpg,गोपुर,hindi
train/hindi/K_image_147_18.jpg,सेलम,hindi
train/hindi/K_image_147_19.jpg,क्शन,hindi
train/hindi/K_image_1474_2.jpg,तिरुप्पादिरिप्पुलियूर,hindi
train/hindi/K_image_1508_2.jpg,तिरुसूलम,hindi
train/hindi/K_image_1509_0.jpg,तिरुशूलम,hindi
train/hindi/K_image_1510_1.jpg,तिरु-तंगल,hindi
train/hindi/K_image_1517_0.jpg,तांडैयारपेट्टै,hindi
train/hindi/K_image_1534_3.jpg,एअर,hindi
train/hindi/K_image_1534_7.jpg,प्रस्थान,hindi
train/hindi/K_image_1548_2.jpg,उदगमण्डलम,hindi
train/hindi/K_image_1551_1.jpg,उदगमण्डलम,hindi
train/hindi/K_image_1552_3.jpg,उदगमण्डलम,hindi
train/hindi/K_image_1554_2.jpg,उलुंदरपेट्टै,hindi
train/hindi/K_image_1559_2.jpg,ऊरप्पाक्कम,hindi
train/hindi/K_image_1562_2.jpg,ऊत्तुक्कुलि,hindi
train/hindi/K_image_1587_1.jpg,विजयमंगलम,hindi
train/hindi/K_image_1589_1.jpg,विल्लियनूर,hindi
train/hindi/K_image_1595_1.jpg,जं,hindi
train/hindi/K_image_1595_53.jpg,वीरुदनगर,hindi
train/hindi/K_image_1601_2.jpg,जीवा,hindi
train/hindi/K_image_1601_3.jpg,व्यासरपाडी,hindi
train/hindi/K_image_1608_3.jpg,वेल्लिंगटन,hindi
train/hindi/K_image_1618_1.jpg,वेल्लिंगट,hindi
train/hindi/K_image_1620_5.jpg,विमको,hindi
train/hindi/K_image_1620_6.jpg,नगर,hindi
train/hindi/K_image_2_1.jpg,चिन्नसेळम,hindi
train/hindi/K_image_2_4.jpg,चिन्नसेलम,hindi
train/hindi/K_image_273_128.jpg,प्रत्नकीतिमपावृणु,hindi
train/hindi/K_image_273_130.jpg,सर्वेक्षण,hindi
train/hindi/K_image_273_131.jpg,पुरातत्व,hindi
train/hindi/K_image_273_134.jpg,भारतीय,hindi
train/hindi/K_image_273_171.jpg,यह,hindi
train/hindi/K_image_273_172.jpg,स्मारक,hindi
train/hindi/K_image_273_173.jpg,प्राचीन,hindi
train/hindi/K_image_273_174.jpg,एवं,hindi
train/hindi/K_image_273_175.jpg,पुरातात्विय,hindi
train/hindi/K_image_273_176.jpg,स्थल,hindi
train/hindi/K_image_273_177.jpg,व,hindi
train/hindi/K_image_273_178.jpg,अवशेष,hindi
train/hindi/K_image_273_179.jpg,अधिनियम,hindi
train/hindi/K_image_273_180.jpg,महत्व,hindi
train/hindi/K_image_273_181.jpg,का,hindi
train/hindi/K_image_273_182.jpg,घोषित,hindi
train/hindi/K_image_273_183.jpg,गया,hindi
train/hindi/K_image_273_184.jpg,पुरातात्विय,hindi
train/hindi/K_image_273_185.jpg,स्‍थल,hindi
train/hindi/K_image_273_186.jpg,संशोधन,hindi
train/hindi/K_image_273_187.jpg,कोई,hindi
train/hindi/K_image_273_188.jpg,भी,hindi
train/hindi/K_image_273_189.jpg,इस,hindi
train/hindi/K_image_273_190.jpg,स्मारक,hindi
train/hindi/K_image_273_191.jpg,को‌,hindi
train/hindi/K_image_273_192.jpg,क्षति,hindi
train/hindi/K_image_273_193.jpg,पहुँचाता,hindi
train/hindi/K_image_273_194.jpg,पाया,hindi
train/hindi/K_image_273_195.jpg,जाता,hindi
train/hindi/K_image_273_196.jpg,है,hindi
train/hindi/K_image_273_197.jpg,"तो,",hindi
train/hindi/K_image_273_198.jpg,उसे,hindi
train/hindi/K_image_273_199.jpg,इस,hindi
train/hindi/K_image_273_200.jpg,अपकृत्य,hindi
train/hindi/K_image_273_201.jpg,"करता,",hindi
train/hindi/K_image_273_202.jpg,खतरे,hindi
train/hindi/K_image_273_203.jpg,में,hindi
train/hindi/K_image_273_204.jpg,डालता,hindi
train/hindi/K_image_273_205.jpg,तक,hindi
train/hindi/K_image_273_206.jpg,का‍,hindi
train/hindi/K_image_273_207.jpg,कारावास,hindi
train/hindi/K_image_273_208.jpg,लारव,hindi
train/hindi/K_image_273_209.jpg,रूपये),hindi
train/hindi/K_image_273_210.jpg,तक,hindi
train/hindi/K_image_273_211.jpg,का,hindi
train/hindi/K_image_273_212.jpg,जुर्माना,hindi
train/hindi/K_image_273_38.jpg,है।,hindi
train/hindi/K_image_273_39.jpg,सकता,hindi
train/hindi/K_image_273_40.jpg,जा‍,hindi
train/hindi/K_image_273_41.jpg,किया,hindi
train/hindi/K_image_273_42.jpg,दण्डित,hindi
train/hindi/K_image_273_43.jpg,से,hindi
train/hindi/K_image_273_44.jpg,प्रकार,hindi
train/hindi/K_image_273_45.jpg,दोनों,hindi
train/hindi/K_image_273_46.jpg,अथवा,hindi
train/hindi/K_image_273_47.jpg,एक,hindi
train/hindi/K_image_273_49.jpg,रू‍.,hindi
train/hindi/K_image_273_50.jpg,या‍,hindi
train/hindi/K_image_273_51.jpg,हुए,hindi
train/hindi/K_image_273_52.jpg,करते,hindi
train/hindi/K_image_273_53.jpg,दुरूपयोग,hindi
train/hindi/K_image_273_54.jpg,या‍,hindi
train/hindi/K_image_273_55.jpg,कुरूप,hindi
train/hindi/K_image_273_56.jpg,"करता,",hindi
train/hindi/K_image_273_57.jpg,साल,hindi
train/hindi/K_image_273_59.jpg,लिए,hindi
train/hindi/K_image_273_60.jpg,के‌,hindi
train/hindi/K_image_273_61.jpg,परिवर्तित,hindi
train/hindi/K_image_273_62.jpg,अथवा,hindi
train/hindi/K_image_273_63.jpg,विलग,hindi
train/hindi/K_image_273_64.jpg,"करता,",hindi
train/hindi/K_image_273_65.jpg,नष्‍ट,hindi
train/hindi/K_image_273_66.jpg,यदि,hindi
train/hindi/K_image_273_67.jpg,"तहत,",hindi
train/hindi/K_image_273_68.jpg,के‌,hindi
train/hindi/K_image_273_70.jpg,अधिनियम,hindi
train/hindi/K_image_273_71.jpg,वैधीकरण,hindi
train/hindi/K_image_273_72.jpg,एवं,hindi
train/hindi/K_image_273_73.jpg,अवशेष,hindi
train/hindi/K_image_273_74.jpg,व,hindi
train/hindi/K_image_273_75.jpg,एवं,hindi
train/hindi/K_image_273_76.jpg,स्मारक,hindi
train/hindi/K_image_273_77.jpg,प्राचीन,hindi
train/hindi/K_image_273_78.jpg,तथा,hindi
train/hindi/K_image_273_79.jpg,है,hindi
train/hindi/K_image_273_80.jpg,किया,hindi
train/hindi/K_image_273_81.jpg,राष्‍ट्रीय,hindi
train/hindi/K_image_273_82.jpg,"तहत,",hindi
train/hindi/K_image_273_83.jpg,நின,hindi
train/hindi/K_image_273_85.jpg,सर्वेक्षण,hindi
train/hindi/K_image_273_86.jpg,पुरातत्व,hindi
train/hindi/K_image_273_87.jpg,भारतीय,hindi
train/hindi/K_image_275_9.jpg,इंडियन,hindi
train/hindi/K_image_307_2.jpg,आलत्तम्बाडि,hindi
train/hindi/K_image_309_1.jpg,आम्बूर,hindi
train/hindi/K_image_317_1.jpg,அரசர்கள்,hindi
train/hindi/K_image_331_1.jpg,आरलवायमोलि,hindi
train/hindi/K_image_334_3.jpg,अरियलूर,hindi
train/hindi/K_image_349_1.jpg,पुदुनगर,hindi
train/hindi/K_image_349_3.jpg,अत्तिपट्टु,hindi
train/hindi/K_image_350_1.jpg,अत्तिपट्टु ,hindi
train/hindi/K_image_375_0.jpg,विमान,hindi
train/hindi/K_image_375_1.jpg,श्री,hindi
train/hindi/K_image_401_1.jpg,शिवरांगा,hindi
train/hindi/K_image_402_1.jpg,शिवगंगा,hindi
train/hindi/K_image_457_1.jpg,जंक्शन,hindi
train/hindi/K_image_457_4.jpg,चेंगलपट्टु,hindi
train/hindi/K_image_470_1.jpg,चेट्पेट्,hindi
train/hindi/K_image_471_2.jpg,कुरोम्पेट्टै,hindi
train/hindi/K_image_472_1.jpg,कोडमबाक्कम,hindi
train/hindi/K_image_480_0.jpg,अम्बत्तूर,hindi
train/hindi/K_image_495_4.jpg,चेन्नै,hindi
train/hindi/K_image_495_7.jpg,सेन्ट्रल,hindi
train/hindi/K_image_503_5.jpg,चेन्ने,hindi
train/hindi/K_image_503_6.jpg,एषुंबूर ,hindi
train/hindi/K_image_505_0.jpg,रेल,hindi
train/hindi/K_image_505_1.jpg,भारतीय,hindi
train/hindi/K_image_505_10.jpg,शेंगोट्टै,hindi
train/hindi/K_image_505_8.jpg,चेन्नई,hindi
train/hindi/K_image_505_9.jpg,एग्मोर,hindi
train/hindi/K_image_507_2.jpg,चेन्नै,hindi
train/hindi/K_image_507_5.jpg,कोट्टै,hindi
train/hindi/K_image_523_11.jpg,गेट 3,hindi
train/hindi/K_image_523_12.jpg,प्रस्थान,hindi
train/hindi/K_image_523_14.jpg,प्रस्थान,hindi
train/hindi/K_image_523_15.jpg,गेटस्‌ 1-2,hindi
train/hindi/K_image_523_24.jpg,किराए,hindi
train/hindi/K_image_523_25.jpg,पर,hindi
train/hindi/K_image_523_26.jpg,कर‍,hindi
train/hindi/K_image_523_4.jpg,कार्यालय,hindi
train/hindi/K_image_523_5.jpg,टिकट,hindi
train/hindi/K_image_523_6.jpg,एयरलाईन,hindi
train/hindi/K_image_536_1.jpg,चित्त्तेरी,hindi
train/hindi/K_image_550_10.jpg,वाहन,hindi
train/hindi/K_image_550_11.jpg,स्वचालित,hindi
train/hindi/K_image_550_12.jpg,प्रीमियम,hindi
train/hindi/K_image_550_23.jpg,प्रणाली,hindi
train/hindi/K_image_550_24.jpg,प्रबंधन,hindi
train/hindi/K_image_550_25.jpg,पार्किंग,hindi
train/hindi/K_image_550_26.jpg,वाहन,hindi
train/hindi/K_image_550_27.jpg,स्वचलित,hindi
train/hindi/K_image_550_28.jpg,प्रीमियम,hindi
train/hindi/K_image_550_32.jpg,कोयंबतूर,hindi
train/hindi/K_image_550_33.jpg,मंडल,hindi
train/hindi/K_image_550_34.jpg,सले्म,hindi
train/hindi/K_image_550_37.jpg,रेलवे,hindi
train/hindi/K_image_550_38.jpg,दक्षिण,hindi
train/hindi/K_image_550_43.jpg,प्रणाली,hindi
train/hindi/K_image_550_44.jpg,प्रबंधन,hindi
train/hindi/K_image_550_45.jpg,पार्किंग,hindi
train/hindi/K_image_550_46.jpg,वाहन,hindi
train/hindi/K_image_550_47.jpg,स्वचलित,hindi
train/hindi/K_image_550_48.jpg,प्रीमियम,hindi
train/hindi/K_image_550_55.jpg,दक्षिण),hindi
train/hindi/K_image_550_56.jpg,रेलवे,hindi
train/hindi/K_image_550_57.jpg,सलेम,hindi
train/hindi/K_image_550_58.jpg,मंडल,hindi
train/hindi/K_image_550_59.jpg,कोयंबतूर,hindi
train/hindi/K_image_550_7.jpg,प्रणाली,hindi
train/hindi/K_image_550_8.jpg,प्रबंधन,hindi
train/hindi/K_image_550_9.jpg,पार्किंग,hindi
train/hindi/K_image_555_0.jpg,कोयंबतूर,hindi
train/hindi/K_image_562_3.jpg,सन्निधि,hindi
train/hindi/K_image_562_4.jpg,सुन्दरेश्वर,hindi
train/hindi/K_image_562_5.jpg,श्री,hindi
train/hindi/K_image_566_2.jpg,सेन्ट्रल,hindi
train/hindi/K_image_566_3.jpg,चेन्नै,hindi
train/hindi/K_image_568_1.jpg,कुन्नूर,hindi
train/hindi/K_image_570_1.jpg,कुन्नूर,hindi
train/hindi/K_image_647_1.jpg,एण्णूर,hindi
train/hindi/K_image_658_2.jpg,रोड,hindi
train/hindi/K_image_658_3.jpg,ऐत्तापूर ,hindi
train/hindi/K_image_696_2.jpg,गोपुर,hindi
train/hindi/K_image_696_3.jpg,पूर्वी,hindi
train/hindi/K_image_722_1.jpg,गूडुवांचेरी,hindi
train/hindi/K_image_724_4.jpg,गिण्डि,hindi
train/hindi/K_image_725_2.jpg,गूम्मिडिपूण्डी,hindi
train/hindi/K_image_779_4.jpg,शन,hindi
train/hindi/K_image_779_5.jpg,जोलारपे,hindi
train/hindi/K_image_782_3.jpg,कडम्बूर,hindi
train/hindi/K_image_799_1.jpg,कतिवाककम,hindi
train/hindi/K_image_801_1.jpg,काट्टांगोलत्तुर,hindi
train/hindi/K_image_804_3.jpg,केत्ति ,hindi
train/hindi/K_image_815_1.jpg,कोडम्बाक्कम,hindi
train/hindi/K_image_821_1.jpg,कोरुक्कुपेट्टै,hindi
train/hindi/K_image_824_1.jpg,कोटटूरपूरम,hindi
train/hindi/K_image_827_1.jpg,कोविलपट्टि,hindi
train/hindi/K_image_830_3.jpg,कुडळनगर,hindi
train/hindi/K_image_836_2.jpg,लेन,hindi
train/hindi/K_image_836_5.jpg,लेन,hindi
train/hindi/K_image_838_5.jpg,लालगुडि,hindi
train/hindi/K_image_842_12.jpg,स्वच्छ,hindi
train/hindi/K_image_842_15.jpg,संवाद,hindi
train/hindi/K_image_842_16.jpg,स्वच्छ,hindi
train/hindi/K_image_842_19.jpg,जागरुकता,hindi
train/hindi/K_image_842_20.jpg,स्वच्छ,hindi
train/hindi/K_image_842_24.jpg,सितम्बर,hindi
train/hindi/K_image_842_3.jpg,स्टेशन,hindi
train/hindi/K_image_842_30.jpg,पखवाड़ा,hindi
train/hindi/K_image_842_31.jpg,स्वच्छता,hindi
train/hindi/K_image_842_32.jpg,सेवा,hindi
train/hindi/K_image_842_33.jpg,ही,hindi
train/hindi/K_image_842_34.jpg,स्वच्छता,hindi
train/hindi/K_image_842_4.jpg,स्वच्छ,hindi
train/hindi/K_image_842_41.jpg,कोयम्बटूर,hindi
train/hindi/K_image_842_45.jpg,मंडल,hindi
train/hindi/K_image_842_46.jpg,सेलम,hindi
train/hindi/K_image_842_70.jpg,दक्षिण,hindi
train/hindi/K_image_842_71.jpg,रेलवे,hindi
train/hindi/K_image_842_75.jpg,स्वच्छ,hindi
train/hindi/K_image_842_76.jpg,रेल,hindi
train/hindi/K_image_842_77.jpg,स्वच्छ,hindi
train/hindi/K_image_842_78.jpg,भारत,hindi
train/hindi/K_image_842_84.jpg,अक्टूबर,hindi
train/hindi/K_image_842_93.jpg,स्वच्छ,hindi
train/hindi/K_image_842_94.jpg,परिसर,hindi
train/hindi/K_image_843_10.jpg,जागरुकता,hindi
train/hindi/K_image_843_11.jpg,स्वच्छ,hindi
train/hindi/K_image_843_14.jpg,अक्टूबर,hindi
train/hindi/K_image_843_16.jpg,सितम्बर,hindi
train/hindi/K_image_843_2.jpg,स्टेशन,hindi
train/hindi/K_image_843_21.jpg,पखवाडा,hindi
train/hindi/K_image_843_22.jpg,स्वच्छता,hindi
train/hindi/K_image_843_23.jpg,रेल,hindi
train/hindi/K_image_843_24.jpg,स्वच्छ,hindi
train/hindi/K_image_843_29.jpg,कोयम्बतूर,hindi
train/hindi/K_image_843_3.jpg,स्वच्छ,hindi
train/hindi/K_image_843_33.jpg,मंडल,hindi
train/hindi/K_image_843_52.jpg,दक्षिण,hindi
train/hindi/K_image_843_53.jpg,रेलवे,hindi
train/hindi/K_image_843_57.jpg,सेलम,hindi
train/hindi/K_image_843_58.jpg,स्वच्छ,hindi
train/hindi/K_image_843_59.jpg,भारत,hindi
train/hindi/K_image_843_68.jpg,स्वच्छता,hindi
train/hindi/K_image_843_69.jpg,ही,hindi
train/hindi/K_image_843_70.jpg,सेवा,hindi
train/hindi/K_image_843_74.jpg,स्वच्छ,hindi
train/hindi/K_image_843_75.jpg,सेवाद,hindi
train/hindi/K_image_847_4.jpg,लव़डेल ,hindi
train/hindi/K_image_897_10.jpg,मदुरै,hindi
train/hindi/K_image_897_6.jpg,सावधान,hindi
train/hindi/K_image_897_9.jpg,पूर्व,hindi
train/hindi/K_image_905_1.jpg,मदुरांतकम,hindi
train/hindi/K_image_920_3.jpg,मांबलम,hindi
train/hindi/K_image_922_4.jpg,मानामदुरै,hindi
train/hindi/K_image_922_5.jpg,जंक्शन,hindi
train/hindi/K_image_923_3.jpg,मानामदुरै,hindi
train/hindi/K_image_923_4.jpg,जंक्शन,hindi
train/hindi/K_image_933_3.jpg,मरैमलैनगर,hindi
train/hindi/K_image_947_22.jpg,दर्शन,hindi
train/hindi/K_image_947_23.jpg,जाने,hindi
train/hindi/K_image_947_24.jpg,का,hindi
train/hindi/K_image_947_25.jpg,रासता,hindi
train/hindi/K_image_947_4.jpg,गोपुर,hindi
train/hindi/K_image_947_5.jpg,पश्चिम,hindi
train/hindi/K_image_948_2.jpg,मीनम्वांक्कम,hindi
train/hindi/K_image_957_2.jpg,मीनाक्षिपुरम,hindi
train/hindi/K_image_958_5.jpg,चेन्नै,hindi
train/hindi/K_image_958_6.jpg,सेंट्रल,hindi
train/hindi/K_image_970_1.jpg,द्वितीय,hindi
train/hindi/K_image_970_3.jpg,मण्डियम्पक्कम,hindi
train/hindi/K_image_970_6.jpg,श्रेणी,hindi
train/hindi/K_image_985_2.jpg,संग्रहालय,hindi
train/hindi/K_image_985_3.jpg,फोर्ट,hindi
train/hindi/K_image_993_109.jpg,सर्वेक्षण,hindi
train/hindi/K_image_993_110.jpg,भारतीय,hindi
train/hindi/K_image_993_112.jpg,प्रलकीतिमपावृणु,hindi
train/hindi/K_image_993_115.jpg,पुरातत्व,hindi
train/hindi/K_image_993_154.jpg,अधिनियम,hindi
train/hindi/K_image_993_156.jpg,के‌‌,hindi
train/hindi/K_image_993_157.jpg,"तहत,",hindi
train/hindi/K_image_993_158.jpg,राष्‍ट्रीय,hindi
train/hindi/K_image_993_159.jpg,महत्व,hindi
train/hindi/K_image_993_160.jpg,का‌,hindi
train/hindi/K_image_993_161.jpg,घोषित,hindi
train/hindi/K_image_993_162.jpg,स्मारक,hindi
train/hindi/K_image_993_163.jpg,एवं,hindi
train/hindi/K_image_993_164.jpg,स्‍थल,hindi
train/hindi/K_image_993_165.jpg,अवशेष,hindi
train/hindi/K_image_993_166.jpg,एवं,hindi
train/hindi/K_image_993_167.jpg,वैधीकरण),hindi
train/hindi/K_image_993_169.jpg,तहत,hindi
train/hindi/K_image_993_170.jpg,कोई,hindi
train/hindi/K_image_993_171.jpg,इस,hindi
train/hindi/K_image_993_172.jpg,स्मारक,hindi
train/hindi/K_image_993_173.jpg,क्षति,hindi
train/hindi/K_image_993_174.jpg,"पहुँचाता,",hindi
train/hindi/K_image_993_175.jpg,"करता,",hindi
train/hindi/K_image_993_176.jpg,विलग,hindi
train/hindi/K_image_993_177.jpg,डालता,hindi
train/hindi/K_image_993_178.jpg,या,hindi
train/hindi/K_image_993_179.jpg,दुरूपयोग,hindi
train/hindi/K_image_993_180.jpg,करते‍,hindi
train/hindi/K_image_993_181.jpg,हुए,hindi
train/hindi/K_image_993_182.jpg,पाया,hindi
train/hindi/K_image_993_183.jpg,जाता,hindi
train/hindi/K_image_993_184.jpg,उसे,hindi
train/hindi/K_image_993_185.jpg,इस,hindi
train/hindi/K_image_993_186.jpg,अपकृत्य,hindi
train/hindi/K_image_993_187.jpg,के‌,hindi
train/hindi/K_image_993_188.jpg,लिए,hindi
train/hindi/K_image_993_190.jpg,एक,hindi
train/hindi/K_image_993_191.jpg,लाख,hindi
train/hindi/K_image_993_192.jpg,रूपये),hindi
train/hindi/K_image_993_193.jpg,तक‍,hindi
train/hindi/K_image_993_194.jpg,का,hindi
train/hindi/K_image_993_195.jpg,जुर्माना,hindi
train/hindi/K_image_993_196.jpg,दोनों,hindi
train/hindi/K_image_993_197.jpg,प्रकार,hindi
train/hindi/K_image_993_198.jpg,से,hindi
train/hindi/K_image_993_199.jpg,दण्डित,hindi
train/hindi/K_image_993_200.jpg,किया,hindi
train/hindi/K_image_993_201.jpg,जा,hindi
train/hindi/K_image_993_202.jpg,सकता,hindi
train/hindi/K_image_993_33.jpg,है।,hindi
train/hindi/K_image_993_34.jpg,अथवा,hindi
train/hindi/K_image_993_36.jpg,या रू.,hindi
train/hindi/K_image_993_37.jpg,कारावास,hindi
train/hindi/K_image_993_38.jpg,का‍,hindi
train/hindi/K_image_993_39.jpg,तक‍,hindi
train/hindi/K_image_993_40.jpg,साल,hindi
train/hindi/K_image_993_41.jpg,"तो,",hindi
train/hindi/K_image_993_42.jpg,हैे,hindi
train/hindi/K_image_993_43.jpg,में,hindi
train/hindi/K_image_993_44.jpg,खतरे,hindi
train/hindi/K_image_993_45.jpg,करता,hindi
train/hindi/K_image_993_46.jpg,कुरूप,hindi
train/hindi/K_image_993_47.jpg,"करता,",hindi
train/hindi/K_image_993_48.jpg,परिवर्तित,hindi
train/hindi/K_image_993_49.jpg,अथवा,hindi
train/hindi/K_image_993_50.jpg,नष्‍ट,hindi
train/hindi/K_image_993_51.jpg,को‌,hindi
train/hindi/K_image_993_52.jpg,भी,hindi
train/hindi/K_image_993_53.jpg,यदि,hindi
train/hindi/K_image_993_54.jpg,के‌,hindi
train/hindi/K_image_993_55.jpg,अधिनियम,hindi
train/hindi/K_image_993_56.jpg,(संशोधन,hindi
train/hindi/K_image_993_57.jpg,व,hindi
train/hindi/K_image_993_58.jpg,पुरातात्विय,hindi
train/hindi/K_image_993_59.jpg,प्राचीन,hindi
train/hindi/K_image_993_60.jpg,तथा,hindi
train/hindi/K_image_993_61.jpg,है,hindi
train/hindi/K_image_993_62.jpg,गया,hindi
train/hindi/K_image_993_63.jpg,किया,hindi
train/hindi/K_image_993_64.jpg,अवशेष,hindi
train/hindi/K_image_993_65.jpg,व,hindi
train/hindi/K_image_993_66.jpg,स्थल,hindi
train/hindi/K_image_993_67.jpg,पुरातात्विय,hindi
train/hindi/K_image_993_68.jpg,एवं,hindi
train/hindi/K_image_993_69.jpg,प्राचीन,hindi
train/hindi/K_image_993_70.jpg,स्मारक,hindi
train/hindi/K_image_993_71.jpg,यह,hindi
train/hindi/K_image_993_72.jpg,सर्वेक्षण,hindi
train/hindi/K_image_993_73.jpg,पुरातत्व,hindi
train/hindi/K_image_993_74.jpg,भारतीय,hindi
train/hindi/K_image_996_0.jpg,सर्वेक्षण,hindi
train/hindi/K_image_996_1.jpg,पुरातत्त्व,hindi
train/hindi/K_image_996_2.jpg,भारतीय,hindi
train/hindi/L_image_1000_1.jpg,विजयवाडा,hindi
train/hindi/L_image_1000_4.jpg,हवाई,hindi
train/hindi/L_image_1000_5.jpg,अड्डा,hindi
train/hindi/L_image_1001_0.jpg,अड्‌डा,hindi
train/hindi/L_image_1001_3.jpg,विजयवाडा,hindi
train/hindi/L_image_1001_4.jpg,हवाई,hindi
train/hindi/L_image_1003_1.jpg,जंक्शन,hindi
train/hindi/L_image_1003_2.jpg,विजयवाड़ा,hindi
train/hindi/L_image_1006_1.jpg,पिठापुरम,hindi
train/hindi/L_image_1019_0.jpg,द्वार,hindi
train/hindi/L_image_1019_1.jpg,प्रवेश,hindi
train/hindi/L_image_1019_4.jpg,विजयवाडा,hindi
train/hindi/L_image_1019_6.jpg,पूर्व,hindi
train/hindi/L_image_1021_0.jpg,दपरे,hindi
train/hindi/L_image_1021_10.jpg,विकाराबाद.,hindi
train/hindi/L_image_1021_12.jpg,खतरा,hindi
train/hindi/L_image_1021_14.jpg,वातानुकूलित 2 टियर,hindi
train/hindi/L_image_1021_2.jpg,वातानुकूलित,hindi
train/hindi/L_image_1021_3.jpg,जं.,hindi
train/hindi/L_image_1021_6.jpg,रवतरा,hindi
train/hindi/L_image_1025_4.jpg,दुरंतो,hindi
train/hindi/L_image_1025_6.jpg,एक्सप्रेस,hindi
train/hindi/L_image_1026_0.jpg,पिठापुरम,hindi
train/hindi/L_image_1044_2.jpg,जं.,hindi
train/hindi/L_image_1044_3.jpg,विजयनगरम,hindi
train/hindi/L_image_1054_3.jpg,विजयनगरम,hindi
train/hindi/L_image_1054_4.jpg,जंक्शन ,hindi
train/hindi/L_image_1055_1.jpg,कंटकापल्लि,hindi
train/hindi/L_image_1058_3.jpg,वंगपल्ली,hindi
train/hindi/L_image_106_1.jpg,लालागुडा,hindi
train/hindi/L_image_106_2.jpg,रेल,hindi
train/hindi/L_image_106_3.jpg,भारतीय,hindi
train/hindi/L_image_106_6.jpg,आलेर,hindi
train/hindi/L_image_1060_1.jpg,वरंगल ,hindi
train/hindi/L_image_1063_2.jpg,लकडिकापूल,hindi
train/hindi/L_image_1072_1.jpg,यादाद्रि,hindi
train/hindi/L_image_1074_1.jpg,ऐपेंडु,hindi
train/hindi/L_image_1075_1.jpg,अन्नवरम,hindi
train/hindi/L_image_1075_4.jpg,डब्ल्यू,hindi
train/hindi/L_image_1075_5.jpg,दमरे,hindi
train/hindi/L_image_1075_6.jpg,बी जेड ए,hindi
train/hindi/L_image_1076_1.jpg,पिठापुरम,hindi
train/hindi/L_image_114_0.jpg,दुब्बडा,hindi
train/hindi/L_image_116_4.jpg,चागल्लु ,hindi
train/hindi/L_image_123_1.jpg,आदोनि,hindi
train/hindi/L_image_124_13.jpg,तिरुपति,hindi
train/hindi/L_image_124_14.jpg,हवाईअड्डा,hindi
train/hindi/L_image_124_3.jpg,अंतराष्ट्रीय,hindi
train/hindi/L_image_124_6.jpg,विमानपतन,hindi
train/hindi/L_image_124_7.jpg,भारतीय,hindi
train/hindi/L_image_124_8.jpg,प्राधिकरण,hindi
train/hindi/L_image_125_4.jpg,केवलरी ,hindi
train/hindi/L_image_125_5.jpg,ब्यारक्स,hindi
train/hindi/L_image_126_1.jpg,ब्यारकस,hindi
train/hindi/L_image_126_2.jpg,केवलरी,hindi
train/hindi/L_image_128_1.jpg,अककुर्ती,hindi
train/hindi/L_image_128_3.jpg,अककुर्ती ,hindi
train/hindi/L_image_129_1.jpg,अलमंडा,hindi
train/hindi/L_image_131_2.jpg,आलेर,hindi
train/hindi/L_image_135_1.jpg,अलवाल,hindi
train/hindi/L_image_136_2.jpg,श्रीकाकुलम,hindi
train/hindi/L_image_136_3.jpg,रोड,hindi
train/hindi/L_image_141_3.jpg,गुडा,hindi
train/hindi/L_image_141_4.jpg,अम्मु,hindi
train/hindi/L_image_141_8.jpg,अम्मु,hindi
train/hindi/L_image_141_9.jpg,गुडा,hindi
train/hindi/L_image_145_0.jpg,आसनसोल,hindi
train/hindi/L_image_145_2.jpg,अनकापल्ली,hindi
train/hindi/L_image_145_6.jpg,अनकापल्ली ,hindi
train/hindi/L_image_147_3.jpg,अनपर्ति,hindi
train/hindi/L_image_147_5.jpg,अनपर्ति,hindi
train/hindi/L_image_148_2.jpg,अनंतपुर,hindi
train/hindi/L_image_154_2.jpg,अंगलकुदुरु,hindi
train/hindi/L_image_165_4.jpg,काँलेज,hindi
train/hindi/L_image_165_5.jpg,आर्ट्‌स,hindi
train/hindi/L_image_171_107.jpg,अष्टलक्ष्मी,hindi
train/hindi/L_image_171_108.jpg,देवालय,hindi
train/hindi/L_image_171_2.jpg,पीना,hindi
train/hindi/L_image_171_3.jpg,नहीं,hindi
train/hindi/L_image_171_4.jpg,पानी,hindi
train/hindi/L_image_171_5.jpg,फोडके,hindi
train/hindi/L_image_171_6.jpg,नारियल,hindi
train/hindi/L_image_175_4.jpg,मंडप,hindi
train/hindi/L_image_175_5.jpg,विवाह,hindi
train/hindi/L_image_175_6.jpg,काकतीया,hindi
train/hindi/L_image_177_1.jpg,प्रकृति,hindi
train/hindi/L_image_177_6.jpg,चिकित्सालय,hindi
train/hindi/L_image_179_3.jpg,मलुगूर,hindi
train/hindi/L_image_180_0.jpg,बादमपूडि,hindi
train/hindi/L_image_181_1.jpg,बाल,hindi
train/hindi/L_image_181_14.jpg,किड्स,hindi
train/hindi/L_image_181_19.jpg,दीप्ति,hindi
train/hindi/L_image_181_20.jpg,महिला,hindi
train/hindi/L_image_181_21.jpg,समिति,hindi
train/hindi/L_image_181_26.jpg,भवन,hindi
train/hindi/L_image_181_8.jpg,कॉर्नर,hindi
train/hindi/L_image_181_9.jpg,दीप्ति,hindi
train/hindi/L_image_185_1.jpg,बारुवा,hindi
train/hindi/L_image_188_1.jpg,बेगमपेट,hindi
train/hindi/L_image_189_0.jpg,बेगमपेट,hindi
train/hindi/L_image_190_2.jpg,बेगमपेट,hindi
train/hindi/L_image_192_1.jpg,बेतमचर्ला ,hindi
train/hindi/L_image_193_1.jpg,बेतमचर्ला ,hindi
train/hindi/L_image_197_2.jpg,भुवनगिरी,hindi
train/hindi/L_image_204_1.jpg,बीबीनगर,hindi
train/hindi/L_image_207_1.jpg,बिक्कवोलु,hindi
train/hindi/L_image_212_2.jpg,बोनाकालु,hindi
train/hindi/L_image_214_2.jpg,ब्राह्मणगूडेम,hindi
train/hindi/L_image_230_1.jpg,चागल्लु,hindi
train/hindi/L_image_232_1.jpg,चैतन्यपुरी,hindi
train/hindi/L_image_243_2.jpg,चिमिडिपल्लि ,hindi
train/hindi/L_image_244_6.jpg,चिमिडिपल्लि ,hindi
train/hindi/L_image_245_2.jpg,चिमिडिपल्लि,hindi
train/hindi/L_image_246_2.jpg,चिंतलपल्ली ,hindi
train/hindi/L_image_250_2.jpg,चिट्टिगिडा,hindi
train/hindi/L_image_26_1.jpg,प्रेस,hindi
train/hindi/L_image_26_2.jpg,ऐक्स,hindi
train/hindi/L_image_26_3.jpg,शातवाहन,hindi
train/hindi/L_image_264_2.jpg,कड़पा,hindi
train/hindi/L_image_271_5.jpg,देवरपल्लि,hindi
train/hindi/L_image_272_1.jpg,जं,hindi
train/hindi/L_image_272_2.jpg,धर्मवरम,hindi
train/hindi/L_image_273_3.jpg,धर्मवरम,hindi
train/hindi/L_image_273_6.jpg,जंक्शन,hindi
train/hindi/L_image_279_10.jpg,दोनकोंडा,hindi
train/hindi/L_image_279_12.jpg,द.म रेलवे.,hindi
train/hindi/L_image_280_1.jpg,दोनकोंडा,hindi
train/hindi/L_image_282_0.jpg,डोर्नकल,hindi
train/hindi/L_image_282_2.jpg,जंक्शन ,hindi
train/hindi/L_image_283_1.jpg,दोसपाडू,hindi
train/hindi/L_image_287_1.jpg,दुव्वाडा,hindi
train/hindi/L_image_288_2.jpg,दुव्वाडा,hindi
train/hindi/L_image_288_4.jpg,दुव्वाडा,hindi
train/hindi/L_image_293_2.jpg,द्वारपुडि ,hindi
train/hindi/L_image_297_2.jpg,एलमंचिली ,hindi
train/hindi/L_image_299_1.jpg,एलूरू,hindi
train/hindi/L_image_300_1.jpg,एलुरू,hindi
train/hindi/L_image_300_4.jpg,एलूरू,hindi
train/hindi/L_image_302_2.jpg,ऐलूरू,hindi
train/hindi/L_image_303_1.jpg,एलुरु ,hindi
train/hindi/L_image_306_1.jpg,पिठापुरम,hindi
train/hindi/L_image_306_3.jpg,पिठापुरम,hindi
train/hindi/L_image_307_11.jpg,अष्टलक्ष्मी,hindi
train/hindi/L_image_307_12.jpg,कल्याण,hindi
train/hindi/L_image_307_13.jpg,मंडप,hindi
train/hindi/L_image_31_1.jpg,बैंगलुर,hindi
train/hindi/L_image_31_6.jpg,काचीगुडा,hindi
train/hindi/L_image_31_7.jpg,दम,hindi
train/hindi/L_image_321_5.jpg,गदवाल,hindi
train/hindi/L_image_326_7.jpg,गॉधी,hindi
train/hindi/L_image_326_8.jpg,हॉस्पिटल,hindi
train/hindi/L_image_334_2.jpg,घनापूर,hindi
train/hindi/L_image_336_2.jpg,गिद्दलूर,hindi
train/hindi/L_image_38_1.jpg,अन्नवरम,hindi
train/hindi/L_image_383_1.jpg,गुणदला ,hindi
train/hindi/L_image_385_1.jpg,पोचमपल्लि,hindi
train/hindi/L_image_385_2.jpg,गुन्डला,hindi
train/hindi/L_image_403_5.jpg,मलुगूर,hindi
train/hindi/L_image_403_9.jpg,खतरा,hindi
train/hindi/L_image_406_4.jpg,एयरब्रेक,hindi
train/hindi/L_image_406_7.jpg,अम्मु,hindi
train/hindi/L_image_406_8.jpg,गुडा,hindi
train/hindi/L_image_407_31.jpg,हब्सिगूडा,hindi
train/hindi/L_image_408_1.jpg,हंसवरम ,hindi
train/hindi/L_image_411_4.jpg,हसनपर्ती,hindi
train/hindi/L_image_411_5.jpg,रोड,hindi
train/hindi/L_image_414_4.jpg,हिंदूपुर,hindi
train/hindi/L_image_414_8.jpg,हिंदूपुर,hindi
train/hindi/L_image_416_1.jpg,सिटी,hindi
train/hindi/L_image_416_5.jpg,हाइ,hindi
train/hindi/L_image_416_6.jpg,टेक्,hindi
train/hindi/L_image_418_1.jpg,मेमोरियल,hindi
train/hindi/L_image_418_4.jpg,विक्टोरिया,hindi
train/hindi/L_image_419_1.jpg,विक्टोरिया,hindi
train/hindi/L_image_419_6.jpg,मेमोरियल,hindi
train/hindi/L_image_427_4.jpg,इच्छापुरम,hindi
train/hindi/L_image_434_1.jpg,ब्यारकस,hindi
train/hindi/L_image_434_2.jpg,केवलरी,hindi
train/hindi/L_image_435_4.jpg,केवलरी,hindi
train/hindi/L_image_435_5.jpg,ब्यारकस,hindi
train/hindi/L_image_436_3.jpg,डब्ल्यु,hindi
train/hindi/L_image_436_8.jpg,केवलरी,hindi
train/hindi/L_image_436_9.jpg,ब्यारकस,hindi
train/hindi/L_image_437_1.jpg,डी पी 4 बी,hindi
train/hindi/L_image_437_10.jpg,भगत,hindi
train/hindi/L_image_437_2.jpg,डब्ल्यू,hindi
train/hindi/L_image_437_5.jpg,ब्यारकस,hindi
train/hindi/L_image_437_6.jpg,केवलरी,hindi
train/hindi/L_image_438_11.jpg,डब्ल्यू,hindi
train/hindi/L_image_438_12.jpg,डी,hindi
train/hindi/L_image_438_13.jpg,पी,hindi
train/hindi/L_image_438_14.jpg,ब्वारक्स,hindi
train/hindi/L_image_438_5.jpg,ब्यारकस ,hindi
train/hindi/L_image_438_9.jpg,केवलरी,hindi
train/hindi/L_image_443_5.jpg,जमै,hindi
train/hindi/L_image_443_6.jpg,उस्मानिया,hindi
train/hindi/L_image_445_3.jpg,जम्मलमडुगु,hindi
train/hindi/L_image_449_1.jpg,कर्नूल,hindi
train/hindi/L_image_449_3.jpg,अनंतपूर,hindi
train/hindi/L_image_449_5.jpg,बेंगुलूरू,hindi
train/hindi/L_image_455_3.jpg,कैकरम,hindi
train/hindi/L_image_463_3.jpg,कंटकापल्लि,hindi
train/hindi/L_image_466_1.jpg,करीमनगर,hindi
train/hindi/L_image_476_2.jpg,केसमुद्रम,hindi
train/hindi/L_image_478_1.jpg,खैरताबाद,hindi
train/hindi/L_image_478_7.jpg,खैरताबाद,hindi
train/hindi/L_image_480_0.jpg,खम्मम,hindi
train/hindi/L_image_480_2.jpg,खम्मम,hindi
train/hindi/L_image_490_1.jpg,कोंडापुरम,hindi
train/hindi/L_image_494_3.jpg,कोरुकोंडा,hindi
train/hindi/L_image_495_1.jpg,कोरुकोंडा,hindi
train/hindi/L_image_499_2.jpg,कृष्णाकेनाल,hindi
train/hindi/L_image_499_3.jpg,जंक्शन,hindi
train/hindi/L_image_5_0.jpg,दम,hindi
train/hindi/L_image_5_3.jpg,दयानन्द,hindi
train/hindi/L_image_5_4.jpg,नगर,hindi
train/hindi/L_image_500_2.jpg,कृष्णा,hindi
train/hindi/L_image_504_12.jpg,28.9मी2,hindi
train/hindi/L_image_504_7.jpg,लिंगमपल्ली,hindi
train/hindi/L_image_504_9.jpg,टेयर,hindi
train/hindi/L_image_511_1.jpg,गेट,hindi
train/hindi/L_image_511_2.jpg,लालागुडा,hindi
train/hindi/L_image_512_2.jpg,गेट,hindi
train/hindi/L_image_512_5.jpg,लालागुडा,hindi
train/hindi/L_image_514_1.jpg,लिंगमपल्ली,hindi
train/hindi/L_image_515_2.jpg,लिंगमपल्ली,hindi
train/hindi/L_image_516_2.jpg,लिंगमपल्ली,hindi
train/hindi/L_image_523_2.jpg,स्टेशन,hindi
train/hindi/L_image_523_3.jpg,बस,hindi
train/hindi/L_image_523_9.jpg,एम.जि.,hindi
train/hindi/L_image_524_3.jpg,सिकंदराबाद,hindi
train/hindi/L_image_531_1.jpg,मधुरानगर ,hindi
train/hindi/L_image_534_2.jpg,महबुबाबाद,hindi
train/hindi/L_image_537_0.jpg,पार्किंग,hindi
train/hindi/L_image_537_1.jpg,का‍र,hindi
train/hindi/L_image_537_10.jpg,का‍र,hindi
train/hindi/L_image_537_11.jpg,पार्किंग,hindi
train/hindi/L_image_537_16.jpg,काजीपेट,hindi
train/hindi/L_image_537_17.jpg,जंक्शन,hindi
train/hindi/L_image_539_2.jpg,मलकपेट,hindi
train/hindi/L_image_540_1.jpg,मलकपेट,hindi
train/hindi/L_image_548_15.jpg,लिए,hindi
train/hindi/L_image_548_16.jpg,पार्किंग,hindi
train/hindi/L_image_548_18.jpg,एम्बुलेंस,hindi
train/hindi/L_image_548_19.jpg,पार्किंग,hindi
train/hindi/L_image_548_4.jpg,के,hindi
train/hindi/L_image_548_5.jpg,दिव्यागजन,hindi
train/hindi/L_image_549_2.jpg,मंचिर्याल,hindi
train/hindi/L_image_551_1.jpg,रोड,hindi
train/hindi/L_image_551_3.jpg,मन्दसा,hindi
train/hindi/L_image_554_1.jpg,मंटपमपली,hindi
train/hindi/L_image_555_2.jpg,रोड,hindi
train/hindi/L_image_555_3.jpg,मंत्रलयम,hindi
train/hindi/L_image_558_1.jpg,पी.एच,hindi
train/hindi/L_image_558_2.jpg,मर्रीपालेम,hindi
train/hindi/L_image_559_1.jpg,पी॰एच॰,hindi
train/hindi/L_image_559_4.jpg,मर्रीपालेम,hindi
train/hindi/L_image_562_2.jpg,मेट्टुगूडा,hindi
train/hindi/L_image_571_7.jpg,मौला,hindi
train/hindi/L_image_571_8.jpg,अलि,hindi
train/hindi/L_image_576_1.jpg,ब्यारकस,hindi
train/hindi/L_image_576_4.jpg,डब्ल्यूडीजि,hindi
train/hindi/L_image_583_2.jpg,लोको,hindi
train/hindi/L_image_583_3.jpg,डीजल,hindi
train/hindi/L_image_583_8.jpg,केवलरी,hindi
train/hindi/L_image_583_9.jpg,ब्वारक्स,hindi
train/hindi/L_image_584_6.jpg,निज़ामाबाद,hindi
train/hindi/L_image_585_1.jpg,निजामाबाद,hindi
train/hindi/L_image_587_3.jpg,जंक्शन,hindi
train/hindi/L_image_587_4.jpg,नडिकुडि,hindi
train/hindi/L_image_589_1.jpg,नागलपल्ली,hindi
train/hindi/L_image_590_1.jpg,नागलावंचा,hindi
train/hindi/L_image_594_1.jpg,उमरे,hindi
train/hindi/L_image_594_3.jpg,वापसी,hindi
train/hindi/L_image_594_5.jpg,नल्लपाडु,hindi
train/hindi/L_image_600_4.jpg,रेणिगुंटा,hindi
train/hindi/L_image_600_5.jpg,जंकशन,hindi
train/hindi/L_image_603_1.jpg,गोदावरी,hindi
train/hindi/L_image_604_1.jpg,स्ट्रीट,hindi
train/hindi/L_image_604_2.jpg,जेम्स,hindi
train/hindi/L_image_606_2.jpg,रामकिस्टापुरम,hindi
train/hindi/L_image_606_5.jpg,गेट,hindi
train/hindi/L_image_607_2.jpg,ताडेपल्लिगडेम ,hindi
train/hindi/L_image_608_1.jpg,आलेर,hindi
train/hindi/L_image_610_13.jpg,स्टेशन,hindi
train/hindi/L_image_610_5.jpg,नंदलूरू,hindi
train/hindi/L_image_610_6.jpg,ओ.पी,hindi
train/hindi/L_image_610_7.jpg,पुलिस,hindi
train/hindi/L_image_610_8.jpg,रेलवे,hindi
train/hindi/L_image_610_9.jpg,राज,hindi
train/hindi/L_image_613_1.jpg,नरसिंगपल्लि,hindi
train/hindi/L_image_615_1.jpg,नरसापूर,hindi
train/hindi/L_image_616_4.jpg,नर्सीपटनम,hindi
train/hindi/L_image_616_5.jpg,रोड,hindi
train/hindi/L_image_619_2.jpg,रोड,hindi
train/hindi/L_image_619_3.jpg,नर्सीपटनम,hindi
train/hindi/L_image_622_4.jpg,चिकित्सालय,hindi
train/hindi/L_image_622_5.jpg,प्रकृति,hindi
train/hindi/L_image_623_1.jpg,जंक्शन,hindi
train/hindi/L_image_623_2.jpg,नौ,hindi
train/hindi/L_image_624_2.jpg,नौपाडा,hindi
train/hindi/L_image_624_3.jpg,जंक्शन,hindi
train/hindi/L_image_626_1.jpg,नेल्लिमाली,hindi
train/hindi/L_image_627_1.jpg,नेल्लिमार्ला,hindi
train/hindi/L_image_628_1.jpg,नेल्लिमार्ला,hindi
train/hindi/L_image_63_11.jpg,एदुलाबाद,hindi
train/hindi/L_image_63_6.jpg,टाउन,hindi
train/hindi/L_image_63_8.jpg,हैदराबाद ,hindi
train/hindi/L_image_63_9.jpg,घटकेसर,hindi
train/hindi/L_image_632_1.jpg,निड़दवोलु,hindi
train/hindi/L_image_632_3.jpg,जंक्शन ,hindi
train/hindi/L_image_633_1.jpg,निडमानूरू,hindi
train/hindi/L_image_636_1.jpg,ब्यारकस,hindi
train/hindi/L_image_636_4.jpg,केवलरी,hindi
train/hindi/L_image_637_2.jpg,निजामाबाद,hindi
train/hindi/L_image_638_2.jpg,निजामाबाद,hindi
train/hindi/L_image_639_2.jpg,निजामाबाद,hindi
train/hindi/L_image_640_2.jpg,रोड,hindi
train/hindi/L_image_640_3.jpg,जुराला ,hindi
train/hindi/L_image_640_7.jpg,प्रियदर्शिनी,hindi
train/hindi/L_image_640_8.jpg,प्रेजेक्ट,hindi
train/hindi/L_image_642_3.jpg,सिम्हाचलम्,hindi
train/hindi/L_image_642_4.jpg,उत्तर ,hindi
train/hindi/L_image_643_1.jpg,उत्तर,hindi
train/hindi/L_image_643_10.jpg,सिम्हाचलम,hindi
train/hindi/L_image_643_3.jpg,सिम्हाचलम्,hindi
train/hindi/L_image_643_4.jpg,उत्तर,hindi
train/hindi/L_image_644_4.jpg,न्यू,hindi
train/hindi/L_image_644_5.jpg,गुंटूर,hindi
train/hindi/L_image_646_0.jpg,करें,hindi
train/hindi/L_image_646_1.jpg,पेट्रोलियम,hindi
train/hindi/L_image_646_10.jpg,लूज,hindi
train/hindi/L_image_646_5.jpg,प म रे,hindi
train/hindi/L_image_646_6.jpg,न,hindi
train/hindi/L_image_646_7.jpg,शंटिग,hindi
train/hindi/L_image_646_8.jpg,काचीगुडा,hindi
train/hindi/L_image_646_9.jpg,दूषित,hindi
train/hindi/L_image_649_3.jpg, ब्यारकस,hindi
train/hindi/L_image_649_4.jpg,केवलरी,hindi
train/hindi/L_image_652_1.jpg,ओंगोल ,hindi
train/hindi/L_image_652_4.jpg,ओंगोल,hindi
train/hindi/L_image_654_1.jpg,ओंगोल,hindi
train/hindi/L_image_654_4.jpg,ओंगोल,hindi
train/hindi/L_image_659_2.jpg,पडुगुपाडु,hindi
train/hindi/L_image_659_8.jpg,पड़गपाड़ ,hindi
train/hindi/L_image_660_2.jpg,पाकाला,hindi
train/hindi/L_image_660_6.jpg,जंक्शन,hindi
train/hindi/L_image_662_3.jpg,पाकाला,hindi
train/hindi/L_image_662_4.jpg,जंक्शन ,hindi
train/hindi/L_image_676_1.jpg,ग्राउण्ड,hindi
train/hindi/L_image_676_2.jpg,परेड,hindi
train/hindi/L_image_678_1.jpg,पार्वतीपुरम,hindi
train/hindi/L_image_681_0.jpg,लिंगमपल्ली,hindi
train/hindi/L_image_685_11.jpg,होशियार,hindi
train/hindi/L_image_685_2.jpg,प्रबन्धक,hindi
train/hindi/L_image_685_20.jpg,उप.,hindi
train/hindi/L_image_685_21.jpg,स्टेशन,hindi
train/hindi/L_image_685_22.jpg,प्रबन्धक,hindi
train/hindi/L_image_685_24.jpg,बी.ए.पी.,hindi
train/hindi/L_image_685_25.jpg,प्रतीक्षालय,hindi
train/hindi/L_image_685_3.jpg,स्टेशन,hindi
train/hindi/L_image_686_1.jpg,पेद्दावडलापुडी,hindi
train/hindi/L_image_688_2.jpg,पेम्बरती ,hindi
train/hindi/L_image_691_1.jpg,पेन्द्रर्ति,hindi
train/hindi/L_image_692_2.jpg,पेन्दुर्ति,hindi
train/hindi/L_image_693_1.jpg,पेन्दुर्ति,hindi
train/hindi/L_image_695_1.jpg,पिठापुरम,hindi
train/hindi/L_image_696_1.jpg,पीलेर,hindi
train/hindi/L_image_698_2.jpg,पिठापुरम,hindi
train/hindi/L_image_700_1.jpg,पिठापुरम,hindi
train/hindi/L_image_701_2.jpg,पिठापुरम,hindi
train/hindi/L_image_701_5.jpg,पिठापुरम,hindi
train/hindi/L_image_702_1.jpg,पिठापुरम,hindi
train/hindi/L_image_711_1.jpg,पवरपेट,hindi
train/hindi/L_image_712_11.jpg,श्री,hindi
train/hindi/L_image_712_12.jpg,सत्यसाई ,hindi
train/hindi/L_image_712_13.jpg,निलयम ,hindi
train/hindi/L_image_712_3.jpg,प्रशांति,hindi
train/hindi/L_image_712_6.jpg,निलयम ,hindi
train/hindi/L_image_712_7.jpg,सत्यसाई ,hindi
train/hindi/L_image_712_8.jpg,प्रशान्ति,hindi
train/hindi/L_image_714_2.jpg,प्रोद्दुटूरु,hindi
train/hindi/L_image_715_3.jpg,प्रोद्दुटूरु,hindi
train/hindi/L_image_720_1.jpg,पार्वतीपुरम,hindi
train/hindi/L_image_726_2.jpg,पलासा,hindi
train/hindi/L_image_732_1.jpg,राजमंड्री ,hindi
train/hindi/L_image_732_4.jpg,राजमंड्री,hindi
train/hindi/L_image_733_14.jpg,रास्ता,hindi
train/hindi/L_image_733_15.jpg,लिए,hindi
train/hindi/L_image_733_16.jpg,के,hindi
train/hindi/L_image_733_17.jpg,कार्यालय,hindi
train/hindi/L_image_733_18.jpg,बुकिंग,hindi
train/hindi/L_image_733_19.jpg,पूर्व,hindi
train/hindi/L_image_733_29.jpg,पार्किंग,hindi
train/hindi/L_image_733_30.jpg,नहीं।,hindi
train/hindi/L_image_733_37.jpg,प्लेटफार्म नं.,hindi
train/hindi/L_image_735_1.jpg,राजमंड्री,hindi
train/hindi/L_image_736_1.jpg,राजमंड्री,hindi
train/hindi/L_image_737_10.jpg,उच्च,hindi
train/hindi/L_image_737_11.jpg,कर्षण,hindi
train/hindi/L_image_737_4.jpg,आदेशानुसार,hindi
train/hindi/L_image_737_5.jpg,वोल्टेज,hindi
train/hindi/L_image_737_6.jpg,सावधान,hindi
train/hindi/L_image_737_7.jpg,राजमंड्री,hindi
train/hindi/L_image_738_1.jpg,राजमंड्री,hindi
train/hindi/L_image_744_3.jpg,रामगुंडम,hindi
train/hindi/L_image_745_4.jpg,बैंक,hindi
train/hindi/L_image_745_5.jpg,स्टेट,hindi
train/hindi/L_image_745_8.jpg,रामगुंडम,hindi
train/hindi/L_image_753_3.jpg,रामवरप्पाडु,hindi
train/hindi/L_image_756_1.jpg,रंगेपल्लि,hindi
train/hindi/L_image_759_1.jpg,रसूलपुरा,hindi
train/hindi/L_image_760_1.jpg,राविकमपाड़,hindi
train/hindi/L_image_761_1.jpg,रायलचेरुवु ,hindi
train/hindi/L_image_763_1.jpg,रायलचेरूवु,hindi
train/hindi/L_image_764_2.jpg,केवलरी,hindi
train/hindi/L_image_764_6.jpg,ब्यारकस,hindi
train/hindi/L_image_765_0.jpg,डब्लयु डी एम,hindi
train/hindi/L_image_765_3.jpg,ब्यारक्स,hindi
train/hindi/L_image_765_4.jpg,केवलरी ,hindi
train/hindi/L_image_765_9.jpg,डब्ल्यूडीपी,hindi
train/hindi/L_image_766_5.jpg,केवलरी,hindi
train/hindi/L_image_766_6.jpg,ब्यारकस,hindi
train/hindi/L_image_781_3.jpg,ब्यारकस,hindi
train/hindi/L_image_781_6.jpg,केवलरी,hindi
train/hindi/L_image_783_11.jpg,डब्ल्यू डी पी 4,hindi
train/hindi/L_image_783_12.jpg,जीएसएल,hindi
train/hindi/L_image_783_5.jpg,ब्यारकस,hindi
train/hindi/L_image_783_8.jpg,केवलरी,hindi
train/hindi/L_image_784_1.jpg,सिरिपुरम,hindi
train/hindi/L_image_787_3.jpg,सफ़िलगुडा,hindi
train/hindi/L_image_787_7.jpg,सफ़िल,hindi
train/hindi/L_image_787_8.jpg,गुडा,hindi
train/hindi/L_image_801_1.jpg,संगमजागर्लभूडी,hindi
train/hindi/L_image_804_2.jpg,सिकंदराबाद,hindi
train/hindi/L_image_805_2.jpg,सिकंदराबाद,hindi
train/hindi/L_image_807_1.jpg,सामान,hindi
train/hindi/L_image_807_3.jpg,व्दितीय,hindi
train/hindi/L_image_807_6.jpg,सिकंदराबाद ,hindi
train/hindi/L_image_807_8.jpg,श्रेणी,hindi
train/hindi/L_image_814_3.jpg,उत्तर,hindi
train/hindi/L_image_814_4.jpg,सिम्हाचलम ,hindi
train/hindi/L_image_815_10.jpg,सिम्हाचलम्,hindi
train/hindi/L_image_815_8.jpg,उत्तर,hindi
train/hindi/L_image_816_3.jpg,सम्हाचलम,hindi
train/hindi/L_image_820_2.jpg,सिरिपुरम,hindi
train/hindi/L_image_821_3.jpg,सिताफलमंडी,hindi
train/hindi/L_image_825_3.jpg,बोलारम,hindi
train/hindi/L_image_850_3.jpg,प्रशांति,hindi
train/hindi/L_image_850_5.jpg,श्री,hindi
train/hindi/L_image_850_6.jpg,सत्यसाई,hindi
train/hindi/L_image_850_7.jpg,निलयम,hindi
train/hindi/L_image_864_13.jpg,बैंक,hindi
train/hindi/L_image_871_0.jpg,ताडिपत्रि,hindi
train/hindi/L_image_873_2.jpg,तरिगोप्पुला,hindi
train/hindi/L_image_893_13.jpg,महावीर,hindi
train/hindi/L_image_893_18.jpg,जिल्ला,hindi
train/hindi/L_image_893_2.jpg,महबूबनगर,hindi
train/hindi/L_image_893_5.jpg,पूडूर,hindi
train/hindi/L_image_895_20.jpg,क्रिष्णा,hindi
train/hindi/L_image_895_21.jpg,जिल्ला,hindi
train/hindi/L_image_895_3.jpg,विजयवाड,hindi
train/hindi/L_image_895_4.jpg,स्तंभ,hindi
train/hindi/L_image_895_5.jpg,चतुर्मख,hindi
train/hindi/L_image_912_4.jpg,तेनालिजंक्षन,hindi
train/hindi/L_image_913_1.jpg,तेनालीजं,hindi
train/hindi/L_image_930_1.jpg,तिलारू T,hindi
train/hindi/L_image_937_2.jpg,है,hindi
train/hindi/L_image_937_3.jpg,करता,hindi
train/hindi/L_image_937_4.jpg,स्वागत,hindi
train/hindi/L_image_937_5.jpg,आपका,hindi
train/hindi/L_image_937_6.jpg,रेल्वेस्टेशन,hindi
train/hindi/L_image_937_7.jpg,तिरूपति,hindi
train/hindi/L_image_942_1.jpg,तुनी,hindi
train/hindi/L_image_943_1.jpg,तुनि ,hindi
train/hindi/L_image_944_0.jpg,तुनी,hindi
train/hindi/L_image_946_1.jpg,तुनी,hindi
train/hindi/L_image_947_0.jpg,त्याडा,hindi
train/hindi/L_image_954_1.jpg,उप्पलूर,hindi
train/hindi/L_image_957_5.jpg,ॐ,hindi
train/hindi/L_image_958_1.jpg,केवलरी,hindi
train/hindi/L_image_958_5.jpg,डब्ल्यूडीएम3ए,hindi
train/hindi/L_image_958_8.jpg,ब्यारकस,hindi
train/hindi/L_image_959_0.jpg,4 डी,hindi
train/hindi/L_image_959_1.jpg,पी,hindi
train/hindi/L_image_959_10.jpg,ब्यारकस,hindi
train/hindi/L_image_959_2.jpg,डी,hindi
train/hindi/L_image_959_3.jpg,डब्ल्यू,hindi
train/hindi/L_image_959_6.jpg,केवलरी,hindi
train/hindi/L_image_961_1.jpg,अलि,hindi
train/hindi/L_image_961_2.jpg,मौला,hindi
train/hindi/L_image_974_1.jpg,वायलपाड,hindi
train/hindi/L_image_978_2.jpg,वेजेंन्डला,hindi
train/hindi/L_image_980_1.jpg,वेंडोडु,hindi
train/hindi/L_image_981_1.jpg,बेंडोडु,hindi
train/hindi/L_image_982_1.jpg,वेंकटगिरि,hindi
train/hindi/L_image_986_1.jpg,वेंकटगिरि,hindi
train/hindi/L_image_990_3.jpg,विद्यानगर,hindi
train/hindi/L_image_991_5.jpg,नेक्लेस,hindi
train/hindi/L_image_991_6.jpg,रोड,hindi
train/hindi/L_image_993_1.jpg,ताडि,hindi
train/hindi/L_image_994_1.jpg,विजयवाड़ा ,hindi
train/hindi/L_image_999_4.jpg,विजयवाडा,hindi
train/hindi/L_image_999_5.jpg,हवाई,hindi
train/hindi/L_image_999_6.jpg,अड्डा,hindi
